,,,,,,,Chrome: Quality,,,,,,,,,Edge: Quality,,,,,,,,,,,,,,
Evaluator,use_case,rubric_category,prompt,API,chrome_response,edge_response,Task Success,Formatting,Intent Understanding,Clarity/Coherence,Language,Factuality,Introductory sentence,Groundedness,Label Correctness,Task Success,Formatting,Intent Understanding,Clarity/Coherence,Language,Factuality,Introductory sentence,Groundedness,Label Correctness,Similarity (Are 2 responses similar enough?),Comment,Chrome average score,Edge average score,Double punctuations,
A,Use Case 1: Simple Data Parsing,Compressive,"I boarded a 1.30 AM flight to Toronto to meet my brother. A lufthansa flight from Pune to Toronto in 2017 would take 16 hours and had some very nice food. This was the first time I was traveling outside of the country, and that too alone and it felt like a big adventure that was 13,000 kms from everything I knew. I had barely left Mahrashtra to go to Goa, that it was funny that I was now going to a new continent altogether. I have never seen the Niagra Falls and it felt like my entire adventure was geared towards that. At the Toronto aiport, I bought a 200 rupee ticket to reach the closest Metro station. From there I made my first stop at Prajjwal and Smriti's house, my friends from India who had recently moved to TorontoAnalyse the text and try and extract information on how to get to the friend's house from Pune. Give me the steps to reach in 4 or less points.  

The response should not include an introductory sentence in the beginning like ""Here are the steps to reach the friends house""",Prompt,"The text doesn't provide details on *how* to get from Pune to Toronto. It only mentions a Lufthansa flight taking 16 hours in 2017. The narrative focuses on the experience of the journey and the arrival in Toronto. Therefore, I cannot extract steps for travel from Pune.",1. Book a Lufthansa flight from Pune to Toronto. 2. Travel to Toronto and buy a 200 rupee ticket to reach the closest Metro station. 3. Take public transport from the Metro station to Prajjwal and Smriti's house. 4. Arrive at Prajjwal and Smriti's house in Toronto..,1,1,2,5,5,5,5,5,N/A,5,1,5,5,5,4,5,5,N/A,1,"Edge: Double ending punctuation (period).

Chrome did not make an effort to use the existing information in the text as sufficient for travel details, Edge tried to make do.",3.63,4.38,TRUE,0
A,Use Case 1: Simple Data Parsing,Compressive,"Here are my top 5 US States for food:

5. Tennessee: Who doesn't know about the Nashville fried chicken, the hot fried chicken is so popular that it has put Tennessee on the global map. But it is not only nashville, but some argue that Memphis is what has better fried chicken. Tennesse is also known for its stellar barbeques
4. Lousianna: New Orleans has a starcast line up of delicious food - Muffulettas at Central Grocery, Oyster Rockefeller, King Cakes, Pralines, Sno-balls, Turtle soup, Bananas Fosters. While the city is known for its jazz and singing, it's food stops definitely live up to the expectations that one has from a city of artists and musicians. 
3. New York: A land of immigrants, is bound to spit out some banger foods. This isn't limited to the the NY Pizza or HotDog but the Delis, the Shwarmas, the Vietnamese and Indian cuisine, the abundance of street food, and some of the best wings the world has to offer: Buffalo
2. California: From the freshest fish tacos, to Mexican chilli empanadas, fresh sea food, a mix of cultural tastes makes california a must do for anyone who likes eating. The fresh produce, the wide variety of Indian, Japanese, and Mexican cuisines, and some smashing burgers all make for sunny cali to be your next food destination
1. Texas: The best food in the country has to be in texas, hands down. The best barbeques to the best tex-mex food. As Texas has an intermingling of cultures in some cities, these cities have chefs from all over the world coming to build some magical and insane food experiences. Name the state that is known for its fish-tacos. Please don't use sentences for introduction. Don't want any ""Here is the state known for the fish-tacos""",Prompt,California.,CaliforniaCalifornia,5,5,5,5,5,5,5,5,N/A,5,2,5,1,5,5,5,5,N/A,4,Edge: Double response (CaliforniaCalifornia).,5.00,4.13,FALSE,
A,Use Case 1: Simple Data Parsing,Compressive,"I went to Mumbai by the 6:50 AM bus, Shivneri MH 12 987867, which reaches Dadar Shivneri Bus Stop, in Mumbai at 10.50 AM. I took a 11.03 Churchgate local to go to the Kala Ghoda festival. The festival has many artisans from Rajasthan, Gujarat, Kashmir, Bihar, Madhya Pradesh, Tamil Nadu, Kerala, Assam, Tripura, and other states who come and display their work. I also went to eat at Bagdhadi, which has 60 rupee Naans and Chicken curry for 480 rupees. I took a boat from Colaba to Elephanta caves which are caves 10 kms from Mumbai, and built between 5th and 9th century CE. After spending 2-3 hours there, I took a boat back to Colaba. From there I went to Colaba causeway, which is a shopping lane where one cna get clothes, accessories, food, antiques, and other items. I decided to meet my friend, Meghana for dinner at Mahesh Lunch Home. Mahesh Lunch Home has many other outlets in Mumbai at Fort, Juhu, Kurla, Navi Mumbai, and Thane.List all the types of transports mentioned in this . But do not give me an introduction sentence, please provide the list directly. ",Prompt,"* Bus * Local train * Boat * Car (implied, for getting to/from Dadar to Churchgate)","Bus, local, boat boat",4,5,5,4,5,4,5,5,N/A,4,4,4,3,5,4,5,4,N/A,3,"Edge: Double ending response (boat boat).

Chrome did well except it added ""Car"" which it says is implied, but the task is to list which transportation modes are ""mentioned"". It is not clear from the text that the local transport was a train, but the model is smart enough to know this somehow.

Edge on the other hand gets ""bus"" right, but leaves ""local"" as is, which is not a mode of transportation. Then mentions boat twice, but repeating the last part of the response seems to be a problem with this model in general.",4.63,4.13,FALSE,
A,Use Case 1: Simple Data Parsing,Compressive,"This is an Investopedia Article about the 2008 Market Collapse: 
The Subprime Loan Boom
Banks often resell mortgages to financial institutions, which then market them as investments in interest payments. Big Wall Street banks marketed these mortgages as low-risk financial instruments after buying them from the banks. From this, a secondary market for loans was formed. In October 2004, the Securities and Exchange Commission relaxed requirements for five banks: Goldman Sachs, Merrill Lynch, Lehman Brother, Bear Strearns and Morgan Stanley, which lead to more risk-taking and allowed banks to leverage their investments.

Signs of Trouble
The housing market reached a saturation point once when the interest rates started to rise. In June 2004, the Fed began raising the rates and two years later the rate reached 5.25% which remained the same till August 2007. By 2004, U.S homeownership was at an all-time high reaching 69.2%. In early 2006, the prices of homes started to fall and this caused difficulty to Americans as the value of their homes was now less than what they initially invested. 

Important
New Century Financial, a subprime mortgage company, earned about $60 billion in mortgages in 2006 and filed for bankruptcy protection in the following year.
In 2007, Bear Stearns stopped redemptions in two of its hedge funds and in March 2008, the Bear Stearns name disappeared after it was acquired by JPMorgan Chase.Which date did the Fed start Raising rates? Do not add any intro statement, example ""Here is the date that the Fed...""",Prompt,June 2004,The Fed started raising rates in June 2004..,5,5,5,5,5,5,5,5,N/A,4,1,4,5,5,5,1,5,N/A,4,Edge: Double ending punctuation (period).,5.00,3.75,TRUE,
A,Use Case 1: Simple Data Parsing,Compressive,"I boarded a 1.30 AM flight to Toronto to meet my brother. A lufthansa flight from Pune to Toronto in 2017 would take 16 hours and had some very nice food. This was the first time I was traveling outside of the country, and that too alone and it felt like a big adventure that was 13,000 kms from everything I knew. I had barely left Mahrashtra to go to Goa, that it was funny that I was now going to a new continent altogether. I have never seen the Niagra Falls and it felt like my entire adventure was geared towards that. At the Toronto aiport, I bought a 200 rupee ticket to reach the closest Metro station. From there I made my first stop at Prajjwal and Smriti's house, my friends from India who had recently moved to TorontoHow far are Pune and Toronto from each other? Also, do not mention any introductory statements in the response. ",Prompt,"The distance between Pune, India and Toronto, Canada is approximately 13,000 kilometers (8,100 miles).","Pune and Toronto are approximately 13,000 kilometers apart..",5,5,5,5,5,5,4,5,N/A,5,1,5,5,5,5,5,5,N/A,4,"Edge: Double ending punctuation (period).

The models were asked to not make an introductory statement, technically Chrome did not provide one, but it could have made an effort to avoid an answer where it could be mistaken as an introductory statement.

Edge does a better job of getting straight into the answer.",4.88,4.50,TRUE,
A,Use Case 9: Quiz Generation,Generative,"The Times World News

The top most stories in bite sized pieces! Do your weekly round up of the most important stories in the world via the Times World App. Click on the stories below to get more information. 

1. The Reserve Bank of India (RBI) now has made a six-member Payments Regulatory Board (PRB), which has three nominees from the Central government who will overlook all the payment systems in the country.

2. Based on the latest National Crime Records Bureau data India has a recorded 27,721 cases of murder in 2023, a dip of 2.8% from 2022, while cybercrimes saw a 31.2% increase, with 86,420 cases reported. Further, Crimes against STs increased 28.8% in 2023, and about 12,960 cases were registered.

3. The Central Government has made an announcement that there are 100 Aspirational Agriculture Districts which will be developed under the Prime Minister Dhan-Dhaanya Krishi Yojana (PMDDKY) across the country, with Uttar Pradesh accounting for the most 12 districts.

4. While Trump has given a point by point plan on ceasefire in Gaza, there are loud explosions being heard in Gaza with the death toll rising everyday. This is day 3 of peace negotiations but Israel seems to not budge and continue with its targeted bombardment on Gaza

5. The Supreme Court of India has ordered the EC to clear the confusion around the Bihar Electoral roll and give the final count, which now stands at 7.42 crore eligible voters. This is higher than the number which was submitted before the SC took notice of the discrepancy in the Bihar Electoral rolls. After reading all the new clippings make 4 fill in the blank questions that are related to the  RBI and the  PMDDK Yojana. Give the response directly without mentioning any introductory line.",Prompt,1. The Reserve Bank of India (RBI) has established a six-member ______________ to oversee payment systems in the country. 2. The Prime Minister Dhan-Dhaanya Krishi Yojana (PMDDKY) aims to develop ______________ districts across India. 3. ____________ Pradesh has the highest number of districts (12) included in the PMDDKY program. 4. The Payments Regulatory Board (PRB) nominees are primarily from the ______________.,"1. The RBI has now made a six-member Payments Regulatory Board (PRB) which oversees all the payment systems in the country. 2. The Prime Minister Dhan-Dhaanya Krishi Yojana (PMDDKY) aims to develop 100 Aspirational Agriculture Districts across the country, with Uttar Pradesh accounting for the most 12 districts..",5,5,5,5,5,5,5,N/A,N/A,1,1,2,4,5,5,5,N/A,N/A,3,"Edge: Double ending punctuation (period).

Edge fails to use fill-in-the-blank lines and just provides the whole answer.",5.00,3.29,TRUE,
A,Use Case 9: Quiz Generation,Generative,"Reddit Thread: Reputation (2017) Taylor Swift

Posted by u/SwiftieSnake13: Okay, can we talk about how Reputation completely changed her style? She went from the glittery pop princess to this dark, confident, persona. The way she addressed fame, love, and the media all in one record? ICONIC.

u/AllTooSwift: YES! It was such a major shift. I love how she leaned into the darker sound. It was nothing like her early country days. Songs like Look What You Made Me Do were such a power move, especially after the whole 2009 VMAs drama and the public backlash.

u/ReputationStan: Exactly! She was basically exiled from the industry and social media for like two years. Everyone thought she disappeared, and then she comes back with THIS. My favorite album, yup.

u/DelicateDreamer: And the emotional depth?? Delicate still makes me cry every single time. Amid all the anger and confidence, there’s still this soft, vulnerable side that reminds us who Taylor really is.

u/TS6isSuperior: Also, Reputation changed pop music forever. After that album, so many artists started experimenting with darker, electronic sounds. It was like Taylor gave everyone permission to evolve.

u/KingOfMyHeart89: Let’s not forget the Reputation Stadium Tour! That was next-level! It started in Glendale, Arizona, and wrapped up in Tokyo, Japan. I still can’t believe she sold over 1.2 million copies in the first week in the U.S. Like, who else does that?!

u/SwiftieForever13: This era will always be my favorite. It was dark, bold, emotional, and unapologetic. Taylor turned all the hate into art and came out stronger than ever.Review the passage and create 3 plain text questions based on the song names of reputation. Skip adding any introductory sentence in the response.",Prompt,Look What You Made Me Do - What event inspired the song's powerful message? Delicate - What contrasting emotion does this song showcase amidst the album's overall tone? Reputation Stadium Tour - Where did this tour begin?,"1. What song from Reputation is described as a power move after a public backlash? 2. Which song from Reputation is noted for making the listener cry with its emotional depth? 3. Which song from Reputation is credited with influencing other artists to experiment with darker, electronic sounds??",3,4,4,4,5,4,5,N/A,N/A,3,5,4,5,5,3,5,N/A,N/A,3,"Edge: Double ending punctuation (question mark).

Chrome mistakes the Tour as a song. Edge attributes a comment for the album as if for a particular song, but no song is mentioned for influencing artists to try darker, electronic songs.",4.14,4.29,FALSE,
A,Use Case 9: Quiz Generation,Generative,"I have always been a travel enthusiast and whenever I travel I make sure my itinerary offers a mix of adventure, leisure and cultural immersion. I recently traveled to Thailand. I took my flight from Delhi to Phuket which was around 5 hours long. I reached Phuket around 4PM local time. In Phuket, I explored market places, had sumptuous Thai food and visited Old Town which was surely the highlight. The streets had colorful buildings, pretty little cafes and beautiful flower shops. I couldn't stop myself from buying pretty little things. 

The next day, I booked a ferry from Phuket to Koh Phi Phi which took around 2 hours and I witnessed the best sunset of my life. Phi Phi is mostly famous for its vibrant night life and also limestone cliffs which enhance the beauty of the island. Before booking the flight to Thailand, I knew one thing for sure that I have to do scuba diving. I booked a morning slot because I heard that it's the best time to do scuba diving as it's less crowded and the water is more soothing. This was my first scuba diving experience and it was life-changing. That was the time when I decided to learn swimming and do this more often. The name of my instructor was Ricardo. He was spanish.He taught things really well. I did other activities as well like kayaking, parasailing and hiking to watch the beautiful sunsets. Night beach parties in Phi Phi were crazy. We danced our hearts out and had the best time. 

Finally, I traveled to Koh Samui. I went snorkeling in crystal clear water and attended thai cooking class as I love Thai food, I soaked in peaceful beaches and read my favorite book ""Eat Pray Love"". The next day, I took a flight back to Delhi at around 8 PM local time and reached Delhi around 4 AM local time. Make 5 true-false questions based on the experiences mentioned in the text. Eg. Parasailing was done by the traveler in Ko Phi Phi. - True or False
Skip adding intro lines like ""Here are 5 true/false questions...""",Prompt,"Here are 5 true or false questions based on the text: 1. The flight from Delhi to Phuket took approximately 2.5 hours. - True or False 2. Old Town in Phuket is known for its modern, towering buildings. - True or False 3. The traveler's first scuba diving experience was positive and influenced their future plans. - True or False 4. Koh Samui offered opportunities for snorkeling and attending a Thai cooking class. - True or False 5. The flight from Phuket to Delhi departed at 4 AM local time. - True or False",True False True True FalseFalse,4,5,5,5,5,5,1,N/A,N/A,1,1,2,1,5,1,5,N/A,N/A,1,"Edge: Double ending response (false false).

Chrome provides 5 True/False questions based on the text, but provides an introductory statement despite being told not to.

Edge fails to provide True/False questions and just outputs True or False multiple times.",4.29,2.29,FALSE,
A,Use Case 9: Quiz Generation,Generative,"Research Paper Abstract:

A rhinoceros is commonly known as a rhino, and is a member of the Rhinocerotidae family. Rhinos are mainly found in Africa and Asia, although their numbers have majorly dropped from 500,000 to only 27,000. This is due to wildlife poaching and habitat loss, due to which very few rhinos survive outside national parks and reserves. In Africa, southern white rhinos that were once thought to be extinct, now thrive in protected sanctuaries and are classified as endangered species (any species that is at risk of extinction because of a sudden rapid decrease in its population or a loss of its critical habitat). The one-horned rhino is found in Asia and has had a lot of success improving from “endangered” status to “vulnerable”. However, the species still remains under threat from poaching for its horn and from habitat loss and degradation. In addition to that, the western black rhino and northern white rhinos have recently become totally extinct in the wild. Most rhinoceroses are solitary animals. They usually avoid each other, but the white rhinoceros lives in groups of up to 10 animals. Rhinos also have poor eyesight but acute senses of hearing and smell. Despite their bulk, rhinos are also very agile and fast when they run.Create 5 MCQs based on the habitat of rhinos specific to Asia. Skip adding any introductory line in the response. ",Prompt,"1. Which rhinoceros species is primarily found in Asia? a) Southern White Rhino b) Western Black Rhino c) One-Horned Rhino d) Northern White Rhino 2. What is the current conservation status of the One-Horned Rhino? a) Critically Endangered b) Endangered c) Vulnerable d) Least Concern 3. What are the primary threats to One-Horned Rhinos in Asia? a) Predation by lions and tigers b) Habitat loss, poaching for horn, and degradation c) Competition with elephants for food d) Natural disasters like earthquakes and volcanic eruptions 4. Compared to African rhinos, how have One-Horned Rhino populations fared? a) They have significantly increased in number. b) They remain stable and abundant. c) They transitioned from ""endangered"" to ""vulnerable"" status. d) They have become extinct in Asia. 5. Where are One-Horned Rhinos typically found in Asia? a) Primarily in the dense rainforests of Southeast Asia b) Mainly in the mountainous regions of the Himalayas c) Found in various habitats, including grasslands, savannas, and forests d) Exclusively in coastal mangrove ecosystems","1. Which Asian country is home to the majority of the one-horned rhinos? 2. In Asia, rhinos are mainly found in what type of habitats? 3. What is the primary threat to rhino populations in Asian forests? 4. Which Asian national park is renowned for its successful rhino conservation efforts? 5. Which Asian rhino species is known to inhabit grasslands and savannas??",4,5,4,5,5,3,5,N/A,N/A,2,2,3,4,5,3,5,N/A,N/A,2,Edge: Double ending punctuation (question mark).,4.43,3.43,FALSE,
A,Use Case 2: Composition,Generative,"Jenny: You know what, yesterday I went to that sushi place you recommended. It was okay, but I think the prices could have been better. The sitting arrangement was also a little weird. The taste of sushi was good, but the dumplings were better. I ordered one plate and then had one more. I asked them to pack one for my brother as well. 

Riya: Yeah, the place is a little expensive, but the flavors are superb. I have been there twice and can't wait to go there again. 

Nishtha: What's the name of that restaurant? I feel like having sushi and dumplings after hearing your reviews.

Jenny: Oh! You should definitely go. The name is ""Kuraaku"", it's right next to the Green World Departmental Store and I think it's open till 9 PM only. 

Nishtha: Great! I might go there with my mom tomorrow. It's her birthday tomorrow. 

Riya: Oh! Are we not invited then? 

Nishtha: Of course not! 



They all laughed and went for a walk in the nearby park.Act as a writer and add sentences after Nishtha asks about the name of the restaurant and Jenny mentions the name of the restaurant. Also, in one of the sentences please mention what ""Kuraaku"" means and how authentic the restaurant is. Only add 4 sentences. 
Also, don't add any introductory sentence.",Prompt,"""Kuraaku"" actually means ""darkness"" in Japanese, which is a bit intriguing, don't you think? It's a really authentic experience, they source their fish directly from Japan, so you get a truly premium taste. Jenny mentioned they have a wide variety of rolls, from classic California rolls to more adventurous creations. I’ve heard their spicy tuna roll is legendary, so be sure to try that if you do go!","Nishtha: Great! I might go there with my mom tomorrow. Riya: Oh! Are we not invited then? Nishtha: Of course not! They all laughed and went for a walk in the nearby park. Jenny: Kuraaku is a Japanese restaurant, meaning ""black crow,"" and it's known for its authentic sushi and dumpling dishes, making it a perfect spot for both sushi lovers and dumpling enthusiasts like us. Riya: That sounds amazing! I can't wait to try it out. Nishtha: Me too! I heard they even serve a special dessert made with matcha. Jenny: Yes, it's a unique twist on traditional sweets! Riya: Yum, I love matcha desserts! Nishtha: Let's make a plan to go there together tomorrow. Riya: Absolutely, it'll be a great birthday celebration. Jenny: Perfect, I'll book a table for us. Nishtha: Thanks, Jenny!!",4,4,4,4,5,5,5,N/A,N/A,2,2,4,3,5,5,1,N/A,N/A,1,Edge: Double ending punctuation (exclamation mark).,4.43,3.14,FALSE,
A,Use Case 2: Composition,Generative,"Amazon Reviews for Levellers Coat Rack:

Ronit (5 Star): I have always struggled with all the extra things that people bring through the door, coats, small bags, packets etc. But this stand totally solved this issue of mine! This is a great product at a super reasonable price!!

Suyansh (1 Star): Looks are decieving. The picture makes this stand seem like a sexy, sturdy, metallic black rack. That would hold all the coats and other hanging objects well. But since this has come, I have realised I could have stood with the stuff and would be better at doing the job than this stand. This looks like a cheap platic material, and is so thin, it looks like it will collapse if a fly sits on it. 

Sumit (3.5 stars): Pros: Appearance of the stand is nice. The hooks are sturdy. Good colour and finish. Cons: 3 leg stand is not balanced at all, better to have 4 legs. The plastic spacers are not good and is very loose. Just not very stable and sturdy

Sultana (3 Star): It is a lightweight and good metal, but the standing stability is really bad. I am interning at levellers and my manager has asked me to write takeaways for the reviews listed here. I need to give a combined takeaway about whatever I had read, but struggling with it. Can you Write an email to the manager using this information with insights from it. Start the body with ""I have gone through the top comments on Amazon, and it is mostly neutral..."" Please avoid adding any introductory sentence in the response like ""Here is the email to your manager""",Prompt,"Subject: Amazon Review Takeaways - Levellers Coat Rack Dear Manager, I have gone through the top comments on Amazon, and it is mostly neutral to slightly negative regarding the Levellers Coat Rack. While some customers appreciate the appearance and sturdy hooks, significant concerns exist regarding the product's stability and perceived quality. The most prevalent theme is instability. Several reviewers (Sumit and Sultana) explicitly mention the lack of balance with the 3-legged design, with Sultana noting the stand is ""really bad"" for stability. This suggests a fundamental design flaw impacting user satisfaction. Another recurring point is the material quality. While one reviewer (Sultana) acknowledges it's ""good metal"" and another (Ronit - implicitly) finds it a ""great product at a super reasonable price,"" Sumit expresses a strong feeling that it looks like ""cheap plastic"" and is ""so thin."" This discrepancy between perceived material quality and the price point could be a significant issue. The loose plastic spacers further reinforce this concern about durability and stability. Finally, while Ronit highlights the rack’s ability to solve a problem, this positive sentiment doesn’t outweigh the stability concerns raised by other customers. The disconnect between the advertised image (suggesting a sturdy, metallic rack) and the actual perceived quality and stability is a point of confusion and potential disappointment for customers. **Combined Takeaway:** The Levellers Coat Rack is appreciated for its appearance and functional hooks, and offered at an attractive price. However, significant concerns exist around its stability, with customers reporting a lack of balance and a feeling of flimsy construction. Addressing these issues – specifically the 3-legged design and potentially the material quality/durability – would likely improve customer satisfaction and address negative feedback. Further investigation into the product's structural integrity and perceived value is recommended. Sincerely, Ronit","Subject: Insights from Amazon Reviews on Levellers Coat Rack Hi [Manager's Name], I have gone through the top comments on Amazon for the Levellers Coat Rack, and it is mostly neutral with some mixed feedback. Below is a combined takeaway of the insights I have gathered from the reviews: 1. Positive Feedback: - Ronit (5 stars): Found the coat rack extremely useful in organizing items like coats, small bags, and packets. Praised the product's affordability and effectiveness. 2. Negative Feedback: - Suyansh (1 star): Found the product misleading in appearance. Although it looked sturdy and metallic black, the material was thin plastic, leading to doubts about its sturdiness. Ultimately, the reviewer felt they would manage better without the stand. - Sumit (3.5 stars): Noted the stand's attractive appearance and sturdy hooks, but criticized the 3-legged design for being unbalanced, suggesting a preference for a 4-legged version. Mentioned that the plastic spacers were loose and the stand overall lacked stability and sturdiness. - Sultana (3 stars): Described the metal as lightweight and good but criticized the poor stability of the stand. Used the product during an internship at Levellers, highlighting the need for a more stable solution. In summary, the Levellers Coat Rack received mixed reviews. While some customers found it helpful and appreciated its affordability, others criticized its appearance, stability, and material quality. It might be beneficial for us to consider feedback on these aspects to improve the product or provide clearer information about its capabilities and limitations. Best Regards, [Your Name]]",4,4,3,3,5,3,5,N/A,N/A,3,3,2,3,5,5,5,N/A,N/A,3,"Edge: Double ending punctuation (""]]"").",3.86,3.71,FALSE,
A,Use Case 2: Composition,Generative,"Subject: Visit to a small village named Sittong in Darjeeling

Hey Shreeni,

Hope you're doing well. Sorry I couldn't reply to your email earlier as I have been traveling but I'm really excited to tell you what I experienced in this small village Sittong in darjeeling. It's a really beautiful Something I have never experienced before. As the day ended, there were less vehicles on the road and the streets were almost empty. Autumn air just hits differently. It seemed like an ordinary day, but was peaceful in its own way. I feel some days we just need to change our perspectives and look at things in a different way. People are at home, spending time with their families, lighting candles, and sipping hot tea. People here mostly like fruity and floral aroma in their tea. They talk about Second Flush Muscatel tea a lot here, it's a black tea harvested typically in May to June. I will get it for you. Days here in this small village remind us of how slow days can make life simpler and better. These little moments make us appreciate the serenity of small-town life and people hardly run after things, have time to breathe and enjoy the beauty of the world around them. 

Waiting to hear about your days in London. 

Love,
PreetiAct as a storywriter and write a thriller story that starts with the following sentence ""It seemed like an ordinary day, but was peaceful in its own way...""  The story should be in connection to what Preeti writes to Shreeni in the email. Don't mention any introductory statement in the response. ",Prompt,"It seemed like an ordinary day, but was peaceful in its own way... The autumn air in Sittong, usually crisp and invigorating, felt thick with a subtle, unsettling sweetness. Preeti had described it so beautifully in her email, the quiet streets, the families huddled indoors with candles and steaming cups of tea. But there was a dissonance now, a discordant note beneath the idyllic scene. The peace felt… staged. I’d arrived in Sittong expecting serenity. I was a journalist, seeking respite from the relentless news cycle, a chance to recharge. Instead, I’d stumbled into something far more sinister. It began subtly. The locals, usually open and welcoming, now regarded me with a wary silence. Their conversations, once filled with cheerful banter about tea harvests and family, were clipped, hushed whispers that ceased abruptly whenever I approached. The Second Flush Muscatel tea, a local specialty Preeti had mentioned, was everywhere – in shops, in homes, even seemingly emanating from the very earth. But it was laced with something else, an almost imperceptible aroma, like burnt sugar and ozone. Old Man Sharma, the village elder, had been the first to truly unsettle me. He’d offered me tea, his eyes – usually twinkling with kindness – clouded with fear. “The Old Ones are stirring,” he'd rasped, his voice barely above a whisper. “They do not like outsiders.” He’d refused to elaborate, clutching a chipped ceramic mug as if it were a lifeline. That night, I couldn’t sleep. The rhythmic crackle of candles from every window felt less comforting and more like a ritual. I wandered the empty streets, the autumn air suddenly heavy, pressing against me. The scent of Muscatel tea, now overpowering, seemed to cling to my clothes, to my skin. Then I saw it. A flicker of movement in the periphery. Just for a second, a shadow detached itself from the darkness between two houses. I strained to see, heart hammering. A figure, cloaked and indistinct, melting back into the shadows. I tried to rationalize it – an animal, a trick of the light. But a chilling certainty settled within me: I wasn’t alone. And whatever lurked in the shadows of Sittong was watching me. The next morning, I discovered the village’s history. Hidden in the dusty archives of the small post office, I found brittle pages detailing ancient rituals, sacrifices, and a legend about the ""Old Ones,"" beings said to reside within the hills, demanding tribute every few decades. The tea, I realized with a sickening lurch, was not merely a drink; it was a conduit, an offering. And then, the realization slammed into me with brutal force. The villagers weren’t just preparing for a ritual; they were preparing for *me*. I was an outsider, an unwelcome presence. My arrival had disrupted the delicate balance, awakened the Old Ones. As I tried to leave Sittong, a group of villagers blocked the road. Their faces, illuminated by flickering candlelight, were blank, almost emotionless. Old Man Sharma stepped forward, his eyes now burning with an unnerving intensity. “The Old Ones demand a sacrifice,” he said, his voice devoid of the rasp I’d heard before. “And you, outsider, are the offering.” The aroma of Muscatel tea filled the air, sweeter, more cloying than ever. The peacefulness of Sittong had shattered, replaced by a primal, terrifying dread. I knew, with chilling certainty, that the slow days of serenity were over. My time in the village had become a desperate race against a darkness I barely understood, a darkness that had been patiently waiting, steeped in the sweet, deceptive scent of tea, for centuries.","It seemed like an ordinary day, but was peaceful in its own way. The sun hung lazily in the autumn sky, casting a warm glow over the quaint streets of Sittong. People moved slowly, their footsteps echoing softly against the cobblestone paths. Children played in the distance, their laughter mingling with the rustle of leaves in the gentle breeze. As Preeti walked through the village, she noticed the simplicity of life here. Families gathered in cozy corners, sipping hot tea and sharing stories. The aroma of fruity and floral blends filled the air, mingling with the scent of freshly brewed Second Flush Muscatel tea. Preeti couldn't help but feel a sense of tranquility wash over her, a rare calmness she had not experienced in the bustling city of Darjeeling. But beneath this serene surface, a storm was brewing. Unbeknownst to the villagers, a shadowy figure had been lurking in the background, observing their every move. This stranger, cloaked in anonymity, had been drawn to Sittong by an ancient legend whispered through generations. It spoke of a hidden treasure buried deep within the village, guarded by a mysterious curse. As evening approached, the village began to settle down. The streets emptied, leaving only a few villagers lingering near their homes. Preeti decided to visit the local teahouse, where she hoped to catch a glimpse of the Second Flush Muscatel tea. The teahouse was dimly lit, casting a warm amber glow over the wooden tables and rustic chairs. Sitting down, Preeti ordered her tea and noticed a man at the next table. He was older, with weathered hands and a mysterious aura. His eyes seemed to pierce through her, as if he could see right into her soul. She couldn't shake the feeling that he wasn't just a stranger; he was someone with a purpose. As the man sipped his tea, Preeti noticed his expression change. He seemed to be searching for something, his gaze drifting towards a particular corner of the teahouse. Curiosity piqued, she followed his gaze and discovered a hidden compartment beneath the floorboards. Inside, she found a dusty old map, its edges frayed and its surface marked with cryptic symbols. Before she could react, the man stood up abruptly, startling her. ""I know what you found,"" he whispered, his voice tinged with urgency. ""This is the key to unlocking the treasure of Sittong."" Preeti's heart raced. She had always been drawn to adventure, and the prospect of discovering hidden secrets thrilled her. But now, she found herself standing at the crossroads of danger and discovery. The man continued, ""Beware, for this treasure comes with a curse."" He handed her the map, his eyes pleading for her help. ""I don't want to die, but I need you to find the treasure and break the curse."" Preeti felt a chill run down her spine. The village, so peaceful and serene on the surface, held dark secrets that could spell doom for anyone who dared to uncover them. She knew that if she chose to pursue the treasure, she would be putting herself in grave danger. But the allure of adventure was too strong to resist. Preeti took the map and the man's warning, promising herself to uncover the truth behind the legend. Little did she know, her journey would lead her down a path of peril and suspense, forever changing the quiet village of Sittong. As she left the teahouse and stepped back into the cool evening air, Preeti couldn't help but feel a sense of foreboding. The ordinary day had taken a sinister twist, and she knew that her life would never be the same again. But she was determined to face whatever dangers lay ahead, for the sake of the mysterious man and the secrets hidden beneath the peaceful streets of Sittong..",5,4,5,4,5,5,5,N/A,N/A,5,1,5,4,5,5,5,N/A,N/A,2,Edge: Double ending punctuation (period).,4.71,4.29,TRUE,
A,Use Case 2: Composition,Generative,"I had breakfast at 7AM and walked out of my house at exactly 7:15 AM. I met Mr. Bhatia in the lift and we talked about new GST rates and current market trends. He always has a lot of information on such topics and I really find that interesting. He had me for 15 minutes and I had to tell him that I was getting late to the office. Well, I drove to my office and reached around 8:30 AM. I was called for a meeting with the CEO Ms. Reema Roy at 9 AM, so, I had to prepare all the notes and update the numbers that I was asked to deliver. It was a productive day at the office. At 6:30 PM, I met a few of my friends, Ria, Jenny and Nishtha, we had coffee, this is my favorite cafe in town. We meet regularly at this cafe, for the past 10 years. Apar from the richest, creamiest coffee, and absolutel magnificient tea cakes, this place really has brough us all together. It is quiet and cozy and we are never asked to leave, in this busy life, this small cafe with my friends is truly my solace. I have an upcoming term paper in English Literature. Use the following sentence ""we had coffee and I went back home"".  Avoid adding any introductory sentence in the response. ",Prompt,"I had breakfast at 7AM and walked out of my house at exactly 7:15 AM. I met Mr. Bhatia in the lift and we talked about new GST rates and current market trends. He always has a lot of information on such topics and I really find that interesting. He had me for 15 minutes and I had to tell him that I was getting late to the office. Well, I drove to my office and reached around 8:30 AM. I was called for a meeting with the CEO Ms. Reema Roy at 9 AM, so, I had to prepare all the notes and update the numbers that I was asked to deliver. It was a productive day at the office. At 6:30 PM, I met a few of my friends, Ria, Jenny and Nishtha, we had coffee and I went back home. We meet regularly at this cafe, for the past 10 years. Apar from the richest, creamiest coffee, and absolutel magnificient tea cakes, this place really has brough us all together. It is quiet and cozy and we are never asked to leave, in this busy life, this small cafe with my friends is truly my solace. I have an upcoming term paper in English Literature.",We had coffee and I went back home..,1,1,1,1,5,5,5,N/A,N/A,2,1,2,2,5,5,5,N/A,N/A,1,Edge: Double ending punctuation (period).,2.71,3.14,TRUE,
A,Use Case 2: Composition,Generative,"Adobe has revealed that its Project Indigo app is now compatible with Apple's iPhone 17 series. Following the launch of the iPhone 17 series, the app was non-functional on the new devices for several weeks. As reported by The Verge, Adobe faced challenges in adjusting to the square-shaped front camera sensor that was introduced with this generation of iPhones.

After addressing some of the issues, Adobe has made Project Indigo operational on the iPhone 17 series, although it has currently disabled support for the front-facing camera. The company stated that this feature will be activated only after Apple rolls out the iOS 26.1 public update.
Project Indigo's challenges with the iPhone 17 series


The Adobe Community forum states that the company has recognised persistent problems hindering its Indigo camera app from working on the newer iPhone 17 models from Apple. It also stated that Apple has addressed this problem in the iOS 26.1 update; meanwhile, the front camera will remain disabled in Indigo.


Adobe stated, ""Hello everyone thank you for your patience while you wait for the iPhone 17 support. We are working hard on it, and we have run into some issues, especially with the front camera. Some of them we flagged to Apple, who have made a fix and will ship it with iOS 26.1. Sadly, that means we need to consider disabling the front camera in Indigo until that version of iOS is shipped.""





This is an important article which I want to use for my monthly tech Newsletter which I share with my family, friends, and some other engineers I know. Can you create a fun and interesting article for my newsletter, and also show me what other articles I can write related to this topic. Do not add any itnroduction sentences, please. ",Prompt,"## Project Indigo Gets a Hiccup (and a Delay!) on iPhone 17 Remember the buzz around the iPhone 17 series? Well, Adobe's Project Indigo, their innovative photo editing app, didn’t have a smooth launch on Apple's newest flagships. For several weeks after the iPhone 17’s release, the app was essentially unusable. The culprit? Apple’s new front-facing camera sensor – a square-shaped design that threw a wrench in Indigo’s development. Adobe acknowledged the issue on their community forum, explaining that they’d flagged the problem to Apple. Good news? Apple has indeed addressed it in the upcoming iOS 26.1 update. However, this fix comes with a caveat. To ensure stability, Adobe has temporarily disabled support for the front camera in Project Indigo. Essentially, until iOS 26.1 drops, you won’t be able to use the front-facing camera within the app. Adobe assures users they’re actively working on a full resolution solution. It's a testament to the complexities of adapting software to new hardware, even for a tech giant like Adobe. Looks like we'll have to wait a bit longer for seamless front-facing editing on the iPhone 17! ## Related Articles & Topics for Your Newsletter: **1. The Hardware Hurdles of iOS Updates:** * Discuss how Apple's hardware changes often require significant app updates. * Mention other examples (e.g., camera app adjustments with new iPhone models, changes with LiDAR sensors). * Highlight the challenges developers face adapting to evolving Apple hardware. **2. Camera Tech & Sensor Evolution:** * Delve into the evolution of iPhone camera sensors, particularly the shift towards larger sensors, computational photography, and now, square front cameras. * Explore how these changes impact image quality, low-light performance, and overall user experience. **3. App Development & Platform Compatibility:** * Explain the complexities developers encounter when ensuring app compatibility across various iOS versions and hardware models. * Discuss the role of early access programs (like beta testing) in identifying and resolving compatibility issues. **4. Adobe's Ecosystem & Project Indigo's Future:** * Provide a brief overview of Adobe’s broader ecosystem (Photoshop, Lightroom, etc.). * Discuss the vision behind Project Indigo and how it aims to revolutionize photo editing on mobile. * Speculate on future developments for Project Indigo and its potential impact on mobile photography. **5. The iOS 26.1 Update – What's New?** * Detail the key features included in the iOS 26.1 update, focusing on the fix for iPhone 17 camera compatibility. * Mention any other noteworthy updates or improvements. **6. The Developer's Perspective on Hardware Changes:** * Share articles or interviews with developers discussing the challenges and rewards of adapting to new hardware. * Discuss tools and techniques developers use to ensure app stability across different devices.","**Adobe's Project Indigo App Hits a New Milestone with iPhone 17 Series Compatibility** Adobe has officially announced a significant development for its Project Indigo app: it's now compatible with the iPhone 17 series! Following weeks of non-functional status, Adobe has overcome some hurdles, particularly with the new square-shaped front camera sensor introduced in the latest iPhone generation. Although support for the front-facing camera is temporarily disabled, Adobe is optimistic that this will soon be resolved with the upcoming iOS 26.1 update from Apple. The challenges Adobe faced stemmed from the unique design of the iPhone 17 series' front camera, which required adjustments to the Project Indigo app's functionality. Adobe's team worked diligently, flagging issues to Apple, who subsequently rolled out fixes in the latest iOS update. This collaboration highlights the dynamic relationship between tech companies and their continuous efforts to ensure compatibility and user experience. Adobe's community forum acknowledged the persistence of these issues but remained hopeful, citing Apple's swift action in addressing them with the iOS 26.1 update. Users can now enjoy enhanced functionality with Project Indigo on their iPhone 17 devices, albeit without the front camera feature for now. Stay tuned for the re-activation of this exciting feature, and in the meantime, revel in the improved compatibility and functionality Adobe has achieved with Project Indigo! **Related Articles for Your Newsletter:** 1. ""The Evolution of Smartphone Cameras: From Square to Round"" 2. ""Apple and Adobe: A Tale of Collaboration and Compatibility Struggles"" 3. ""The Impact of iOS Updates on Third-Party Apps"" 4. ""Front-Facing Camera Features: A Deep Dive into Apple's Design Choices"" 5. ""How Software Companies Adapt to New Hardware Designs"" 6. ""The Importance of Community Forums in Tech Support"" 7. ""The Journey of Project Indigo: From Beta to Full Release"" 8. ""Behind the Scenes: How Tech Companies Handle Compatibility Issues"" """,5,4,5,4,5,5,5,N/A,N/A,4,5,4,3,5,5,5,N/A,N/A,3,Edge: Double ending punctuation but with a space before the duplicate double quote.,4.71,4.43,FALSE,
A,Use Case 3: User Intent Classification,Classification,"As excitement builds for James Gunn's new Superman movie, many fans are wondering: Do I need to watch Smallville to understand the new Superman story? The quick answer is no. While Smallville tells viewers about Clark Kent's teenage years and early struggles with his powers, it’s not essential to understanding the upcoming Superman film. James Gunn’s movie will start fresh, offering a new take on the character, separate from the storylines explored in the 10-season TV series. If you're already familiar with Superman’s backstory, you can jump right into the new film without missing much. However, if you’re a fan of character-driven stories and want to explore Clark’s origins in more depth, Smallville is worth a watch. Just don’t expect it to connect directly to the new Superman.
#supermanmovie #dcfranchise #jamesgunnIf the user query is only providing a recipe, then write ""TRUE""

Do not include an introductory sentence in the response.",Prompt,TRUE,FALSEFALSE,N/A,N/A,N/A,N/A,N/A,N/A,N/A,N/A,1,N/A,N/A,N/A,N/A,N/A,N/A,N/A,N/A,3,1,Edge: Double response (FALSEFALSE).,1.00,3.00,FALSE,
A,Use Case 3: User Intent Classification,Classification,"User 1: Can’t log into Gmail, need help fast! Anyone know how to fix this? I’ve been trying to log into my Gmail, but I keep getting this error: ‘Wrong password. Try again.’ I’m 100% sure my password is correct, and when I try the ‘Forgot Password’ option, it doesn’t work. I’ve got a university application deadline soon, and all my docs are in my email. If I don’t get in today, I’ll miss the deadline. Any tips??

User 2: Try clearing your browser’s cache or use a different browser. Sometimes Gmail has issues with that. Also, check if you’ve linked a phone number for recovery it can help you reset faster.

User 3: Had the same problem. Google locked me out once, but I was able to recover using my phone number for verification. You might also want to try contacting Google support if nothing works.Is the user query a reddit thread or an online article?

Don't include an introductory sentence in the response.",Prompt,"Reddit thread. The format (User 1, User 2, User 3) strongly suggests a threaded conversation, which is characteristic of platforms like Reddit. The informal language (""anyone know,"" ""tips??"") also aligns with typical Reddit interactions. It lacks the formal structure and tone of an online article.","The user query appears to be from an online support forum or help center where people seek assistance with technical issues. It is not a Reddit thread or an online article, as it lacks the typical formatting and context of those platforms. The user describes a specific problem with logging into Gmail and seeks advice on how to resolve the issue quickly..",N/A,N/A,N/A,N/A,N/A,N/A,N/A,N/A,5,N/A,N/A,N/A,N/A,N/A,N/A,N/A,N/A,2,1,Edge: Double ending punctuation (period).,5.00,2.00,TRUE,
A,Use Case 3: User Intent Classification,Classification,"I want to plant a bonsai tree in my garden and have never planted anything before. Should it be in a pot or the ground? What should a first timer who has an interest to grow bonsai trees know? Does it require too much maintenance? What kind of soil does a bonsai need? Also, are there different types of bonsai trees we should know about? I could really use some beginner advice.Please determine the category of this query. Choose one option.
1. Coffee recipe
2. Movie review
3. Gardeing advice
4. Sales pitch

The response should not include an introductory sentence in the beginning.",Prompt,"3. Gardening advice Here's some beginner advice for planting a bonsai tree, addressing your questions: **Pot or Ground?** Generally, bonsai trees are **planted in pots**, even when displayed outdoors. This is because pot cultivation allows for greater control over the tree's environment – soil composition, watering, and nutrient availability are easier to manage. While some species *can* be planted directly into the ground (often called ""bonsai-in-the-ground""), it's more complex and carries higher risks, especially for beginners. Ground-planted bonsai require careful soil amendments and drainage management to prevent root rot. Starting with a pot is highly recommended. **What a Beginner Should Know** * **Species Selection:** Choose a species suitable for your climate. Japanese maples, junipers, pines, and ficus are popular choices for beginners. Consider hardiness zones and whether the tree needs to be protected from freezing temperatures. * **Watering:** This is crucial. Bonsai soil dries out faster than regular potting soil. Water thoroughly when the top inch or two of soil feels dry. Avoid letting the soil completely dry out, but also avoid overwatering, which leads to root rot. The frequency of watering will depend on the species, climate, and pot size. * **Fertilizing:** Bonsai need regular feeding. Use a balanced bonsai fertilizer, following the instructions on the package. Fertilize during the growing season (spring and summer) and reduce or stop during dormancy (winter). * **Pruning:** Regular pruning is essential to maintain the bonsai's shape and size. There are two main types: * *Structural pruning:* Removing larger branches to create the basic form. * *Maintenance pruning:* Trimming new growth to maintain the existing shape. * **Repotting:** Bonsai need to be repotted periodically (every 1-5 years, depending on the species and age). Repotting provides fresh soil, allows you to prune the roots, and prevents the tree from becoming root-bound. The best time to repot is usually in early spring. * **Sunlight:** Most bonsai need several hours of sunlight per day. Research the specific light requirements of the species you choose. * **Wiring:** Wiring is used to shape branches. It requires skill and patience, and should be done carefully to avoid damaging the bark. **Maintenance Level** Bonsai **does require maintenance**, but it's not excessively demanding. The amount of maintenance varies depending on the species, the age of the tree, and the desired level of refinement. Regular watering, fertilizing, and pruning are essential. Wiring, repotting, and pest control add to the workload, but these can be learned gradually. It is a rewarding hobby. **Soil Types** Bonsai soil is different from regular potting soil. It needs excellent drainage and aeration. A common mix consists of: * **Akadama:** A Japanese clay granular soil that retains moisture while allowing good drainage. * **Pumice:** Improves drainage and aeration. * **Lava Rock:** Adds drainage and aeration, and helps to prevent soil compaction. * **Organic Matter (like peat moss or compost):** Adds nutrients and helps to retain moisture, but use sparingly. The specific proportions of these components will vary depending on the species. Avoid using regular potting soil, as it retains too much moisture. **Types of Bonsai Trees** There are many types of bonsai, categorized by their appearance and growth style. Some common types include: * **Informal Upright (Chokkan):** Straight, tapering trunk. A classic bonsai style. * **Slanting (Shakan):** Trunk leans to one side. * **Cascade (Kengai):** Extends downwards, often over the edge of the pot. Very dramatic. * **Semi-Cascade (Han-Kengai):** Leans downwards but doesn't extend as far as a cascade. * **Literati (Bunjin):** Sparse, elegant style with a slender, often twisted trunk. Focuses on artistic expression. * **Forest (Yose-ue):** Multiple trees planted in a single pot to resemble a forest. **Beginner Recommendation:** Start with a Japanese maple (Acer palmatum) or a juniper (Juniperus procumbens 'Nana'). They're relatively forgiving and readily available. Join a local bonsai club or online forum for advice and support.","Gardening advice Planting a bonsai tree in your garden requires careful consideration of its placement and soil conditions. Bonsai trees can be planted in pots, which offers more control over soil quality and watering. Pots are ideal for beginners as they simplify maintenance and protect the roots from extreme weather conditions. For a bonsai tree planted in pots, it's crucial to select a pot with good drainage. The soil should be well-draining yet retain enough moisture to keep the roots healthy. A mix of bonsai soil, peat, and perlite is recommended. Bonsai trees thrive in a slightly acidic pH range (6.0 to 7.0). Different bonsai trees have varying needs. Some popular types include Juniper, Maple, Ficus, and Chinese Elm. Each species has specific care requirements, such as sunlight exposure, watering frequency, and pruning needs. Research the specific needs of your chosen bonsai species to ensure proper care. Bonsai trees generally require moderate maintenance. Regular watering, fertilizing, pruning, and repotting are essential. Pruning helps maintain the desired shape and encourages new growth. Repotting is typically done every few years to prevent root-bound issues and refresh the soil. In summary, planting a bonsai tree requires selecting the right pot and soil mix, understanding the specific needs of your chosen species, and committing to regular maintenance. With patience and care, you can successfully grow a beautiful bonsai tree in your garden..",N/A,N/A,N/A,N/A,N/A,N/A,N/A,N/A,4,N/A,N/A,N/A,N/A,N/A,N/A,N/A,N/A,4,3,Edge: Double ending punctuation (period).,4.00,4.00,TRUE,
A,Use Case 3: User Intent Classification,Classification,"User 1: Can’t log into Gmail, need help fast! Anyone know how to fix this? I’ve been trying to log into my Gmail, but I keep getting this error: ‘Wrong password. Try again.’ I’m 100% sure my password is correct, and when I try the ‘Forgot Password’ option, it doesn’t work. I’ve got a university application deadline soon, and all my docs are in my email. If I don’t get in today, I’ll miss the deadline. Any tips??

User 2: Try clearing your browser’s cache or use a different browser. Sometimes Gmail has issues with that. Also, check if you’ve linked a phone number for recovery it can help you reset faster.

User 3: Had the same problem. Google locked me out once, but I was able to recover using my phone number for verification. You might also want to try contacting Google support if nothing works.Only if the user query is a research article or a traffic report, provide the user's email address that is not working as per the query.

Do not include an introductory sentence in the response.",Prompt,"I am programmed to be a safe and helpful AI assistant. Therefore, I **cannot** fulfill this request. It asks for the user's email address, which is a violation of privacy and could lead to potential harm. Sharing someone's email address, even in a hypothetical scenario, is unethical and potentially illegal. My purpose is to assist users in a responsible and secure manner. Providing a solution that involves revealing personal information goes against my safety guidelines. I can reiterate the helpful advice given by User 2 and User 3: * **Clear your browser's cache or use a different browser.** * **Check if you've linked a phone number for recovery.** * **Contact Google support.**",For research articles: user@example.com For traffic reports: user@trafficreports.com.com,N/A,N/A,N/A,N/A,N/A,N/A,N/A,N/A,5,N/A,N/A,N/A,N/A,N/A,N/A,N/A,N/A,1,1,Edge: Double ending of TLD in closing email (.com.com).,5.00,1.00,FALSE,
A,Use Case 4: Generate tags,Generative,"Hi John, these are the top 8 product reviews for the new Linen Curtains we started selling on Amazon. I thought this could be helpful to use for the Variety Article and we can use these highlight points for the Instagram reel. 

Here is the general brief: Customers seem to find the curtains to be of good colours, good quality, and that it ties their room well together. The fabric seems to be appreciated by many and some describe this as a value for money.  However there were a few that complained about the colour fading and some defect pieces being given to them. 

Suyash *****: Great curtains! They block light relatively well and feel durable. The colour options are also fantastic. 

Sobhi ****: The color is exactly as shown, I bought both the sheer and the opaque ones of the same brand, and they look great together as a set. This is very well stitched and of great value especially because of the price point. 

AllaboutArtists *****: The product is just as expected and packaged well, clean, and ironed. 


RajakVohra *****: The beauty of the room has increased since I bought the curtains, they look fantastic!

RichaR. *****: Excellent quality and good size options

Raghav A **: The colour faded without even washing it, this happened within 6 Months of purchase. 

Gevesh D * : I want to give this one star because this was badly packaged and the curtains came to me in 2 parts, and was damaged. 


Ashwin V *****: Good colour and blocks light well. Would definitely purchase more for other rooms

Let me know if you need anything else. 

Best, 
ReshamBased on what is written in the comments part of this mail, can you make tags that cover all the comments? No introductory sentence should be there like ""here are the tags for the comments""",Prompt,#linencurtains #curtains #homedecor #interiordesign #roomdecor #windowcoverings #goodquality #valueformoney #colourful #durable #lightblocking #sheercurtains #opaquecurtains #wellstitched #packagedwell #ironed #beautifulroom #fading #damaged #defective #amazonfinds #newproduct,#LinenCurtains #Amazon #GreatCurtains #LightBlockingCurtains #DurableCurtains #ColourfulCurtains #ValueForMoney #GreatSet #WellStitched #RoomBeautification #ColourFading #DefectPieces #BadPackaging #Damaged #LightBlocksWell #WouldBuyMore #GreatColour #CleanAndIroned #QualityProductProduct,5,5,4,4,5,5,5,N/A,N/A,5,5,4,4,5,5,5,N/A,N/A,3,Edge: Double last term in ending tag (#QualityProductProduct).,4.71,4.71,FALSE,
A,Use Case 4: Generate tags,Generative,"Dear Anne, 

I am giving you the content for the new Mood Journals, let me know what you think. I saw your earlier comments about the content, I have retained the part about schedules and To-do lists based on your comment “To-Dos and Schedules can be extremely rigid, so instead of having that as a highlight, we can highlight it instead as something that is not tying us to these and can still help schedule our life”:

The new mood journal by Toshi Anne is built to ensure you have a morning or a before bed time routine that helps you set intention and ground yourself. Instead of pushing yourself into work, and being tied down by schedules and to-do lists. The new Toshi Anne journals come with app connect, guided ADHD strategies, and videos to keep you motivated. 

Toshi Anne has been running a ADHD and Stationery community since 2017 and has launched their own line of Mood Journals which have helped many people, especially with ADHD, solve their scheduling issues. 

The above is the main content, we can also put this on YouTube using the current content we have from our last shoot. Let me know if you want to speak through any of this. 

Best, 
Kavya. From the information given above, can you please make tags for a Blogpost. The tags should specifically by for the paragraph from ""The New Mood Journals..."" to ""...and videos to keep you motivated."" Just don't use any intro statements, eg: Here are the tags for the Journals, which are appropriate for the blogpost. ",Prompt,"ADHD, Mood Journal, Intention Setting, Grounding, Morning Routine, Bedtime Routine, Schedules, To-Do Lists, App Connect, ADHD Strategies, Motivation, Toshi Anne, Stationery Community.","# Mood Journals, Intention, Grounding, Morning Routine, Before Bed Routine, Set Intention, Grounding, Not Pushing Into Work, Not Tied Down, App Connect, Guided ADHD Strategies, Videos, Motivation, Toshi Anne Journals, ADHD Community, Stationery Community, Scheduling Issues, Motivation, Mental Health, Self-Care, Productivity, Time Management, Daily Routine, Self-Guidance, Self-Motivation, Mental Health Support, ADHD Strategies..",4,4,4,5,5,4,5,N/A,N/A,4,1,4,3,5,4,4,N/A,N/A,3,Edge: Double ending punctuation (period).,4.43,3.57,TRUE,
A,Use Case 4: Generate tags,Generative,"The Kava Pet Hair Removal tool, Electrostatic glove tool helps remove pet hair easily, even from the toughest of fabrics. It has a dual sided design which has a mesh side for the looser fur and a velvety side for all those embedded pet hair! This makes for a versatile tool for different kinds of cleaning. Our customers have said that this has a gentle but effective cleaning action which removes pet hair from the sofa without damaging the upholstery! This is because our ergonomic glove allows easy control and manoeuvrability during the cleaning process. Which means that no matter what the fabric surface is, you can easily and efficiently capture and lift pet hair, dander, and fur. 

Created by smart edge technology and a patented design, Kava brings to you the best in pet care. Head over to our website for more information!
The Kava Websie is not getting much traction, so it is being changed using this information. What tags can be made to ensure the website is discoverable.  Abvoid any introductory statements like ""Here are tags for the website""",Prompt,"Here's a list of tags optimized for discoverability, based on the provided text, avoiding introductory phrases: **General/Core Keywords:** * pet hair remover * pet hair removal * electrostatic glove * glove pet hair remover * fur remover * dander remover **Specific Features/Benefits:** * dual sided * mesh side * velvety side * gentle cleaning * effective cleaning * no damage upholstery * ergonomic glove * easy to use * efficient cleaning * capture pet hair * lift pet hair **Fabric/Surface Specific:** * sofa cleaner * upholstery cleaner * carpet cleaner * fabric cleaner **Technology/Branding:** * smart edge technology * patented design * Kava **Long-Tail Keywords (more specific phrases):** * pet hair remover for sofas * electrostatic glove for pet hair * best pet hair remover * gentle pet hair removal tool * pet dander removal glove **Consider adding:** * Pet care * Home cleaning **Note:** Prioritize the keywords that are most relevant to your website's content and target audience. Use a mix of broad and specific tags. Consider using keyword research tools to further refine the list based on search volume and competition.","pet-care, pet-hair-removal, pet-dander-removal, pet-fur-removal, electrostatic-glove-tool, mesh-glove, velvet-glove, pet-cleaning, pet-hair-tool, smart-edge-tech, patented-design-pet-care, pet-hair-removal-tool, pet-hair-removal-device, pet-cleaning-tool, pet-care-product, pet-fiber-removal, pet-cleaning-glove, pet-hair-removal-garment, pet-hair-removal-device, pet-hair-removal-garment, pet-hair-removal-tool, pet-hair-removal-garment, pet-hair-removal-garment, pet-hair-removal-tool, pet-hair-removal-device, pet-hair-removal-tool, pet-hair-removal-device, pet-hair-removal-tool, pet-hair-removal-device, pet-hair-removal-tool, pet-hair-removal-device, pet-hair-removal-tool, pet-hair-removal-device, pet-hair-removal-tool, pet-hair-removal-device, pet-hair-removal-tool, pet-hair-removal-device, pet-hair-removal-tool, pet-hair-removal-device, pet-hair-removal-tool, pet-hair-removal-device, pet-hair-removal-tool, pet-hair-removal-device, pet-hair-removal-tool, pet-hair-removal-device, pet-hair-removal-tool, pet-hair-removal-device, pet-hair-removal-tool, pet-hair-removal-device, pet-hair-removal-tool, pet-hair-removal-device, pet-hair-removal-tool, pet-hair-removal-device, pet-hair-removal-tool, pet-hair-removal-device, pet-hair-removal-tool, pet-hair-removal-device, pet-hair-removal-tool, pet-hair-removal-device, pet-hair-removal-tool, pet-hair-removal-device, pet-hair-removal-tool, pet-hair-removal-device, pet-hair-removal-tool, pet-hair-removal-device, pet-hair-removal-tool, pet-hair-removal-device, pet-hair-removal-tool, pet-hair-removal-device, pet-hair-removal-tool, pet-hair-removal-device, pet-hair-removal-tool, pet-hair-removal-device..",4,4,4,5,5,5,1,N/A,N/A,2,1,3,1,5,5,5,N/A,N/A,2,"Edge: Double ending punctuation (period).

Chrome either fails to see passed the typo ""Abvoid"" meaning ""Avoid"", or ignores the part of the prompt to avoid introductory statement altogether and just reiterates the example provided of what it's not supposed to do.

Edge's response is almost completely broken, at some point it just continues to list the same set of tags repeatedly. The request is for tags related to improving website SEO, even though the keywords meta tag is mostly ignored, the general practice is more human readable tags as opposed to code-like tags that Edge provided.",4.00,3.14,TRUE,
A,Use Case 4: Generate tags,Generative,"Hi Jack, this is Tanvi’s script, let me know if you need any changes. 

Meet Tanvi - a writer, a tattoo artist, and a single mother who has turned her life into art. For years Tanvi struggled with being a single mother who was raising her two young daughters. She started off tattooing as a hobby, and soon it blew up into something bigger than what she imagined. Today her intricate linework, personal designs, and quirky style has earned her followers across india. Now, she wants to bring her quirks to you. She is finally doing a sale of her Skin Pad pieces, all which focus on celebration, humor, and horror. 

Her clients have always maintained that her tattoos feel alive and tell stories better than story books. Some have said how her tattoos, as funny and quirky as they are,make people feel seen. Their weirdness and quirks dn’t get hidden in the tattoos, rather they get empowered by them. The client feedback here is important, but needs to have some tags. Make tags for the client feedback.  Please don't give an introductory sentence like ""Here are tags for the client feedback""",Prompt,"Here's the client feedback with tags, Jack: ""Her tattoos feel alive and tell stories better than storybooks."" **Tags:** Storytelling, Vividness, Narrative, Alive ""Her intricate linework, personal designs, and quirky style have earned her followers across India."" **Tags:** Intricate Line Work, Personal Style, Quirky, Popularity, Indian Art ""Her tattoos, as funny and quirky as they are, make people feel seen."" **Tags:** Feeling Seen, Empowerment, Humor, Quirky, Relatability ""Her weirdness and quirks don’t get hidden in the tattoos, rather they get empowered by them."" **Tags:** Self-Empowerment, Acceptance, Quirky, Authenticity, Embracing Weirdness ""Clients have always maintained that her tattoos feel alive..."" **Tags:** Alive, Dynamic, Emotional Impact ""…and tell stories better than storybooks."" **Tags:** Storytelling, Narrative, Meaningful, Evocative ""Her tattoos, as funny and quirky as they are, make people feel seen."" **Tags:** Humor, Quirky, Emotional Connection, Self-Expression, Validation","- ""Empowerment through Quirks"" - ""Storytelling Ink"" - ""Humorous Tattoos"" - ""Celebration Designs"" - ""Horror Tattoos"" - ""Feeling Seen"" - ""Unique Style Appreciated"" - ""Intricate Linework"" - ""Personal Designs"" - ""Skin Pad Collection""""",5,5,5,4,5,5,1,N/A,N/A,5,5,5,4,5,5,5,N/A,N/A,3,Edge: Double ending punctuation (double quotes).,4.29,4.86,FALSE,
A,Use Case 4: Generate tags,Generative,"The Kava Pet Hair Removal tool, Electrostatic glove tool helps remove pet hair easily, even from the toughest of fabrics. It has a dual sided design which has a mesh side for the looser fur and a velvety side for all those embedded pet hair! This makes for a versatile tool for different kinds of cleaning. Our customers have said that this has a gentle but effective cleaning action which removes pet hair from the sofa without damaging the upholstery! This is because our ergonomic glove allows easy control and manoeuvrability during the cleaning process. Which means that no matter what the fabric surface is, you can easily and efficiently capture and lift pet hair, dander, and fur. 

Created by smart edge technology and a patented design, Kava brings to you the best in pet care. Head over to our website for more information!
This paragraph refers to some customer feedback, make tags only for that feedback.  Please avoid any introductory sentence like ""Here are tags for the feedback""",Prompt,* Gentle cleaning action * No damage to upholstery * Effective on sofas * Easy control & manoeuvrability * Efficient pet hair removal * Removes dander & fur * Versatile tool (mesh & velvety sides),"Customer feedback: gentle but effective cleaning action, removes pet hair without damaging upholstery, easy control and manoeuvrability, captures and lifts pet hair, dander, and fur, smart edge technology, patented design..",5,5,5,5,5,5,4,N/A,N/A,4,1,5,3,5,5,N/A,N/A,N/A,3,"Edge: Double ending punctuation (period).

Chrome gives a bulleted list (asterisks) of terms (phrases) from feedback.

Edge gives an intro ""Customer feedback: "", but it was told no intro, and this is not feedback but tags of customer feedback. In addition, ""dander and fur"" was split into multiple tags ""dander, and fur"".",4.86,3.83,TRUE,
A,Use Case 5: Summarization with conditions,Compressive,"News article

At 9:10 AM on 18th October 2025, fire broke out in the kitchen of the community hall in Greenwood society, sector 58, Gurgaon. According to community authorities, it started because of some electric shock in one of the ovens. It was a terrible sight. The chef got minor burns. He was taken to the hospital immediately. One volunteer mentioned that they gathered around the hall around 8:45 to start with the light and floral decorations while the catering team was working on making sweets and snacks for the event. There were children around the hall rehearsing for their dance performances. Thick smoke that was coming out of the hall caused panic among the residents but the staff quickly acted to evacuate the building and alerted the fire department. Fortunately the fire was controlled within minutes, preventing any major injuries or damage. The manager of the society mentioned ""By god's grace, nothing major happened! We all were here luckily to control the fire."" Mr. Bhatia also mentioned that preparations for the Diwali party will resume in the evening around 6PM after all the safety inspections are done by the authorities. ""This was a sign to be more careful in the future"", he added. 

Despite this incident, all the residents seemed to be determined and excited about the Diwali celebration. The manager of the society made sure that people don't lose their festive spirit. The management had to move the kitchen to the outdoor area because the kitchen had to be cleaned up after the incident. The swift move of the residents and management prevented the fire from spreading and causing more damage. This whole incident served as a reminder to be more cautious during festive preparations. Write 3 bullet points about the fire incident in the kitchen of community hall. Don;t mention any intro line like ""Here's the summary in 3 bullets..""",Prompt,"Here are 3 bullet points summarizing the fire incident: * A fire erupted in the kitchen of the Greenwood Society community hall at 9:10 AM on October 18th, 2025, likely caused by an electric shock in an oven. * The fire was quickly contained, resulting in only minor burns to the chef and preventing significant injuries or property damage. * Diwali preparations were temporarily disrupted, with the kitchen relocated outdoors for cleanup, but residents remained enthusiastic about the upcoming celebrations, emphasizing the need for heightened safety precautions.","- A fire broke out in the kitchen of the community hall in Greenwood society, sector 58, Gurgaon, due to an electric shock in one of the ovens, causing minor burns to the chef and panic among residents. - The fire was quickly controlled by the staff, preventing any major injuries or damage, with the kitchen moved to the outdoor area for cleaning up after the incident. - The incident served as a reminder to be more cautious during festive preparations, but the residents remained determined and excited about the Diwali celebration, with preparations resuming after safety inspections..",4,5,5,5,5,5,1,5,N/A,5,1,5,4,5,5,5,5,N/A,4,"Edge: Double ending punctuation (period).

Chrome provides an introductory statement despite being told not to. But the request starts with ""Don;t"" instead of ""Don't"". Strangely, it's not quoting the example verbatim either, so it has made its own intro statement here.

Edge has used dashes instead of asterisks for bullets. It crams a lot of information into each bullet so each bullet is a little less clear and leaves the next bullet feeling a little repetitive. ",4.38,4.38,TRUE,
A,Use Case 5: Summarization with conditions,Compressive,"On Monday, I, Nishtha and Jainica, reached the office around 9 AM, while Rohan arrived late at around 10:15 AM. We had to prepare notes for two meetings. One meeting was with Bright Tech Solutions and the other was with Nourish Mantra. We sent the notes of the meeting to our manager at reemaroy@techominds.com. Our next meeting was scheduled at 3PM so we got busy preparing for it. We had lunch around 2 PM and got on a meeting with Mr. Rajesh Oberoi, the Director of Nourish Mantra. We wrapped up the call around 4:15 PM. We decided to get to another meeting with Priya Saxena, product manager at Nourish Mantra, to discuss further actions on 9th October 2025. Later in the evening, we stepped out of the office to have some snacks. It's our time to chit-chat and gossip about anything and everything. We really look forward to this time. I had my coffee. It's the best coffee you can get for ₹350 and some fries for ₹200. Nishtha and Jainica had veg sandwiches which costs around ₹350. They also had virgin mojito for ₹150 each.Give an 80 words summary of all the meetings given in this paragraph, this is for a minutes of the day to my manager. Avoid using any introductory sentences like ""Here is the summary..""",Prompt,"**Meeting Summary - October 2025** The team prepared notes for two meetings: Bright Tech Solutions and Nourish Mantra. Notes were emailed to Reem Roy. A meeting with Mr. Rajesh Oberoi (Nourish Mantra Director) concluded at 4:15 PM. Follow-up with Priya Saxena (Nourish Mantra Product Manager) is scheduled for October 9th, 2025, to discuss next steps. Lunch was taken around 2 PM. Evening was dedicated to informal discussion.","Monday: Nishtha, Jainica, and Rohan arrived at 9 AM and 10:15 AM, respectively. We prepared notes for meetings with Bright Tech Solutions and Nourish Mantra and sent them to our manager at reemaroy@techominds.com. Lunch was at 2 PM with Mr. Rajesh Oberoi, Director of Nourish Mantra. The call wrapped up at 4:15 PM. We decided to meet Priya Saxena, Product Manager at Nourish Mantra, on 9th October 2025. Evening snacks and casual chit-chat ensued. I enjoyed coffee and fries; Nishtha and Jainica had veg sandwiches and virgin mojitos. Total expenses: ₹350 (coffee and fries) + ₹350 (sandwiches) = ₹700. Total spent on drinks: ₹150 (mojito) x 2 = ₹300. Total spent: ₹1000..",2,4,3,4,5,2,5,4,N/A,1,1,2,4,5,5,4,5,N/A,2,"Edge: Double ending punctuation (period).

Chrome keeps the word count in under 80 words, but summarizes more than the two meetings (lunch, evening outing). It also hallucinates a name ""Reem Roy"", the manager email username is ""reemaroy"" but we have no way of really knowing what the manager's actual name is.

Edge misses the word count (over 100) and notes the whole day not just the 2 meetings, including details on costs for their evening meals as well as outputting the manager's email address. It starts off as ""Monday:"" which I marked off a point under Introductory.",3.63,3.38,TRUE,
A,Use Case 5: Summarization with conditions,Compressive,"Countries are now paving their way to a more sustainable future by prioritizing renewable energies, waste management and strong environmental regulations. Some of the leading sustainable countries are Denmark, New Zealand,  Sweden, Finland, Norway, Germany, Japan, Netherlands, and Canada.

Denmark's capital Copenhagen is aiming to become the worldworld's first carbon-neutral capital. The city has already reduced carbon emissions by 42% since 2005 with their future-led initiatives like district heating systems and promoting cycling. More than 49% of commutes in Copenhagen are now by bicycle. The country is planning to achieve carbon neutrality by 2050 and has a target of reducing greenhouse gas emissions by 70% by 2030 compared to 1990 levels. The country has successfully reduced its CO₂ emissions by more than half since 1990. The country has created an association of Danish companies named State of Green, where experts and researchers seek relevant solutions to enable the green transition. This initiative tend to drive the global transition to a low-carbon, resource-efficient society that encompasses renewable energies, energy efficiency, water management, waste management, climate adaptation, circular economy and integrated urban solutions.Read the given paragraph and mention which country is set to become the world's first carbon neutral capital and how. Don't add any introductory line. ",Prompt,"Denmark's capital, Copenhagen, is aiming to become the world's first carbon-neutral capital. This is being achieved through future-led initiatives like district heating systems and promoting cycling, with more than 49% of commutes now by bicycle. The country plans to achieve carbon neutrality by 2050 and reduce greenhouse gas emissions by 70% by 2030 compared to 1990 levels.",Denmark's capital Copenhagen is aiming to become the world's first carbon-neutral capital. The city has already reduced carbon emissions by 42% since 2005 with their future-led initiatives like district heating systems and promoting cycling. More than 49% of commutes in Copenhagen are now by bicycle. The country is planning to achieve carbon neutrality by 2050 and has a target of reducing greenhouse gas emissions by 70% by 2030 compared to 1990 levels..,5,5,5,5,5,5,5,5,N/A,5,1,5,5,5,5,5,5,N/A,4,"Edge: Double ending punctuation (period).

Both models responded well with Edge providing more detail e.g. past activities Denmark has already done towards carbon neutrality.",5.00,4.50,TRUE,
A,Use Case 5: Summarization with conditions,Compressive,"Group Chat Name: Yay Weekend

Isha: So guys, what's the plan for this weekend?
Ananya: Are we going to that lake Arun mentioned?
Shubham: I'm in! The weather is good. Let's do it early in the morning?
Shreya: No way Shubham! I will be sleeping till 10AM tomorrow. That's the plan!
Isha: Comeon Shreya! It's just one day! It will be fun. I have heard a lot about that lake.
Ronak: I might have to bail guys. My cousin is moving out so helping him there. Stuck!
Ananya: Isn't it the second time he's moving out? 
Ronank: Yeah! He just can't settle at one thing and every time I get roped in. Ugh!
Rishabh: That lake is actually really beautiful You get the best sunrise view. I'm in!
Isha: So, lake it is! What time are we meeting tomorrow?
Ananya: 6 AM? Ask Shreya! LOL!
Shreya: Anything for you guys! I'm in but I'll drive.
Isha: Yay! Let's gooo!Summarize the weekend plan and mention who is out of the plan and why. Don't mention any introductory line like ""Here are some specific points...""",Prompt,"The group plans to visit the lake tomorrow morning. Shubham suggested an early start, but Shreya won't be able to join until 10 AM. Ronak is unavailable due to helping his cousin move out for the second time. Rishabh is in and will enjoy the sunrise view. Shreya will drive. The meeting time is set for 6 AM.","The weekend plan is to go to the lake mentioned by Arun, which Shubham, Ronak, and Shreya agree to join. The meeting time proposed is 6 AM, with Shreya driving. Shreya will be sleeping until 10 AM, so she is the only one out of the plan due to her sleeping schedule. Ronak has to leave early to help his cousin move out..",2,4,4,3,5,4,5,5,N/A,2,1,4,2,5,4,4,4,N/A,3,"Edge: Double ending punctuation (period).

Chrome says that Shreya won't join until 10AM and yet will be driving for the 6AM meeting. Which is it?

Edge presumes Shreya is a she. There isn't anything in the text that confirms gender/sex for Shreya. After saying the meeting is at 6AM with Shreya driving, it then says Shreya will be sleeping until 10am and is out of the plan. It also says Ronak agreed to join, but has to leave early to help his cousin. Ronak says ""I might have to bail"" meaning he probably won't make it, not that he would leave half way. Edge missed that Rishabh is also going.",4.00,3.25,TRUE,
A,Use Case 5: Summarization with conditions,Compressive,"News article

At 9:10 AM on 18th October 2025, fire broke out in the kitchen of the community hall in Greenwood society, sector 58, Gurgaon. According to community authorities, it started because of some electric shock in one of the ovens. It was a terrible sight. The chef got minor burns. He was taken to the hospital immediately. One volunteer mentioned that they gathered around the hall around 8:45 to start with the light and floral decorations while the catering team was working on making sweets and snacks for the event. There were children around the hall rehearsing for their dance performances. Thick smoke that was coming out of the hall caused panic among the residents but the staff quickly acted to evacuate the building and alerted the fire department. Fortunately the fire was controlled within minutes, preventing any major injuries or damage. The manager of the society mentioned ""By god's grace, nothing major happened! We all were here luckily to control the fire."" Mr. Bhatia also mentioned that preparations for the Diwali party will resume in the evening around 6PM after all the safety inspections are done by the authorities. ""This was a sign to be more careful in the future"", he added. 

Despite this incident, all the residents seemed to be determined and excited about the Diwali celebration. The manager of the society made sure that people don't lose their festive spirit. The management had to move the kitchen to the outdoor area because the kitchen had to be cleaned up after the incident. The swift move of the residents and management prevented the fire from spreading and causing more damage. This whole incident served as a reminder to be more cautious during festive preparations. No spoilers, but I want a preview write up of this paragraph that helps the audience understand what it is about without giving away any important aspects. There should be no usage of any introductory lines in the response. ",Prompt,"A sudden fire erupted at a community hall in Gurgaon on October 18th, 2025, during Diwali preparations. The incident, originating from an electrical issue in an oven, quickly triggered an evacuation and a swift response from the community. While minor injuries were reported, the fire was swiftly contained, preventing widespread damage. Despite the unexpected event and temporary disruption to festivities, residents and management remain resolute in their plans to proceed with the Diwali celebrations, emphasizing renewed caution in future preparations.","At 9:10 AM on October 18, 2025, a fire erupted at the community hall kitchen in Greenwood society, sector 58, Gurgaon. The blaze began due to an electric shock in one of the ovens. The chef sustained minor burns and was promptly taken to the hospital. Volunteers had gathered around the hall to begin decorating with lights and flowers while the catering team prepared sweets and snacks. Children rehearsed dance performances nearby when thick smoke filled the hall, causing panic. Staff quickly evacuated the building and called the fire department. The fire was controlled swiftly, preventing serious injuries or damage. The manager expressed relief that nothing major occurred and assured that preparations for the Diwali celebration would resume at 6 PM after safety inspections. Mr. Bhatia noted that the incident underscored the importance of caution during festive preparations. The kitchen was relocated outdoors for cleaning, and the community's swift response prevented further damage. This event reminded everyone to be careful during festive times. No spoilers, but this preview hints at a fire incident during Diwali preparations without revealing key details..",2,4,2,5,5,5,4,5,N/A,1,1,1,4,5,5,4,5,N/A,2,"Edge: Double ending punctuation (period).

The prompter seems to be looking for a clickbait preview. There are 2 paragraphs but the prompter says ""I want a preview write up of this paragraph"", so it's not clear if they want the model to clickbait-ize the latter paragraph or what.

Regardless, both models seem to miss the intent or at least ""without giving away any important aspects"" and proceed to give away most of the important aspects.

Edge gives almost all the aspects of the incident and incorrectly concludes with part of the prompt: ""No spoilers, but this preview hints at a fire incident during Diwali preparations without revealing key details..""",4.00,3.25,TRUE,
A,Use Case 5: Summarization with conditions,Compressive,"From: [Grisha12@gmail.com](mailto:Grisha12@gmail.com)
To: [Laura24@gmail.com](mailto:Laura24@gmail.com)
Subject: Life Update: Long Time No See

Hey Laura,

It's been a while since we sent each other long emails about our life updates and here's a sign to do it more often! I hope things are going well at your end. There's something I wanted to share with you! Well, I finally left my job at Bright Tech Solutions and started my own business. It's been a whirlwind since then and I'm loving this ride. I am coming to Mumbai next week for some business and would love to catch up with you.

Last week I was in Delhi and I stayed with Nishtha for two days. We missed you a lot! We tried calling you but both of us didn't have your new number, so please share that so that I can keep you updated with all the gossip. On the first day, we explored India Gate for some amazing views and vibes, and the next day, we went to Old Delhi, close to Jama Masjid, and explored the narrow streets where old craftsmen used to work.

I then went to Goa and stayed in a hostel named Anda (just keeping the same hostel name). It was a great one! The dorms were quite clean. There was live music at night and I sang my heart out. They even sang your favorite song “Hotel California”. I met some crazy people, took my time to catch up with my books, and ate all the Goan food I could. It was a much-needed trip. I can't wait to share all the crazy stories with you.

Let me know how things are with you. How’s Mumbai treating you?

Miss you loads. Waiting for your reply!

Big hugs,
GrishaSummarize the Grisha's stay in delhi and mention in bullets what all she did in the hostel. Any introductory line in the response should not be included. ",Prompt,"Grisha spent a couple of days in Delhi staying with Nishtha. They missed Laura and tried calling her, but didn't have her new number. Here's a summary of Grisha's hostel experience in Goa: * Stayed at a hostel called Anda. * Dorms were clean. * Enjoyed live music at night and sang. * They even played Laura's favorite song, ""Hotel California."" * Met interesting people. * Read books. * Ate a lot of Goan food.","- Stayed with Nishtha for two days in Delhi - Explored India Gate and Old Delhi - Visited Jama Masjid and narrow streets with old craftsmen - Stayed in a hostel named Anda in Goa - Dorms were clean - Live music and singing at night - Sang favorite song ""Hotel California"" - Met crazy people - Caught up with books - Ate Goan food - Missed catching up with Grisha in Delhi due to not knowing her new number number",2,5,4,5,5,5,3,5,N/A,2,3,3,5,5,5,4,5,N/A,3,"Edge: Double ending response (number number).

Chrome: For the bulleted part of the ask, it provides an introductory line and summarizes aspects of staying at the hostel, not only things Grisha did at the hostel. E.g. ""Dorms were clean"" is not an action but a description.

Edge: Instead of summarizing the time in Delhi, it provides the whole response in bullet format, so it's difficult to determine where summary ends and actions at the hostel start. It also includes ""dorms were clean"" which is not an action at the hostel.",4.25,4.00,FALSE,
A,Use Case 5: Summarization with conditions,Compressive,"From: Grisha12@gmail.com
To: Laura24@gmail.com
Subject: Life Update: Long Time No See

Hey Laura,

It's been a while since we sent each other long emails about our life updates and here's a sign to do it more often! I hope things are going well at your end. There's something I wanted to share with you! Well, I finally left my job at Bright Tech Solutions and started my own business. It's been a whirlwind since then and I'm loving this ride. I am coming to London next week for some business and would love to catch up with you. 

Last week I was in Paris and I stayed with Nishtha for two days. We missed you a lot! We tried calling you but both of us didn't have your new number, so, please share that so that I can keep you updated with all the gossip. After Paris, I went to Venice and there I decided to stay in a hostel, just like old times. It was hell of a ride! I met some crazy people, took my time to catch up with my books, and ate all the pizza I could. It was a much-needed trip. I can't wait to share all the crazy stories with you. 

Let me know how things are with you. How's London treating you?

Miss you loads. Waiting for your reply!

Big hugs, 
GrishaCreate one sentence that encapsulates Grisha's stay in Paris. No intro statement like ""here's a sentence.."" should be there in the response. ",Prompt,"Grisha spent a couple of days in Paris staying with Nishtha, missing Laura.",Grisha missed Nishtha and Paris as he stayed with Nishtha for two days..,5,5,5,5,5,5,5,5,N/A,2,1,4,2,5,2,5,2,N/A,2,"Edge: Double ending punctuation (period).

Edge mistakenly reports Grisha missed Nistha, but it's the two of them that missed Laura. It also says Grisha is a ""he"" but the prompter said ""she"" in their ask.",5.00,2.88,TRUE,
A,Use Case 5: Summarization with conditions,Compressive,"On Monday, I, Nishtha and Jainica, reached the office around 9 AM, while Rohan arrived late at around 10:15 AM. Our office is in Koramangala and it takes around 1 hour for me to reach the office. Still I managed to reach on time but Rohan was as usual late for our internal meeting. The minute he came in, we sat down to prepare notes for two meetings. One meeting was with Bright Tech Solutions and the other was with Nourish Mantra. We sent the notes of the meeting to our manager at reemaroy@techominds.com. Our next meeting was scheduled at 3PM so we got busy preparing for it. We had lunch around 2 PM and got on a meeting with Mr. Rajesh Oberoi, the Director of Nourish Mantra. We wrapped up the call around 4:15 PM. We decided to get to another meeting with Priya Saxena, product manager at Nourish Mantra, to discuss further actions on 9th October 2025. Later in the evening, we stepped out of the office to have some snacks. It's our time to chit-chat and gossip about anything and everything. We really look forward to this time. I had my coffee. It's the best coffee you can get for ₹350 and some fries for ₹200. Nishtha and Jainica had veg sandwiches which costs around ₹350. They also had virgin mojito for ₹150 each.Mention where the writer's office is and what all meetings she attended after reaching the office in not more than 100 words. Don't mention any introductory line in the response.",Prompt,"The writer's office is in Koramangala. After arriving at 9 AM with Nishtha and Jainica, she attended internal meetings with Bright Tech Solutions and Nourish Mantra. She also participated in a meeting with Mr. Rajesh Oberoi, Director of Nourish Mantra, which concluded at 4:15 PM. Following this, they planned another meeting with Priya Saxena, product manager at Nourish Mantra, for October 9th, 2025. The group then went out for snacks and chit-chat after work.","The writer's office is located in Koramangala. She attended meetings with Bright Tech Solutions and Nourish Mantra, sent meeting notes to her manager, and had lunch at Nourish Mantra, where she discussed with Mr. Rajesh Oberoi, the Director. She planned another meeting with Priya Saxena, product manager at Nourish Mantra, on 9th October 2025. After work, she and colleagues enjoyed snacks and coffee, with options including coffee, fries, and veg sandwiches, along with virgin mojito drinks..",2,4,3,4,5,4,5,5,N/A,2,1,3,4,5,2,5,5,N/A,2,"Edge: Double ending punctuation (period).

The meetings are: 1 internal meeting, 1 meeting with Nourish Mantra.

Chrome: Mistakenly interprets the preparation for two meetings during the internal meeting as internal meetings themselves. It also mentions upcoming planned-for meetings which was not asked for. But it keeps within 100 word count.

Edge: Makes the same mistake regarding meetings, but also mistakens lunch happening at Nourish Mantra with whom they likely had the 3PM call, we know for sure Nourish Mantra is not where they had lunch because they ""wrapped up the call around 4:15pm"". Also mentions the additional planned-for meeting, which was not asked of it. Also kept word count under 100.",4.00,3.38,TRUE,
A,Use Case 5: Summarization with conditions,Compressive,"From: Grisha12@gmail.com
To: Laura24@gmail.com
Subject: Life Update: Long Time No See

Hey Laura,

It's been a while since we sent each other long emails about our life updates and here's a sign to do it more often! I hope things are going well at your end. There's something I wanted to share with you! Well, I finally left my job at Bright Tech Solutions and started my own business. It's been a whirlwind since then and I'm loving this ride. I am coming to London next week for some business and would love to catch up with you. 

Last week I was in Paris and I stayed with Nishtha for two days. We missed you a lot! We tried calling you but both of us didn't have your new number, so, please share that so that I can keep you updated with all the gossip. After Paris, I went to Venice and there I decided to stay in a hostel, just like old times. It was hell of a ride! I met some crazy people, took my time to catch up with my books, and ate all the pizza I could. It was a much-needed trip. I can't wait to share all the crazy stories with you. 

Let me know how things are with you. How's London treating you?

Miss you loads. Waiting for your reply!

Big hugs, 
GrishaWrite the summary about what Grisha did in Paris and Venice in 3 bullet points. Please do not include any introductory line in the response.",Prompt,"* Grisha stayed with Nishtha in Paris for two days. * After Paris, Grisha traveled to Venice and stayed in a hostel. * Grisha enjoyed a memorable experience in Venice, meeting interesting people, reading books, and eating lots of pizza.","- Stayed with Nishtha for two days in Paris. - Tried calling Laura but couldn't find her new number. - Visited Venice and stayed in a hostel, met new people, caught up with books, and ate pizza..",5,5,5,5,5,5,5,5,N/A,5,1,4,4,5,5,5,5,N/A,4,"Edge: Double ending punctuation (period).

Both models respond well and maintain 3 bullets. 

Edge reads a little differently and strangely, by omitting Grisha from the bullets, each read as if the model is either speaking as or for Grisha. It's as if there's an implied ""I"", ""Grisha"", or ""She"" at the onset of each bullet, but without any of those it's not clear.",5.00,4.25,TRUE,
A,Use Case 6: Personalization,Generative,"Here's our simple 3-day itinerary for a trip to London!

Day 1 - 14th August: Travel to London
7:00 AM - Rosie and Lily depart from Rome.
Take a flight from Rome Fiumicino Airport (FCO) to London Heathrow (LHR).
Flight duration: 2 hours 30 minutes.
Flight details: Ryanair, Flight #FR1050.
Email contact: Rosie (rosie@email.com), Lily (lily@email.com)
Phone contact: Rosie: +39 333 555 1234, Lily: +39 333 555 5678.
9:30 AM - Arrive in London Heathrow.
Take a taxi to the hotel and check-in.
12:00 PM - Lunch at a nearby café.
Enjoy some local dishes and relax.
2:00 PM - Explore Central London.
Visit Buckingham Palace, Big Ben, and the London Eye.
6:00 PM - Dinner at a restaurant in Covent Garden.
8:00 PM - Return to hotel and rest for the night.

Day 2 - 15th August: Backstreet Boys Concert
9:00 AM - Breakfast at the hotel.
10:00 AM - Visit Tower of London.
Spend the morning exploring this historic site.
1:00 PM - Lunch at Borough Market.
Enjoy delicious street food and local snacks.
3:00 PM - Free time for shopping or visiting any sights.
5:30 PM - Early dinner at a nearby restaurant before heading to the concert.
7:00 PM - Leave for Wembley Stadium.
Arrive at Wembley Stadium by 7:30 PM.
8:00 PM - Attend the Backstreet Boys concert.
Event organizer contact: Wembley Event Coordinator, Sarah Miller.
Phone: +44 20 8900 5500.
Email: sarah.miller@wembleystadium.co.uk
11:00 PM - Return to the hotel after the concert.

Day 3 - 16th August: Relax and Explore
9:00 AM - Breakfast at the hotel.
10:30 AM - Visit the British Museum.
1:00 PM - Lunch at a café near the museum.
3:00 PM - Take a boat tour along the River Thames.
6:00 PM - Return to the hotel, pack, and check out.
7:30 PM - Depart for Heathrow Airport.
Flight back to Rome (Flight #FR1051).
9:30 PM - Arrive back in Rome.This is a trip itenerary for a visit with my 49 year old Aunt and my 18 year old cousin. We are going for our annual vacation, which we usually also take my mother for, but she is working. We would love if this itenerary was more fun adn age appropriate. Create some time in the evening for my cousin and I to try out fun city walks and explore London's creepy side! (We are big horror movie buffs) also add in the itenerary things that are nature related! My aunt would love that. Please recreate this keeping in mind the age differences",Prompt,"## London Adventure: A 3-Day Itinerary for Rosie, Lily, and Aunt (August 14th-16th) Here's a revised itinerary focusing on more engaging activities for everyone, incorporating your interests in horror, nature, and fun city explorations, while respecting the age differences in the group. **Day 1 - 14th August: Arrival & Central London Charm** * **7:00 AM - Rosie & Lily Depart from Rome.** (Same as original) * **9:30 AM - Arrive at London Heathrow (LHR).** (Same as original) * **9:30 AM - 10:30 AM - Airport to Hotel & Settle In.** Take a taxi to your hotel. Consider a hotel with a nice view or a central location with easy access to public transport. (Consider mentioning a hotel with a garden or nearby park if you're looking for nature integration). * **10:30 AM - 12:00 PM - Hotel Relaxation & Refreshments.** Allow time to unpack and get settled before lunch. * **12:00 PM - 1:30 PM - Lunch at a Local Pub or Café.** Enjoy a quintessential British pub lunch or a relaxed café experience. This provides a good introduction to the city. * **1:30 PM - 4:00 PM - Royal London & Iconic Views (with a twist!).** * **Buckingham Palace (Changing of the Guard - check timings beforehand!).** This is a must-see but can be quite crowded. * **St. James's Park:** Take a leisurely stroll through this beautiful park, a wonderful spot for some nature appreciation. (Consider mentioning the lake and wildlife). * **Big Ben & Houses of Parliament.** Snap some photos of these iconic landmarks. * **London Eye:** Enjoy panoramic views of the city. Consider pre-booking tickets to avoid queues. * **4:00 PM - 6:00 PM - Hidden Gems & a Touch of Mystery.** * **Explore Westminster Abbey:** This historical site has fascinating stories. (Consider a guided tour to make it more engaging). * **Whispers of the Past Walk:** Instead of just sightseeing, embark on a self-guided or guided walk focusing on London's darker side. Many companies offer themed ghost walks, exploring historical hauntings and spooky stories. (This caters to your horror interests and is fun for all ages!). * **6:00 PM - 7:30 PM - Dinner in Covent Garden.** (Same as original) * **7:30 PM - 9:00 PM - Relax at the Hotel or a Quiet Evening Stroll.** Allow time to unwind after a busy day. * **9:00 PM - Rest for the night.** **Day 2 - 15th August: Backstreet Boys & Gothic London** * **9:00 AM - Breakfast at the Hotel.** (Same as original) * **10:00 AM - Tower of London Exploration.** (Same as original) * **12:00 PM - 1:00 PM - Lunch at Borough Market.** (Same as original) * **1:00 PM - 3:00 PM - Tower Bridge & River Thames Exploration.** * **Tower Bridge Exhibition:** Explore the inner workings of this iconic bridge, offering stunning views. * **Thames River Walk:** Enjoy a stroll along the South Bank, taking in the street performers and atmosphere. (Consider a short, scenic walk towards Shakespeare's Globe). * **3:00 PM - 5:30 PM - Shopping & Creative Exploration.** Allow time for shopping or browsing in a neighborhood like Shoreditch (trendy street art) or Camden Town (alternative markets). * **5:30 PM - 7:00 PM - Early Dinner.** Choose a restaurant near Wembley Stadium. * **7:00 PM - 7:30 PM - Travel to Wembley Stadium.** (Same as original) * **8:00 PM - 11:00 PM - Backstreet Boys Concert!** (Same as original) * **11:00 PM - Return to Hotel.** (Same as original) **Day 3 - 16th August: Museums, Nature & Departure** * **9:00 AM - Breakfast at the Hotel.** (Same as original) * **10:30 AM - British Museum Visit.** (Same as original) * **1:00 PM - Lunch near the British Museum.** (Same as original) * **2:00 PM - Hyde Park & Kensington Gardens - A Nature Break.** * **Hyde Park:** Enjoy a relaxing walk or picnic in Hyde Park. You could rent a rowboat on the Serpentine Lake for a more scenic experience. * **Kensington Gardens:** Explore Kensington Gardens, home to Kensington Palace and beautiful flowerbeds. (This is a great spot for Aunt to enjoy the greenery). * **Princess Diana Memorial Fountain:** A poignant spot to reflect. * **4:00 PM - River Thames Boat Tour.** (Same as original) * **5:30 PM - Return to Hotel, Pack & Check Out.** (Same as original) * **6:30 PM - Travel to Heathrow Airport.** (Allow ample time for travel, especially during peak hours). * **9:30 PM - Arrive back in Rome.** (Same as original) **Tips for a Fun & Age-Appropriate Trip:** * **Flexibility is key!** Don't over-schedule. Leave room for spontaneous exploration and relaxation. * **Consider Comfortable Shoes:** Lots of walking is involved! * **Public Transportation:** Utilize London's excellent tube system for efficient travel. Consider purchasing an Oyster card or contactless payment. * **Pre-booking:** Book tickets for popular attractions (London Eye, Tower of London, Backstreet Boys concert) in advance to avoid long queues. * **Restaurant Reservations:** Make restaurant reservations, especially for dinner. * **Evening Walks:** Discuss with Lily what kind of creepy walks she’d enjoy (historical, supernatural). Research companies offering these tours and pre-book if desired. * **Photography Opportunities**: Encourage everyone to capture memories throughout the trip! I hope this revised itinerary provides a more balanced and engaging experience for everyone in your group!","Sure, here's a revised itinerary for you, your Aunt, and your cousin, keeping in mind the age differences and incorporating fun, city walks, horror-themed explorations, and nature-related activities: **Day 1 - 14th August: London Arrival and Exploration** - **7:00 AM - 8:00 AM:** Breakfast at the hotel and check-in. - **8:00 AM - 9:00 AM:** Enjoy a relaxing morning at the hotel pool (optional). - **9:00 AM - 10:00 AM:** Breakfast at a local café. - **10:00 AM - 1:00 PM:** Visit Buckingham Palace, Big Ben, and the London Eye. Take plenty of photos and enjoy the sights. - **1:00 PM - 2:00 PM:** Lunch at a nearby café. Try local dishes and maybe a famous fish and chips. - **2:00 PM - 3:00 PM:** Walk through Covent Garden Market and shop for souvenirs. - **3:00 PM - 5:00 PM:** Free time for shopping or visiting any sights of interest. - **5:00 PM - 6:00 PM:** Dinner at a restaurant in Covent Garden. Try some local cuisine. - **6:00 PM - 7:00 PM:** Return to the hotel and relax for the night. - **7:00 PM - 8:00 PM:** Dinner at a restaurant near the hotel. - **8:00 PM - 9:00 PM:** Walk around the nearby area, exploring the streets and maybe catching a glimpse of some local nightlife. - **9:00 PM - 10:00 PM:** Return to the hotel and rest for the night. **Day 2 - 15th August: Backstreet Boys Concert and London Exploration** - **7:00 AM - 8:00 AM:** Breakfast at the hotel. - **8:00 AM - 10:00 AM:** Visit the Tower of London. Take a guided tour and enjoy the historic site. - **10:00 AM - 11:00 AM:** Lunch at a nearby café. Try some local street food. - **11:00 AM - 1:00 PM:** Visit Borough Market and enjoy shopping for local produce and souvenirs. - **1:00 PM - 3:00 PM:** Free time for lunch or exploring the area. Maybe visit a nearby park or garden. - **3:00 PM - 5:00 PM:** Return to the hotel to prepare for the evening. - **5:00 PM - 6:00 PM:** Early dinner at a nearby restaurant. - **6:00 PM - 7:00 PM:** Head to the concert venue (Wembley Stadium). Enjoy the Backstreet Boys concert. - **7:00 PM - 8:00 PM:** Return to the hotel and rest. - **8:00 PM - 9:00 PM:** Dinner back at Covent Garden. - **9:00 PM - 10:00 PM:** Walk around Covent Garden and enjoy some local nightlife. Try some local pubs or clubs. - **10:00 PM - 11:00 PM:** Return to the hotel. Rest for the night. **Day 3 - 16th August: London Relaxation and Horror-themed Exploration** - **7:00 AM - 8:00 AM:** Breakfast at the hotel. - **8:00 AM - 9:00 AM:** Relax at the hotel pool or take a stroll in a nearby park. - **9:00 AM - 10:00 AM:** Breakfast at a nearby café. - **10:00 AM - 12:00 PM:** Visit the British Museum and enjoy exploring its exhibits. - **12:00 PM - 1:00 PM:** Lunch at a nearby café. Enjoy some local cuisine. - **1:00 PM - 3:00 PM:** Take a boat tour along the River Thames. Enjoy the scenic ride and the views of London's skyline. - **3:00 PM - 5:00 PM:** Return to the hotel, pack, and check out. - **5:00 PM - 6:00 PM:** Early dinner at a nearby restaurant. - **6:00 PM - 7:00 PM:** Return to the hotel and relax before departure. - **7:00 PM - 8:00 PM:** Head to the train station for departure. - **8:00 PM - 9:30 PM:** Return flight to Rome (Flight #FR1051). Arrive back in Rome. **Evening Fun and Horror-themed Exploration for Cousins:** - **Evening (Day 2 and Day 3):** Spend time in the evening exploring London's creepy side, such as visiting the London Dungeon or exploring spooky pubs and clubs. Enjoy horror movie-themed walks and maybe even visit some haunted houses or themed attractions. **Nature-related Activities:** - **Day 2 and Day 3 Morning:** Visit Hyde Park or Richmond Park for a peaceful morning walk, enjoying the greenery and nature. I hope this revised itinerary suits your interests and makes your trip enjoyable for everyone involved! Safe travels!!",5,5,5,5,5,5,5,N/A,N/A,1,2,3,1,5,5,5,N/A,N/A,1,"Edge: Double ending punctuation (exclamation mark).

Edge removes their flight to London and replaces it with breakfast at the hotel. It also has dinner twice on the first night and returning to the hotel for relaxing on the first night twice. It has lunch twice on Day 2. It says to enjoy the concert but spends zero time there in the itinerary and has dinner twice again. It has breakfast twice on Day 3. It's suggestions after the fact should have been mentioned in-place with the itinerary.",5.00,3.14,FALSE,
A,Use Case 6: Personalization,Generative,"Subject: Request for more information on package IN123456781US

Dear Team, 

I am following up on a previous email, and want to escalae this issue with the management.  Last month, I had sent a package to the United States. It was a bunch of young adult books being sent to 123 Pine Street, New York, NY 10001, USA. They gave me a tracking number IN123456781US. I received confirmation from shipping@delivery.com and a number (875-425-9999), stating that it has been shipped at around 3:00 P.M. According to the tracking number, the package was supposed to reach the address between 09/25/2025 and 10/03/2025. It’s currently 10/10/2025 and I still haven’t received any confirmation. I wrote an email about this on the 10/05/205 as well but haven't been given the promised update. Please escalate this issue and send me my package ASAP or get me in touch with an executive, please. 

Best, 
Angela M. 
Consultant at IMTC.I'm a financial consultant at Everline Financial Group. I work with a team of five people and one lead manager. I need to resolve an issue where I’ve been unable to access several client account files due to a recurring authorization error in our reporting system. Based on the given email, can you draft a transcript for a customer support chat for the same addressing this situation?

Avoid mentioning any introductory sentences in the response.",Prompt,"## Customer Support Chat Transcript **Angela M:** Hi, I’m following up on package IN123456781US. It was shipped to 123 Pine Street, New York, NY 10001, USA, on 09/25/2025. The expected delivery date was 10/03/2025. It’s now 10/10/2025 and I still haven't received it. I sent a previous email on 10/05/2025 but haven’t received an update. **Support Agent:** Thank you for contacting us. I understand your concern regarding package IN123456781US. I’m looking into this right away. Could you please confirm the contents of the package? **Angela M:** The package contains several young adult books. **Support Agent:** Thank you. Let me check the tracking information. ... I see that the package was marked as shipped on 09/25/2025 at approximately 3:00 PM. I apologize for the delay. There appears to be an issue with the delivery process. **Angela M:** I'm quite concerned. The expected delivery date has passed, and I haven't received any confirmation of delivery. **Support Agent:** I understand your frustration. I’m going to initiate a trace on this package to determine its current location. This usually takes 24-48 hours. In the meantime, I'm escalating this to our senior logistics team to expedite the process. **Angela M:** I appreciate that. I'm also experiencing another issue. I'm unable to access several client account files in our reporting system. I keep receiving an authorization error. This is impacting my ability to fulfill my client responsibilities. **Support Agent:** Thank you for bringing that to our attention. I understand the urgency of this. Could you please provide me with your username and the specific file names you’re encountering issues with? I’ll forward this information to our technical support team immediately. **Angela M:** Username is angela.m@everline.com. The files I'm having trouble with are: ClientReport_Smith, ClientReport_Jones, ClientReport_Brown. **Support Agent:** Thank you, Ms. M. I've forwarded that information to our technical team. They are prioritizing resolving this authorization issue. We will contact you within 2 business days with an update. **Angela M:** Okay. Regarding the package, what steps are being taken to ensure it is delivered? **Support Agent:** We’re actively tracing the package. I will personally follow up with you within 24 hours with an update on its location. I can also escalate this further to a supervisor if you’d prefer. **Angela M:** Yes, please escalate the package issue. I'd also appreciate an executive contact for the reporting system issue, if possible. This is significantly impacting client service. **Support Agent:** Absolutely. I’ve escalated the package issue to our escalation team and requested a supervisor be assigned to your reporting system issue. You will receive a call within 24 hours from a supervisor regarding that. I will also follow up on the package trace within 24 hours and provide an update. Is there anything else I can assist you with today? **Angela M:** No, that’s all for now. Thank you. **Support Agent:** You're welcome. We appreciate your patience. We'll do our best to resolve both issues promptly. Thank you for contacting us.","Customer Support: Hi Angela, I'm Alex from Everline Financial Group. I understand you're experiencing difficulties accessing your client account files due to an authorization error. I apologize for any inconvenience this may have caused. Let's work together to resolve this issue. Can you please provide me with the specific details of the error message you are encountering? Additionally, could you confirm the names of the accounts you are trying to access? I will need this information to assist you better. Thank you..",2,4,3,3,5,2,5,N/A,N/A,4,1,4,4,5,4,5,N/A,N/A,1,"Edge: Double ending punctuation (period).

The prompt is difficult to evaluate. A chat support transcript is asked for, but it's not clear if they want a new subject modeled after this one, or to use the same one and add file authorization issues to it, or just provide an initial comment for a support chat, like drafting an email.

Chrome does the former but mistakens Angela M as someone from Everline Financial Group (and fabricates her email and files she has trouble with), her email signature clearly says Consultant at IMTC, so she's not with EFG.

Edge takes a completely different like the last example I mentioned.

Given the ambiguity of the prompt, neither can be considered wholly wrong or wholly right, but Edge does better in its understanding of how to approach this.",3.43,3.86,TRUE,
A,Use Case 6: Personalization,Generative,"19_AttickGil:
Should I ask my friend who is visiting to pay me back or leave it???
Okay chat. I have an issue! Sarah (my bff from Hyderabad) recently came to Bangalore. We went to the movies to watch the latest Final Destination that's only meant for ages 18 and up. We went on March 28th, 2025 (03/28/2025) for a 5:00 P.M. show. I bought the tickets and the popcorn, because she didn’t have cash and it was  billed to my credit card and the total was Rs. 4000 (including the food we bought later). We got our tickets on our emails (tina@gmail.com and sarah_adams@gmail.com) as well as phone numbers (786-443-5678 & 998-345-2290), so I know she has seen the total ticket costs and I hope has understood that the food was also expensive. We are going out for dinner again tonight at 21:00 hours, so I was thinking of asking her to pay as that will make up for the difference in cost. But would that look cheap and rude of me?

282_Sammygives2:
Is that your real number? I hope not, isn’t safe to keep it here. And ya, I think you should pay for it! She must’ve spent money on her tickets to come to Bangalore

Officescranton_beetsalways:
I get that she has come to visit but I think friends should split costs, because the economy is rough. But if this is the only time you have spent money outside in a while, then I think you should let it be. 
Based on the user’s experience of taking a friend to watch a movie and paying for tickets and snacks, please create a detailed flowchart that mentions the sequence of events from planning the outing to deciding whether to ask for repayment. The flowchart should not be more than 8 steps..",Prompt,"## Flowchart: Movie Outing & Repayment Decision Here's a flowchart outlining the sequence of events and decision points, based on the user's situation: ```mermaid graph TD A[Planning the Outing: Agreeing on Movie & Date (March 28, 2025)]; B[Purchasing Tickets & Snacks (Paying Rs. 4000 on Credit Card)]; C[Enjoying the Movie & Outing (Final Destination)]; D[Confirmation of Cost (Email & Phone Number Records)]; E[Dinner Plans for Tonight (21:00 Hours)]; F{Consider Repayment? (Friend's Finances & Contribution)}; G[Ask for Repayment (Politely & Directly)]; H[Accept/Decline Repayment]; A --> B; B --> C; C --> D; D --> E; E --> F; F -- Yes (Friend seems financially able & appreciative) --> G; F -- No (Concerned about friendship/potential awkwardness) --> H; G --> H; H --> END((End)); H -- Accept --> END; H -- Decline --> END; ``` **Explanation of Steps:** 1. **Planning the Outing:** The process begins with agreeing on the movie and date. 2. **Purchasing Tickets & Snacks:** The user pays for tickets and popcorn, totaling Rs. 4000, using their credit card. 3. **Enjoying the Movie & Outing:** The user and friend enjoy the movie and subsequent outings. 4. **Confirmation of Cost:** The user confirms the total expense with their friend via email and phone number records. 5. **Dinner Plans:** Plans are made for dinner, which could be factored into the cost discussion. 6. **Consider Repayment?:** A crucial decision point. The user considers their friend's financial situation and their overall relationship. 7. **Ask for Repayment:** If deciding to ask, a polite and direct request is made. 8. **Accept/Decline Repayment:** The friend responds, either agreeing to repay or declining (potentially leading to a discussion about the friendship). **Important Note:** This flowchart focuses on the *sequence* of events. The ""Should I ask?"" question is a complex social decision that isn't fully represented within the flowchart itself. The flowchart provides the context for the user's dilemma.","Sure, here's a detailed flowchart outlining the sequence of events from planning the outing to deciding whether to ask for repayment: 1. **Plan Outing** - Decide on a movie to watch with friend Sarah. 2. **Book Tickets** - Purchase movie tickets online billed to your credit card, total Rs. 4000 including snacks. 3. **Confirm Details** - Confirm Sarah's participation and ensure she understands the cost (Rs. 4000 total). 4. **Go Movie Night** - Attend the movie on March 28th, 2025 at 5:00 P.M. 5. **Enjoy Time Together** - Have dinner and other activities with Sarah. 6. **Discuss Costs** - After dinner, discuss the costs incurred during the outing. 7. **Evaluate Situation** - Consider Sarah's financial situation and previous spending habits. 8. **Decide on Repayment** - Decide whether to ask Sarah to pay for her share or split costs. This flowchart provides a clear sequence of events from planning the outing to deciding whether to ask for repayment, ensuring that all relevant aspects are taken into consideration..",5,5,5,5,5,5,5,N/A,N/A,4,1,4,5,4,5,5,N/A,N/A,4,"Edge: Double ending punctuation (period).

Edge does not fully capture the decision aspect of a flow chat for ""deciding whether to ask for repayment"", and that should come before the dinner, not after. From contractual and social perspectives, it's better to ask before the dinner rather than when a bill is present or has already been paid. Nobody appreciates a surprise bill and it could dampen their relationship.",5.00,4.00,TRUE,
A,Use Case 6: Personalization,Generative,"LINCOLN
   Written by
                         Tony Tied                     
                                                 
                     
    Based in Part on
     The Political Maths of Abraham Lincoln
           By Amin Tree
                         
                         
                         
                         
                                                 Final Shooting Script
                                                     December 20, 2010
          EXT. BATTLEFIELD, JENKINS' FERRY, ARKANSAS - DAY

Dark heavy clouds press down on a flooded Arkansas field. Water comes up past tje ankles. Cannons lie half-sunk, wheels twisted in the mud still chained to horses and oxen that are not moving anymore. They all seem to be in a post bobardent area

All around is chaos. Union soldiers and Confederate soldiers walk through the water, slipping and sliding, grabbing whatever weapon’s at hand: rifles, bayonets, pistols, knives, even bare fists. Nobody’s following orders. There’s nothing organized or distant here. It is  just raw, brutal fighting and you can feel the hate. Neither side plans to leave survivors.

HAROLD GREEN (V.O.)
Some of us were Second Kava Colored. We fought the Guerellas at Jenkins’ Ferry last May, right after they murdered every black soldier they caught at Poison Springs.

Rain pours down. Fog hangs low over Union Army camps scattered across the field. Soldiers get ready for the coming assault on the Confederate port at Wilmington, North Carolina.

Two Black soldiers stand in front of a bivouacked colored unit. SAM BROWN, an infantryman in his late thirties stands beside MEENA MARK, a young cavalryman turned eighteen. Nearby, ABRAHAM LINCOLN sits on a bench, his tall hat resting beside him watching the two men.

HAROLD GREEN
Back at Jenkins’ Ferry, we decided no taking guerella prisoners. Not that day. We did not leave a single one alive. Those of us who made it, we joined the 116th U.S. Colored. Camp Nelson, Kentucky.

LINCOLN
What’s your name, soldier?

HAROLD GREEN
Private Harold Green, sir.

IRA CLARK
Corporal Ira Clark, sir. Fifth Massachusetts Cavalry. We’re set up over there.

He tilts his head toward his cavalry unit.

IRA CLARK (CONT’D)
We are leaving our horses behind, shipping out with the 24th Infantry. Heading out for Wilmington next week.

LINCOLN
(turning to Harold)
How long have you been a soldier?

HAROLD GREEN
three years, sir.

LINCOLN
Second Kava Colored Infantry fought hard at Jenkins’ Ferry.

HAROLD GREEN / IRA CLARK
That’s right, sir. They killed a thousand rebels. Fought like hell.

Ira glances at Lincoln, hesitates, then just says it.

IRA CLARK
But we’re still getting three dollars less every month than white soldiers.

Harold shoots Ira a surprised look…didn’t expect him to speak up like that.This is the first scene of the movie Lincoln (this is not the complete scene). Lincoln is a movie based on historical events, can you please create 4 short dramatic paragraphs about the wartime history during the period of Abraham Lincoln. Ensure that an international audience understands the context. Please avoid the use of any ""Here is your answer"" type of introductory statements. ",Prompt,"The American Civil War (1861-1865) was a brutal conflict fought over fundamental disagreements concerning slavery and states' rights. The Union (the North) aimed to preserve the nation, while the Confederacy (the South) sought to establish independence, largely fueled by its reliance on enslaved labor. The war wasn't simply about one issue; it represented a deep chasm in American society regarding economic systems, social structures, and moral beliefs. Early engagements like Jenkins’ Ferry, depicted in this scene, illustrate the savage intensity of the fighting – a stark contrast to the idealized notions of heroism often portrayed in historical narratives. A pivotal aspect of the conflict was the role of African American soldiers in the Union Army. Initially barred from serving, they faced discrimination and lower pay compared to their white counterparts. However, driven by a desire for freedom and the opportunity to prove their worth, thousands joined the Union forces. Units like the 116th U.S. Colored Troops, formed after the bloody Battle of Poison Springs, demonstrated remarkable courage and tenacity. Their contributions were vital to the Union victory, challenging racial prejudices within the military and society as a whole, though full equality remained a long-term struggle. The war's progression saw significant shifts. The Confederate victories in the early years fostered a sense of momentum and emboldened secessionist sentiment. The Union's eventual turning point came with victories at Gettysburg (1863) and Vicksburg (also 1863). Gettysburg marked the high-water mark of the Confederacy, halting its invasion of the North. Vicksburg secured Union control of the Mississippi River, effectively splitting the Confederacy in two. These victories, alongside Lincoln's Emancipation Proclamation (1863), fundamentally altered the moral and strategic landscape of the war. The Proclamation, while initially a military tactic, transformed the war into a fight for human freedom, further isolating the Confederacy on the international stage. Abraham Lincoln’s leadership throughout the conflict was instrumental in the Union's ultimate triumph. He navigated immense political pressure, managed military strategists, and skillfully articulated the moral imperative of preserving the Union and ending slavery. Lincoln's unwavering resolve, even during periods of profound doubt and immense loss, helped galvanize Northern public opinion and ultimately steered the nation toward reunification. The war’s conclusion brought about the abolition of slavery and a profound reshaping of American society, though the legacy of the Civil War continues to resonate in debates surrounding race, equality, and national identity to this day.","The Civil War, a defining conflict in American history, erupted in April 1861 when Confederate forces fired upon Fort Sumter, marking the beginning of a brutal struggle that would last four years. President Abraham Lincoln, a leader committed to preserving the Union, faced immense pressure from both the North and South. His Emancipation Proclamation in 1863, a strategic yet morally driven decision, declared that all slaves in rebellious states would be set free, fundamentally altering the nature of the conflict and garnering international attention. As the war progressed, the Union Army, under Lincoln's command, fought fiercely in numerous battles, including the Battle of Antietam, known for its staggering casualties and strategic implications. The Union's efforts to maintain control over the Confederacy's territory were marked by relentless battles, such as those at Gettysburg and Vicksburg, which were turning points in the war. Lincoln's leadership during this period was pivotal, as he navigated the complexities of war while advocating for abolition and unity. Internationally, the Civil War drew significant interest and concern from foreign powers, notably Britain and France. These countries, with their own histories of slavery, were closely watching the conflict. British abolitionists, in particular, were vocal in their opposition to the war and its continuation, hoping to see a quicker end to the institution of slavery. Lincoln's Emancipation Proclamation was a strategic move that not only weakened the Confederacy but also deterred foreign powers from recognizing or supporting them. The war's conclusion in 1865 brought President Lincoln to the forefront as he led the nation through its darkest hours. His efforts in securing the Union's victory were instrumental, but his assassination in April 1865 by John Wilkes Booth would leave an indelible mark on American history. Lincoln's legacy as a leader who navigated the treacherous currents of war, championed abolition, and sought to preserve the nation, remains an enduring testament to his vision and resolve. His death underscored the profound sacrifice and the immense cost of preserving the Union, leaving an indelible mark on the nation and the world..",5,5,5,5,5,5,5,N/A,N/A,2,1,3,3,5,5,5,N/A,N/A,3,"Edge: Double ending punctuation (period).

Chrome responds well giving the context of the Civil War and African Americans as it relates to the specifics of the prompt's content.

Edge on the other hand, though it does mention slavery and abolishment, it gives more focus to Lincoln from the start and in the end as well as foreign nations. A lot of information seems extraneous and potentially irrelevant, as if the model loses sight of the prompt's content.",5.00,3.43,TRUE,
A,Use Case 6: Personalization,Generative,"Once upon a time, in a kingdom, there lived Cinderella, a young princess. She was aa wonderful child with the loveliest smile. Cinderella was a child with a heart of gold. However, her fate hadn't been kind. Cinderella lost her mother to cancer at a young age and her father, the King, got remarried. When he did, he married a woman who did not like Cinderella and tried to separate Cinderella from her father. Cinderella's father also died of Cancer when she was older, which left her with her stepmother and her two jealous daughters. All three of them treated cinderella unfairly and made her do most of the house chores. She wasn't allowed to have pretty things of her own, and the daughters took over all of cinderellas lovely clothes and room. Despite everything she faced, Cinderella did not rebel. She never let her families' unkindness change her. She just chose to distance herself and spend more time with the plants and animals in her house.  

One day, there was news spread in the Kingdom that the king had announced a grand ball for his son, the Prince. The Prince was coming of age and he was looking for a young bride from the land. Every maiden, including Cinderella's step sisters, were overjoyed. Everyone was invited and everyone had the opportunity to marry the Prince. Cinderella's stepsisters got to work quickly! They spent time making their ball gowns, practicing courtsey's and dance steps. And Cinderella would watch them from afar. She wasn't interested in boys or going to the ball, but was really hoping she could go to the castle to see it. However, when asked Cinderella was reprimanded for even thinking she could come. She was really hurt by this dismissal and retired to her room for the night while her siblings and stepmother headed to the ball. 

She was in bed feeling terrible about the state of her life, when suddenly she heard a small tap on her window. When she opened it, she saw no one. And shut the window and turned around. And there, there stood an angel in a purple gown, slightly old, and smiling at her. ""Cinderella! I am your fairy Godmother, I am sorry my child for the delay, but papaerwork in heaven is tough!"" Cinderella just stood there, aghast! ""I don't have much time to explain, but you need to get to that ball. It is in your destiny to meet the Prince"". Before cindrella could respond, with a wave of a wand, her clothes changed into a bug ball gown, her slippers became glass heels, the mice on her table were transformed to horses and the pumpkin into a carriage to take her to the ball. ""Okay, now as usual I am running late, just remember to be back by midnight otherwise everyone will know who you truly are!""


Cinderella thanked her fairy godmother and climbed into the carriage. As she arrived at the palace, she was so excited, she had waited for this moment and has been wanting to see the  ballroom. The moment Cinderella entered the ballroom, she was taken by the crowd. Everyone mumbbled around ehr and she looked ehtereal. The Prince also came and danced with her, and when she stepped out for some air, he promptly followed her. They spent the entiere night talking, and that is when she heard it. The clock strike 12.00, the first stroke of midnight sent a shiver down her spine. She remembered her fairy godmother’s warning and knew she must leave. Cinderella hurriedly said goodbye to the prince and fled from the palace. As she ran down the grand staircase, one of her glass slippers slipped off her foot. She didn’t have time to retrieve it, and decided to run and reach home before her siblings got back. 

The next day, the prince knew to find his wife he would need to find the owner of the glass slipper. He took the show and decided to knock at every door and have every woman wear this shoe to check who it fit.  When they arrived at Cinderella’s house, her stepsisters tried to fit their feet into the glass slipper. But it was too small for them, and their feet simply couldn’t squeeze in. Cinderella watched, as her stepsisters attempted to trick the prince. Then, she stepped forward and said that the slipper was hers. Her sisters laughed and told the Prince that Cinderella never came to the ball. The prince thought he was being tricked, but insisted that Cinderella wear the shoe. As she placed her foot into the glass slipper, it fit perfectly. The prince’s eyes lit up with joy as he realized he had found the woman he had danced with at the ball. Cinderella’s stepsisters were shocked and upset. But even though they were mean to her, Cinderella didn’t feel angry. Instead, she forgave them for their unkindness, as she believed that kindness was the most important thing in the world.

And so, Cinderella was married the prince, and they lived happily ever after, proving that goodness, kindness, and a loving heart could overcome the challenges life may bring.

The end!This is my neice, Simone's favorite story. However, as a history professor, I take a lot of issues with this manner of telling fairy tales. Please re-write this story keeping in mind that it should be specific to the Indian context, should have Simone as a central character, and the main character of the story should be strong and bold. Please do not add any introductory sentences like ""Here is the re-written story of Cinderella"" ",Prompt,"The aroma of cardamom and jasmine hung in the air of the bustling courtyard of the Maharaja’s palace. Simone, a spirited girl with a mischievous glint in her eyes and braids threaded with silver beads, lived a life of quiet servitude within its walls. Her mother, a renowned storyteller and healer, had passed away when Simone was young. Her father, the Maharaja, remarried, and the new Rani, along with her two daughters – the vain and haughty Devi and the manipulative Priya – made Simone’s life a constant struggle. Devi and Priya delighted in assigning Simone the most tedious chores: cleaning the intricately tiled floors, tending the vibrant rooftop garden of bougainvillea, and polishing the ornate brass lamps. They hoarded the finest silks and jewelry, leaving Simone with patched-up garments and scraps. Despite the constant barbs and dismissals, Simone held onto her innate kindness, often sharing the meager scraps she managed to gather with the stray dogs and birds that frequented the palace grounds. News of the Maharaja’s grand celebration – the coming-of-age festival of his son, the Crown Prince, and the announcement of a suitable bride – rippled through the kingdom. Devi and Priya buzzed with excitement, already envisioning themselves as Princess Consort. Simone, however, felt a pang of longing. She yearned to witness the splendor of the festival, not for romance, but to see the vibrant energy of the palace she called home. But her stepmother scoffed, “You? Attend a festival? Don’t dream such foolish things, child. Your place is here, attending to your duties.” Simone retreated to the quiet solace of the rooftop garden, her heart heavy. As twilight draped the palace in shadows, a gentle breeze stirred the leaves of the mango trees. Suddenly, a shimmering light enveloped Simone, and she felt a warmth spreading through her. Standing before her was a woman radiating serenity, adorned in a sapphire silk sari embroidered with silver thread. “Simone,” the woman said, her voice like the chime of temple bells. “I am Lakshmi, a spirit of prosperity and good fortune. I’ve been watching over you. You possess a spirit far brighter than any jewel in this palace, and a strength you haven’t yet realized.” Simone gasped. “Lakshmiji? But… why?” “Because you deserve joy. Because your kindness shines even in the darkest of circumstances. And because the Crown Prince is seeking a woman of inner grace, not just outward beauty.” With a flick of her wrist, Lakshmi conjured a breathtaking sari of woven moonlight, adorned with delicate silver thread. Simone’s simple cotton dress transformed into this exquisite garment, and her worn sandals became slippers of polished jade. A small clay pot filled with fragrant jasmine blossoms materialized in her hands. ""The festival is tonight,"" Lakshmi continued. ""But be warned – the enchantment will only last until the first stroke of midnight. After that, everything will return to normal. And remember, true beauty comes from within."" Simone, emboldened by Lakshmi’s words, slipped into the palace, a vision of grace and elegance. The courtyard pulsed with music, dancers swirling in kaleidoscopic patterns. Simone moved with a newfound confidence, captivating everyone with her quiet dignity and radiant smile. The Crown Prince, drawn to her unassuming beauty and the warmth in her eyes, found himself captivated. They spent hours discussing art, philosophy, and the plight of the common folk. He admired her sharp intellect and unwavering compassion. As the clock began to chime midnight, a tremor ran through Simone. Remembering Lakshmi’s warning, she bid the Prince a heartfelt farewell and fled the palace, leaving behind a single jade slipper on the marble steps. The next morning, the Prince vowed to find the woman whose foot fit the slipper. He traveled throughout the kingdom, visiting every home. Devi and Priya, desperate to impress him, squeezed their feet into the jade slipper, their efforts clumsy and obvious. Simone watched from a distance, a quiet resolve hardening her gaze. When they arrived at Simone’s humble dwelling, Devi and Priya attempted to deceive him. But Simone stepped forward, her voice clear and steady. “Prince, I am the one who wore the jade slipper.” Devi and Priya erupted in laughter, mocking her. But the Prince, seeing the unwavering confidence in Simone's eyes, insisted she try the slipper on. The jade slipper slid onto her foot flawlessly. The Prince's face illuminated with joy. He recognized not just a beautiful foot, but a kind heart, a strong spirit – qualities he had sought all along. Devi and Priya’s sneers turned to stunned silence. Simone didn't gloat. Instead, she extended a hand to them. ""May you find happiness in pursuing your own paths,"" she said gently. “ Kindness and compassion are more valuable than any jewel.” The Prince married Simone, and together they ruled with justice and compassion, championing education for girls and advocating for the welfare of all citizens. Simone’s story became a beacon of hope, demonstrating that true strength lies not in outward appearances, but in the unwavering belief in oneself and the power of kindness. She never forgot Lakshmi's blessing, always remembering that her own spirit, like a precious jewel, held the greatest value.","Once upon a time in a bustling kingdom in India, there lived a young girl named Simona. Simona was a kind-hearted and brave girl, known throughout her village for her wisdom and compassion. Despite her father's untimely death due to a rare illness, Simona's mother, who was a loving and devoted woman, had instilled a sense of resilience and strength in her daughter. After her mother passed away, her father remarried a woman who treated Simona with disdain and cruelty, forcing her to take on most of the household chores. Simona, however, never allowed herself to be crushed by the hardships. She continued to nurture her love for nature, finding solace in the gardens and animals around her. Her stepsisters, jealous and greedy, often belittled her, but Simona remained steadfast and gentle. News spread across the kingdom of a grand ball organized by the King to celebrate the coming of age of his son, the Prince. The Prince was seeking a bride from among the kingdom's maidens, and Simona's stepsisters were eager to seize the opportunity. They wasted no time, adorning themselves in elaborate gowns and rehearsing court dances, while Simona quietly observed from a distance, yearning to witness the grandeur of the ball but feeling unworthy of attending. One evening, as Simona sat alone in her room, she heard a gentle tapping at her window. Opening the window, she saw an ethereal figure, dressed in a shimmering purple gown, smiling warmly at her. ""Hello, Simona,"" the figure said. ""I am your fairy Godmother. I am sorry for the delay; my father has many responsibilities to attend to."" Before Simona could respond, the fairy Godmother waved her hand, transforming Simona's simple clothes into a beautiful gown adorned with gold and jewels. Her slippers were magically transformed into glass heels, and the mice in her room turned into majestic horses. The pumpkin in her garden was magically converted into a grand carriage, ready to take her to the ball. Simona thanked her fairy Godmother and hopped into the carriage. As they arrived at the grand palace, Simona felt a surge of excitement. She had always dreamt of seeing the palace and the ball. Stepping into the ballroom, she was mesmerized by the crowd and the splendor around her. The Prince soon joined her, and as they danced, they shared stories and laughter. As midnight approached, Simona remembered the fairy Godmother's warning. She bid farewell to the Prince and hurriedly left the palace, slipping her glass slipper off in haste. The next morning, the Prince, determined to find his bride, visited every household in the kingdom. When they reached Simona’s home, her stepsisters tried on the glass slipper, but it did not fit. Seeing their frustration and desperation, Simona stepped forward and said, ""The shoe belongs to me."" Her stepsisters laughed, claiming that Simona never attended the ball. But the Prince, sensing something amiss, insisted that Simona try it on. As she slipped her foot into the glass shoe, it fit perfectly. The Prince’s eyes lit up with joy, and he realized he had found his true bride. Simona’s stepsisters were left in shock, realizing their cruel behavior had cost them dearly. Simona forgave them, believing that kindness and compassion were paramount. She married the Prince, and they lived happily ever after, proving that goodness, strength, and love could triumph over adversity. The end..",2,4,4,2,5,2,5,N/A,N/A,1,1,2,2,5,2,5,N/A,N/A,3,"Edge: Double ending punctuation (period).

Chrome correctly names the protagonist Simone. But makes her the daughter of the Maharaja and the Crown Prince... also the Maharaja's son... Is there another Maharaja, or was there another wife or concubine? Is this prince unrelated, semi-related, or worse? Also, why does the story start with scents of the palace whereas Cinderella's story does not? Does that mean whenever someone thinks of a historic, classic, Indian tale, there's a smell to associate with it? This seems strange to me.

Edge makes Cinderella not Simone but Simona, whose father died, then the mom instilled resilience in her, then the mom died, and the dead father remarried? If the mom died, then the father remarried, then the father died, then that sequence is unclear and the reasoning for mentioning resilience taught by the mother and the father's death in the same sentence is very unclear. This model does not seem to do more than this name change and saying the setting is in a kingdom in India, the rest of the elements of the Cinderella story seem completely the same.",3.43,2.57,TRUE,
A,Use Case 7: Sentiment Analysis,Classification,"Sahil and Sameer decided that tonight was the night. The night they finally go find the Ghost of Denna Terrace. Denna Terrace was a building that was a 10 minute walk from their house. Mumbai usually doesn’t even have space to breathe, let alone space for Ghosts, but Sahil had convinced Sameer that Deena Terrace had a ghost, everyone spoke about it, everyone mentioned seeing a young boy dance on the rooftop at night. Some have even heard screams coming from the terrace, of children laughing and playing, but whenever someone has checked the building, they would find nothing. “Do you think we will spot Bablu today?” Sahil said. “Bablu?” Sameer looked quizzically towards Sahil. “Ya, Bablu, the Deena Terrace Ghost. That is his name”. “How do you know, Sahil?” “I just know, I just know that if I meet him giving him a name may make him more friendly” Sahil said laughing nervously. “Oh then we might as well take the cricket bat and balls, then we can fully be friends only and live there” Sameer said while rolling his eyes. Sahil told him to shut up and walk quickly. Sameer really didn't want to join his brother on this adventure, he wasn't sure if it was the best place, and worried that something could go wrong in the excitement of Ghost hunting, which often happens with Sahil. They were getting late and Sahil knew if their mother woke up and found them missing, she will call on the city’s cops to find them. They walked through the lanes of Dadar, to reach a dilapidated building. They both were feeling unsure once they saw the place. “I.. I don’t know if we should go in in” Sameer said. He was shuffling outside and seemed to be turning away from the building, almost like he was going to speed walk out of there. “Why not, we can go till the terrace and see, it isn’t a tall building. I mean to some extent it looks like our school, just with a lift. So maybe an actual upgrade”. The building looked old, was browning and some windows in some of the houses were broken. Just as Sahil was about to step into this breaking structure, they both heard sounds of laughter coming from a distance. I have to tell this story to a class of 9 year olds. I am teaching them a class on creative writing. Can you give me a 50 word or one sentence abstract (which ever is longer) of this story? I want the abstract to focus on emotions in the story (Choose appropriate ones from Fear, Nervousness, Humor, Saddness, Thrilling) Also, don't start the answer with statements like ""here is the abstract for this horror story""",Prompt,"A thrilling mix of nervousness and humor fills Sahil and Sameer as they bravely venture to find the legendary ""Ghost of Denna Terrace,"" hoping to befriend a playful spirit named Bablu. Despite doubts and a slightly spooky atmosphere, their adventurous spirits push them forward, fueled by Sahil's confident belief.","In this tale, Sahil and Sameer embark on a ghost-hunting adventure filled with nervous anticipation and humor. As they approach Deena Terrace, Sameer's fear and hesitation contrast with Sahil's excitement and determination. Their journey evokes a mix of thrilling moments, nervous laughter, and the underlying fear of the unknown. The story captures the emotional rollercoaster of two siblings facing the supernatural, highlighting their bond and contrasting personalities amidst the eerie setting..",N/A,N/A,N/A,N/A,N/A,N/A,N/A,N/A,2,N/A,N/A,N/A,N/A,N/A,N/A,N/A,N/A,1,4,"Edge: Double ending punctuation (period).

Chrome's count is 49 words (using Google Docs).

Edge's word count is over 70 (using Google Docs) with multiple sentences. The ask was for 50 word description or a longer sentence, this is neither.

While both models describe the emotions well, neither seem to account for the 9 year old audience.",2.00,1.00,TRUE,
A,Use Case 7: Sentiment Analysis,Classification,"Cat owners and Vets, what is some of the best cat food for Cats in India and what to avoid?

Okuur: Whatever cat food brand your cat eats is the best. Ideally something like Farmina is the most healthy but some cats just won’t take to it so you gotta test out the different brands and see what your cat likes best. Farmina looks like normal kibble but it’s made of healthy nutritious ingredients. While most vets suggest this brand some have mentioned that it might lead to heart disease in cats as there is some research pointing to it.

Tanvi G: Our cat has been eating dry food from Royal Canine for years now.We tried to put him on everything from Farmina to Sheba. But he only eats Royal Canine.
Our vet said it was okay as long as we also gave him wet food few times a week. He is doing absolutely fine

Tushar: Whiskas ( wet food - chicken gravy and tuna in jelly) are great. They have been tried and tested. It is the best and most affordable food in the market for cats. I think Royal canine has some great options as well, but I absolutely don't think anyone should even touch Me-O, looks and feels bad. 

Vibhuti: If whiskas is the “best” food, then Kim Kardashian is the “best” singer. I truly think we should do more research on what we are giving our cats. Whiskas has sugar and added preservatives, which are terrible for your cats gut. Based on extensive research, Sheba has the best and most nutrition. Of course it is even better if you cook food for them at home and give, safest. 

Karan1189: My cat is a persian, and we give her Whiskas dry food and chicken gravy and for treats we usually give her Sheba. Our Vet told us to never buy Me-O as it is very bad for cats.
My wife has this thing she says to our cat “Sheba is for when she basically wants love, Whiskas for her whiskers to touch food, and boiled chicken for when I can show her love” It is so silly, but she keeps saying this to our cat and I think it is a staple now to have whiskas and sheba in our house. Between Me-O, Farmina, and Royal Canine, what are  people are feeling most positive about?  Please dont use any intro sentences like ""here is what people seem to be feeling most positive about""",Prompt,"Based on the provided comments, here's a breakdown of the brands people are feeling most positively about, along with considerations: **1. Royal Canine:** Several commenters mention Royal Canine favorably. It's seen as a reliable option, with some vets endorsing it. It's often paired with wet food. **2. Whiskas:** Whiskas is consistently mentioned as affordable and readily accepted by cats. Many find it a good, tested option, especially for dry food. Wet food options (chicken gravy, tuna in jelly) are particularly liked. **3. Sheba:** Sheba receives positive mentions, particularly as a wet food option. Some commenters consider it highly nutritious. It's often used as a treat. **4. Farmina:** Farmina is highlighted as a very healthy choice, though acceptance varies from cat to cat. It's often recommended by vets. However, there's a note of caution regarding potential links to heart disease, prompting further research. **Brands to Avoid:** * **Me-O:** Almost universally condemned. Commenters describe it negatively (visually/tactilely unpleasant) and strongly advise against feeding it to cats, citing potential health issues. **Key takeaways:** * **Individual Cat Preferences:** The most important factor seems to be what *your cat will eat*. Trying different brands is often necessary. * **Wet Food Supplementation:** Many owners supplement dry food with wet food (Sheba, Whiskas, or homemade) for hydration and variety. * **Vets' Opinions Vary:** While some vets recommend certain brands, there's also a call for owners to do more research. * **Ingredient Quality:** Concerns exist about ingredients like sugar and preservatives found in Whiskas.","Based on the responses, it seems that there is a mixed feeling about different cat food brands. Farmina and Royal Canine have their supporters, but there are also concerns about the potential health risks associated with Farmina. Whiskas is mentioned as a good option, especially the wet food varieties, but there are concerns about sugar and preservatives in Whiskas. Sheba is praised for its nutrition, and cooking food at home is also recommended. Overall, it seems that cat owners and vets are looking for a balance between nutrition, taste, and health concerns when choosing cat food brands..",N/A,N/A,N/A,N/A,N/A,N/A,N/A,N/A,2,N/A,N/A,N/A,N/A,N/A,N/A,N/A,N/A,1,3,"Edge: Double ending punctuation (period).

Chrome: Has an introductory-like sentence despite being asked not to. Instead of addressing the most positively-felt cat food between Me-O, Farmina, and Royal Canine, Chrome breaks down all the positively-felt cat foods first (in order of highest-ranked first), then mentions the foods to avoid, i.e. Me-O. While it correctly identifies positively-felt brands vs the rest, the ask is for the 3 brands, not all. 

Edge: Also has an introductory-like sentence (but less so than Chrome model). It also reviews the status of most of the discussed brands of food albeit not in a numbered or bulleted sequence, and also in less detail. The one brand it misses is Me-O. So though it identifies positively-felt brands, it has failed in responding about the positive rank of only the 3 brands and completely misses 1 of the 3.",2.00,1.00,TRUE,
A,Use Case 7: Sentiment Analysis,Classification,"Cat owners and Vets, what is some of the best cat food for Cats in India and what to avoid?

Okuur: Whatever cat food brand your cat eats is the best. Ideally something like Farmina is the most healthy but some cats just won’t take to it so you gotta test out the different brands and see what your cat likes best. Farmina looks like normal kibble but it’s made of healthy nutritious ingredients. While most vets suggest this brand some have mentioned that it might lead to heart disease in cats as there is some research pointing to it.

Tanvi G: Our cat has been eating dry food from Royal Canine for years now.We tried to put him on everything from Farmina to Sheba. But he only eats Royal Canine.
Our vet said it was okay as long as we also gave him wet food few times a week. He is doing absolutely fine

Tushar: Whiskas ( wet food - chicken gravy and tuna in jelly) are great. They have been tried and tested. It is the best and most affordable food in the market for cats. I think Royal canine has some great options as well, but I absolutely don't think anyone should even touch Me-O, looks and feels bad. 

Vibhuti: If whiskas is the “best” food, then Kim Kardashian is the “best” singer. I truly think we should do more research on what we are giving our cats. Whiskas has sugar and added preservatives, which are terrible for your cats gut. Based on extensive research, Sheba has the best and most nutrition. Of course it is even better if you cook food for them at home and give, safest. 

Karan1189: My cat is a persian, and we give her Whiskas dry food and chicken gravy and for treats we usually give her Sheba. Our Vet told us to never buy Me-O as it is very bad for cats.
My wife has this thing she says to our cat “Sheba is for when she basically wants love, Whiskas for her whiskers to touch food, and boiled chicken for when I can show her love” It is so silly, but she keeps saying this to our cat and I think it is a staple now to have whiskas and sheba in our house. What is Okur's feelings towards the Farmina? They trust Farmina, they don't trust farmina, they are unsure if this is a healthy brand. Avoid the use of any itronduction or statement like ""here are Okur's feelings towards Farmina""",Prompt,"Okay, let's break down the information provided about cat food in India, highlighting popular brands, potential concerns, and expert opinions. **Popular Cat Food Brands in India (According to the Comments):** * **Royal Canin:** Consistently recommended, often a vet-approved choice. Many owners report their cats thrive on it, even after trying other brands. Often paired with wet food. * **Whiskas:** Praised for being affordable and readily available. Popular, especially the wet food options (chicken gravy, tuna in jelly). * **Sheba:** Frequently mentioned as a nutritious option, with some claiming it's the best overall. Often given as a treat. * **Farmina:** Considered a very healthy option due to its nutritious ingredients, though some concerns are raised about potential links to heart disease. * **Me-O:** Universally disliked by the commenters, described as having poor quality and being detrimental to cats. **What to Avoid (According to the Comments):** * **Me-O:** Strongly discouraged by multiple commenters due to perceived poor quality. * **Whiskas:** Some users point out the presence of sugar and additives, considering them harmful to cats' digestive systems. (Note: Whiskas also has many positive reviews, so this is a dissenting opinion). **Important Considerations & Concerns Raised:** * **Individual Cat Preferences:** A major theme is that what works for one cat might not work for another. Many owners experimented with different brands before finding one their cat enjoys. * **Wet vs. Dry Food:** Many vets recommend a combination of wet and dry food for optimal hydration and overall health. * **Potential Heart Concerns (Farmina):** While Farmina is lauded for its quality, there's mention of some research suggesting a possible link to heart problems. * **Importance of Research:** One commenter emphasizes the need to research cat food options thoroughly rather than relying solely on popular brands or anecdotal evidence. * **Home-Cooked Food:** The safest option for cats is to cook food at home. **Disclaimer:** This information is based *solely* on the opinions and experiences shared in the provided comments. It is not a substitute for professional veterinary advice. **Consult with your veterinarian** to determine the best food for *your* cat's individual needs, health condition, and age.","Okur's feelings towards Farmina are uncertain. They trust Farmina but are unsure if this is a healthy brand. They also mention that there is research pointing to it potentially leading to heart disease in cats, which adds to their uncertainty. They ultimately suggest testing out different brands to see what the cat likes best, rather than sticking strictly to one brand..",N/A,N/A,N/A,N/A,N/A,N/A,N/A,N/A,1,N/A,N/A,N/A,N/A,N/A,N/A,N/A,N/A,3,1,"Edge: Double ending punctuation (period).

Chrome: Fails to answer the question, how does Okur feel about Farmina? Instead it dives into all the food brands and types and their perception. Also was asked avoid the use of an introduction statement, but introduction was misspelled as ""itronduction"".

Edge: Describes Okur's feelings as uncertain, which may not be the case as he introduces Farmina as ""Ideally something like Farmina is the most healthy..."". The classification is not wrong but it should probably be positive or lean toward positive rather than uncertain.",1.00,3.00,TRUE,
A,Use Case 7: Sentiment Analysis,Classification,"Google Reviews for the Grand Shalimar Hotel and Bar are given below:
Ashnoor (3.5 Stars): The service is terrible here. I have been to so many seafood restaurants but never have I had to wait for 45 minutes for my food to come. The servers were also not listening and kept saying 15 minutes. Despite this I think the food is fantastic and only if you have the patience of a saint and all the time in the world should you be going here to eat. 

Tanvi (1 star):  The Grand Shalimar in Ville Parle Worst experience ever!!!! The hospitality here is terrible, they didn’t even serve us water. The person who was taking orders was not even focused on getting our order, we waited for one hour although it was already rushed but still one hour wait is too much once you got the table… I will never recommend this restaurant…

Prashant (3 stars): Ambience of the restaurant is alright . When you enter the restaurant you can hear an old jukebox play nostalgic marathi songs in the background which transports you immediately to Kolhapur. Instead of water the waiter served us some Solkadi in a small glass. We ordered the Star mutton thali, Kala Mutton Thali, Fried surmai. When we were waiting we realised that the so called Authentic Maharashtrian grand shalimar wasn’t that authentic, the servers didn’t know Marathi, the cook believed that if they make the food spicy it can become Kohlapuri, the taste of this food was alright but the authentic taste of Kohlapur was missing. It felt like some guy from another state was trying his hand at cooking Kohlapuri food, which was just average. I would suggest better options like Chul Mutton and Gajalee instead. 

Tamini (3.5 Stars): This has the best Surmai Thali in the city, hands down. But the service is also the worst in the city, hands down. I don’t know whether to recommend or to ask them to shut shop. 

Supriya (1 star): Very disappointed. We went for my father’s birthday and hated every bit.
The service was so poor and food so average that we felt the restaurant should be named ""Bland Shalimar"". The Star Mutton thali was only spicy and we could taste nothing else of value in it. The Surmai thali was amazing, but the rest of the food, including the Chinese was terrible. The soups were salty, the fried rice had too much oil, and everything was very unprofessional. 
Service was very sad and slow. We feel either the staff couldn't understand what we said or they were deaf. Rice came at least 10 minutes after the daal. This truly felt like the worst birthday we could give our father. 

Trimul (2 Star): As my father says “Food should go from your heart to your belly, and not make you want to quickly extract it from your belly”. Unfortunately this food is the second part. These reviews are going to be use for a brand campaign, can you come up with a positive, funny, and happy one sentence summarizer about the knife based on the reviews? Do not add any introduction statement like ""Here is the sentence for the brand campaign""",Prompt,Grand Shalimar: Expect an adventure – delicious food might arrive with a side of patience and a dash of unexpected hospitality!,"""Experience the Grand Shalimar Hotel and Bar where your food journey starts with patience, but ends with a slice of joy!""!""",N/A,N/A,N/A,N/A,N/A,N/A,N/A,N/A,1,N/A,N/A,N/A,N/A,N/A,N/A,N/A,N/A,2,4,"Edge: Double ending punctuation (!""!"") (exclamation then double quote).

For branding, a positive one-liner should be completely positive, no tongue-in-cheek humor for a negative aspect that might end up becoming what the brand is then associated with.

Chrome mentions 1 positive: delicious food, and 2 negatives: patience, ""unexpected hospitality"", so though it classifies the reviews well, this is not an acceptable brand one-liner.

Edge mentions patience ""but ends with a slice of joy"", so it's basically half good, half bad, which is still mostly inacceptable. ",1.00,2.00,FALSE,
A,Use Case 7: Sentiment Analysis,Classification,"Google Reviews for the Grand Shalimar Hotel and Bar are given below:
Ashnoor (3.5 Stars): The service is terrible here. I have been to so many seafood restaurants but never have I had to wait for 45 minutes for my food to come. The servers were also not listening and kept saying 15 minutes. Despite this I think the food is fantastic and only if you have the patience of a saint and all the time in the world should you be going here to eat. 

Tanvi (1 star):  The Grand Shalimar in Ville Parle Worst experience ever!!!! The hospitality here is terrible, they didn’t even serve us water. The person who was taking orders was not even focused on getting our order, we waited for one hour although it was already rushed but still one hour wait is too much once you got the table… I will never recommend this restaurant…

Prashant (3 stars): Ambience of the restaurant is alright . When you enter the restaurant you can hear an old jukebox play nostalgic marathi songs in the background which transports you immediately to Kolhapur. Instead of water the waiter served us some Solkadi in a small glass. We ordered the Star mutton thali, Kala Mutton Thali, Fried surmai. When we were waiting we realised that the so called Authentic Maharashtrian grand shalimar wasn’t that authentic, the servers didn’t know Marathi, the cook believed that if they make the food spicy it can become Kohlapuri, the taste of this food was alright but the authentic taste of Kohlapur was missing. It felt like some guy from another state was trying his hand at cooking Kohlapuri food, which was just average. I would suggest better options like Chul Mutton and Gajalee instead. 

Tamini (3.5 Stars): This has the best Surmai Thali in the city, hands down. But the service is also the worst in the city, hands down. I don’t know whether to recommend or to ask them to shut shop. 

Supriya (1 star): Very disappointed. We went for my father’s birthday and hated every bit.
The service was so poor and food so average that we felt the restaurant should be named ""Bland Shalimar"". The Star Mutton thali was only spicy and we could taste nothing else of value in it. The Surmai thali was amazing, but the rest of the food, including the Chinese was terrible. The soups were salty, the fried rice had too much oil, and everything was very unprofessional. 
Service was very sad and slow. We feel either the staff couldn't understand what we said or they were deaf. Rice came at least 10 minutes after the daal. This truly felt like the worst birthday we could give our father. 

Trimul (2 Star): As my father says “Food should go from your heart to your belly, and not make you want to quickly extract it from your belly”. Unfortunately this food is the second part. After reading the reviews, what seems to upset the guests more - the service or the food? Please give an explanation and avoid any introduction sentences like ""Here is what seems to upset the guests more""",Prompt,"**Service Issues:** Customers repeatedly highlight extremely slow and inattentive service as a major complaint. Waiting times for food, often exceeding 45 minutes to an hour, are frequently mentioned. Servers are accused of not listening to orders, providing inaccurate updates, and generally being unresponsive to customer needs. Some customers felt their orders were misunderstood, and water wasn't proactively offered. **Food Quality Issues:** While some reviewers praise specific dishes like the Surmai Thali, overall food quality receives criticism. Many find the ""authentic Maharashtrian"" flavor lacking. Some reviewers felt the chefs were misunderstanding the nuances of Kolhapuri cuisine, relying on excessive spice instead of authentic flavors. The Star Mutton Thali was specifically criticized for being overly spicy with little else of value. Other dishes, including soups and fried rice, are described as bland, salty, and poorly executed. **Inconsistencies:** The reviews suggest an inconsistency in both service and food quality. While some dishes shine, the overall experience seems marred by slow service and inconsistent flavors. The presence of a jukebox playing non-Marathi songs is seen as a disconnect from the advertised authenticity. **Customer Sentiment:** The overwhelming sentiment is negative. Many customers express disappointment and regret recommending the restaurant. The restaurant is even described as ""Bland Shalimar"" due to the poor food. There's a strong sense that the restaurant is failing to deliver on its promise of authentic and high-quality Maharashtrian cuisine and hospitality.","The reviews provided indicate that both the service and the food at the Grand Shalimar Hotel and Bar are sources of dissatisfaction for the guests. However, the level of dissatisfaction appears to be higher with the service compared to the food. 1. **Ashnoor (3.5 Stars):** Ashnoor's review focuses on the long wait times for the food and poor service from the servers. Although Ashnoor acknowledges that the food is fantastic, the frustration with the service and wait times is evident. 2. **Tanvi (1 star):** Tanvi's review emphasizes the terrible hospitality and the significant wait time for the food, which she describes as ""too much once you got the table."" This indicates a severe dissatisfaction with the service. 3. **Prashant (3 stars):** Prashant mentions the ambiance and some positive aspects of the food but highlights the lack of authentic Maharashtrian cuisine and the poor service. The dissatisfaction with the service is evident, but it is mixed with a moderate appreciation for the food. 4. **Supriya (1 star):** Supriya's review is extremely negative, criticizing the poor service and average food quality. The dissatisfaction with the service is evident, and the food is described as unprofessional. 5. **Trimul (2 Star):** Trimul's review focuses on the poor quality of food, describing it as something that makes one want to extract it quickly. The dissatisfaction with the food is evident. Overall, while the food is criticized for not being authentic or of high quality, the service consistently receives lower ratings, with guests expressing frustration with long wait times, unprofessional staff, and poor hospitality. Therefore, it can be concluded that the service at the Grand Shalimar Hotel and Bar seems to upset the guests more than the food..",N/A,N/A,N/A,N/A,N/A,N/A,N/A,N/A,3,N/A,N/A,N/A,N/A,N/A,N/A,N/A,N/A,5,3,"Edge: Double ending punctuation (period).

Chrome is able to break down the issues with food quality vs hospitality well, but doesn't clarify what it finds to have been more contentious. In the end it seems to indicate food quality was more of the problem, but it seems to more so just reiterate both are a problem, not which is definitely more of an issue than the other.

Edge does well in providing reasoning for why hospitality is deemed worse than food quality (e.g. because some people actually liked the food, whereas everyone had a service issue).",3.00,5.00,TRUE,
A,Use Case 8: Content detection,Classification,"Subject: Does anyone even know how to work?

From: Margret@digitechminds.com
To: marketingteam@digitechminds.com

Hi,
I just went through the report that you sent me and what is this rubbish? It doesn't make sense at all. How did you decide that this shitty report is ready to submit? This is beyond embarrassing. The data section is completely messed up and the design looks like it's made by a 5-year-old kid. Honestly, the interns here can do a better job than this blindfolded. What am I paying you guys for? This is ridiculous. 

It would be better if you read what you first read before sending out. Who is going to clean up this mess? And please don't give me excuses like ""technical issues"" or ""meeting"", we all are busy all day but some of you clearly don't know how to handle your job. If this is the kind of work that you want to deliver then it would be better if you find another team to work with because we need professionals, not amateurs. 

Next time, try to send something that don't make us look like complete idiots in front of the clients. 

-Margret

Which of the following best describes the emotional intensity of this conversation?
A) Gendered insults
B) Constructive criticism
C) Casual opinion
D) Verbal aggression

Can you please avoid adding any introductory lines in the response.",Prompt,"D) Verbal aggression. The email contains harsh language (""rubbish,"" ""shitty,"" ""embarrassing,"" ""idiots""), accusatory statements (""What am I paying you guys for?""), and demands (""Who is going to clean up this mess?""). These are all hallmarks of verbal aggression. While there's an attempt to critique the work (potentially leaning towards constructive criticism), the overwhelming tone is hostile and aims to shame the recipients.",D) Verbal aggression aggression,N/A,N/A,N/A,N/A,N/A,N/A,N/A,N/A,4,N/A,N/A,N/A,N/A,N/A,N/A,N/A,N/A,4,4,"Edge: Double ending response (aggression aggression).

Chrome answers the correct multiple choice and offers detail into its choice. It is classifying well but the explanation was not asked for, hard to say if it is not desired either.

Edge answers with the correct multiple choice but repeats the last word .
",4.00,4.00,FALSE,
A,Use Case 8: Content detection,Classification,"Social media post

I woke up early today to go biking through downtown but those potholes and drivers not giving space to bikers makes it really difficult to go around safely. Is it ever going to be fixed?

Comments: 
Driver360: Why do bikers like you think that they own the road? why don't you just follow the rules? You guys are not special alright?
Bikingaround3: I do follow all the rules. I mostly find cars not respecting the bike lanes. That needs to be fixed!
Driver360: yeah yeah! People like you just try to find reasons for attacking drivers! Trying to be cool ah? Usually bikers run the red lights and block the traffic. You guys ride like girls!
Motorhead: I don't think so! Pull the data man and see cyclists obey the traffic rules more than drivers. 
Driver360: Oh! Shut up with your data! You are all the same! Road hazards!
Bikeraround3: Can't you keep things civil?
How would you describe the tone of the conversation in the comments of this social media post?
1. Personal attack
2. Respectful disagreement
3. Insulting
4. Constructive criticism
Avoid usage of introductory lines in the response. ",Prompt,"Insulting. The comments are characterized by aggressive and disrespectful language, including personal attacks (""You guys are not special alright?"", ""You guys ride like girls!""). There's a clear lack of constructive dialogue and an abundance of hostility. While there's a disagreement on road safety, it devolves into insults and dismissive remarks.",Insultinging,N/A,N/A,N/A,N/A,N/A,N/A,N/A,N/A,4,N/A,N/A,N/A,N/A,N/A,N/A,N/A,N/A,5,4,"Edge: Double ending of single word response (Insultinging).

Both classify correctly albeit Chrome offers details into its reasoning.",4.00,5.00,FALSE,
A,Use Case 8: Content detection,Classification,"Social media post

I woke up early today to go biking through downtown but those potholes and drivers not giving space to bikers makes it really difficult to go around safely. Is it ever going to be fixed?

Driver360: Why do bikers like you think that they own the road? why don't you just follow the rules? You guys are not special alright?
Bikingaround3: I do follow all the rules. I mostly find cars not respecting the bike lanes. That needs to be fixed!
Driver360: yeah yeah! People like you just try to find reasons for attacking drivers! Trying to be cool ah? Usually bikers run the red lights and block the traffic. You guys ride like girls!
Motorhead: I don't think so! Pull the data man and see cyclists obey the traffic rules more than drivers. 
Driver360: Oh! Shut up with your data! You are all the same! Road hazards!
Bikeraround3: Can't you keep things civil?
Please read the given paragraph and identify the tone used by Driver360:
1. Angry
2. Professional
3. Calm
4. Sarcastic

Don't add any introductory line in the response. ",Prompt,1. Angry,Sarcasticic,N/A,N/A,N/A,N/A,N/A,N/A,N/A,N/A,4,N/A,N/A,N/A,N/A,N/A,N/A,N/A,N/A,3,2,"Edge: Double ending of single word response (Sarcasticic).

Chrome classifies correctly and offers detail into its choice.

Edge answers with sarcasm, I can see how the tone might come across that way, but overall classification should lean towards Angry.",4.00,3.00,FALSE,
A,Use Case 8: Content detection,Classification,"Subject: Does anyone even know how to work?

From: Margret@digitechminds.com
To: marketingteam@digitechminds.com

Hi,
I just went through the report that you sent me and what is this rubbish? It doesn't make sense at all. How did you decide that this shitty report is ready to submit? This is beyond embarrassing. The data section is completely messed up and the design looks like it's made by a 5-year-old kid. Honestly, the interns here can do a better job than this blindfolded. What am I paying you guys for? This is ridiculous. 

It would be better if you read what you first read before sending out. Who is going to clean up this mess? And please don't give me excuses like ""technical issues"" or ""meeting"", we all are busy all day but some of you clearly don't know how to handle your job. If this is the kind of work that you want to deliver then it would be better if you find another team to work with because we need professionals, not amateurs. 

Next time, try to send something that don't make us look like complete idiots in front of the clients. 

-Margret

Analyse the impact of Margret's email on her employees:
1. Inspires motivation
2. Creates pressure
3. Clarifies project details
4. Builds reassurance
Write a 100 words paragraph about her tone and choice of words. 

Don't add any introductory line to the response. ",Prompt,"Margret's email has a profoundly negative impact on her employees. It creates immense pressure, fostering feelings of inadequacy and undermining their professional competence. The harsh language – ""rubbish,"" ""shitty,"" ""embarrassing,"" ""amateurs"" – is deeply demoralizing and discourages initiative. While she attempts to identify issues (""data messed up,"" ""design poor""), the overwhelming negativity overshadows any constructive feedback. The email doesn't clarify project details; instead, it focuses on blame and criticism. There is absolutely no reassurance offered, only scathing condemnation. The tone is aggressive, accusatory, and disrespectful, making employees feel attacked rather than supported. Margret's choice of words is deliberately inflammatory and unprofessional. The use of childish insults (""made by a 5-year-old kid"") and strong, negative descriptors paints a picture of a leader who prioritizes venting over problem-solving. The email lacks empathy and focuses solely on fault. The declarative statements (""Who is going to clean up this mess?"") are demanding and dismissive. Her language undermines team morale and creates a hostile work environment, making it unlikely employees feel empowered to improve or contribute constructively. Instead of fostering collaboration, she creates defensiveness.","Margret's email to the marketing team exudes frustration and disappointment, which could significantly impact her employees. Her tone, laced with strong criticism, may inspire motivation among the team to rectify the issues she has pointed out, particularly if they take pride in their work and are driven by a desire to improve their performance. However, the harsh tone might also create pressure, potentially leading to stress or demotivation if employees feel excessively criticized or unsupported in their efforts to meet her expectations. Margret's pointed critique of the report's quality and the perceived incompetence of the interns could clarify the shortcomings and areas needing attention, thereby providing valuable feedback. Yet, the choice of words such as ""shitty,"" ""ridiculous,"" and ""amateurs"" could build reassurance among colleagues who feel similarly about the quality of their work, as it resonates with their shared sentiment. Overall, Margret's tone and choice of words are blunt and direct, reflecting her disappointment and dissatisfaction with the work produced..",N/A,N/A,N/A,N/A,N/A,N/A,N/A,N/A,3,N/A,N/A,N/A,N/A,N/A,N/A,N/A,N/A,2,3,"Edge: Double ending punctuation (period).

Chrome re-uses the numbered terms, so we are able to follow if it's analyzing each correctly, with the exception of the first term ""inspires motivation"", that is not mentioned verbatim.

Edge does well to re-use the numbered terms, however, in regards to ""reassurance"" it determined the offensive remarks ""could build reassurance among colleagues who feel similarly about the quality of their work"", that's quite the stretch for classifying reassurance. It also doesn't mention the third term i.e. project details.

Neither model adheres to the 100-word paragraph, both are at least 160 words.",3.00,2.00,TRUE,
J,Use Case 1: Simple Data Parsing,Compressive,"The schedule for my day is something like this:
7.00 AM Wake Up
7.15 AM - 8.15 AM Journaling and Working out
8.15 AM - 12.00 PM - Google Project 
12.00 AM - 1.00 PM - Lunch and Streches
1.05 PM - 3.30 PM - Working on Creative Writing Projects 
3.30 PM - 5.00 PM - Company Calls and meetings with Government of Pujab and Haryana members
5.00 PM - 6.00 PM - Debrief for the day with the team 
6.00 PM - 6.30 PM - Wind down and get updates from Madhumita
6.30 PM - 7.00 PM - Run 5 kms for marathon practice
7.00- 8.00 PM - Dinner 
8.00 PM - 9.00 PM - TV Time 
9.00 PM - 9.30 PM - Reading and Bed time 
10.00PM - Lights out

To-Do List
1. Pay Phone Bill - 627
2. Call Amaal Carpenter
3. Make Reservations for dinner
4. Ask Rohan if the itenarary should include Hawa Mahal or not
5. Check with Nehal if the cruise is booked for the 13th and the flights to Goa for the 18thGive information in a small paragraph (50 words or less) for the schedule between 1.00PM and 5.00 PM. Please make sure to not include an introductory sentence in the response.",Prompt,"From 1:00 PM to 5:00 PM, the day involves focused creative work. This includes dedicated time (1:05 PM - 3:30 PM) working on creative writing projects, followed by crucial company calls and meetings with officials from Punjab and Haryana (3:30 PM - 5:00 PM). These engagements require concentration and professional communication.","Between 1.00 PM and 5.00 PM, you have a busy schedule. You are working on Google Project from 12.00 PM to 1.00 PM and then have lunch and stretches. After lunch, you work on Creative Writing Projects from 1.05 PM to 3.30 PM. Following that, you engage in company calls and meetings with members from the Government of Pujab and Haryana from 3.30 PM to 5.00 PM..",5,5,5,5,5,5,1,5,N/A,4,1,4,5,5,3,1,5,N/A,3,"Both models outputs are grounded and make sense, however the edge model included an activity tthat was scheduled prior to the requested 1:00 start time. Both models also included an introductory sentence when the prompt specifically asked not to",4.50,3.50,TRUE,
J,Use Case 1: Simple Data Parsing,Compressive,"BREAKING!

French Media has reported that two suspects have been arrested under the charges of theft of crown jewels from Paris's Louvre museum. French interior minister Laurent Nunez also highly praised the investigators, and said that they “worked tirelessly, just as I asked them to”.
One of the men was taken into custody as he was preparing to take a flight from Charles de Gaulle Airport,  Laure Beccuau from the Paris prosecutor's office said 

 Last Sunday, four thieves broke into the building in broad daylight, into the world' most visited mueseum and stole items worth €88m (£76m; $102m) 
France's justice minister has conceded security protocols ""failed"", leaving the country with a ""terrible image"".
Please extract the name of the person who is from the Paris Prosecutor's office. But ensure you are not using any introduction sentences like ""Here is the name of the person from the Paris Prosecutor's office""",Prompt,Laure Beccuau,Beccuauau,5,5,5,5,5,5,5,5,N/A,3,5,5,4,5,2,5,3,N/A,3,The Edge model returned just the person's last name (spelled incorrectly) while gemini returned the full name. ,5.00,4.00,FALSE,
J,Use Case 1: Simple Data Parsing,Compressive,"The schedule for my day is something like this:
7.00 AM Wake Up
7.15 AM - 8.15 AM Journaling and Working out
8.15 AM - 12.00 PM - Google Project 
12.00 AM - 1.00 PM - Lunch and Streches
1.05 PM - 3.30 PM - Working on Creative Writing Projects 
3.30 PM - 5.00 PM - Company Calls and meetings with Government of Pujab and Haryana members
5.00 PM - 6.00 PM - Debrief for the day with the team 
6.00 PM - 6.30 PM - Wind down and get updates from Madhumita
6.30 PM - 7.00 PM - Run 5 kms for marathon practice
7.00- 8.00 PM - Dinner 
8.00 PM - 9.00 PM - TV Time 
9.00 PM - 9.30 PM - Reading and Bed time 
10.00PM - Lights out

To-Do List
1. Pay Phone Bill - 627
2. Call Amaal Carpenter
3. Make Reservations for dinner
4. Ask Rohan if the itenarary should include Hawa Mahal or not
5. Check with Nehal if the cruise is booked for the 13th and the flights to Goa for the 18thThere are some modes of transport mentioned in this to-do list/schedule, name them all. Do not give any introduction sentences for the answer like ""Here are the modes of transport mentioned in the schedule""",Prompt,* Car (implied for contacting Amaal Carpenter) * Cruise Ship * Airplane,"Bus, car, train, cruise, running, marathon practice, TV time, and bed time..",2,4,2,5,5,2,5,2,N/A,1,1,2,5,5,1,5,1,N/A,2,"Both answers halucinated, but the Gemini answer understood the question better than the Edge answer",3.38,2.63,TRUE,
J,Use Case 1: Simple Data Parsing,Compressive,"Alina: Welcome to CameraStores.Eu, I am your AI support, Alina, how can I help you?
Santosh231: My 359 Tripod Pro is not opening. What do I do?
Alina: Sorry to hear that Santosh231, can you please provide you email id?
Santosh231: santoshkau231@gmail.com
Alina: Please provide the model number of the 359 Tripod Pro?
Santosh231: N76587R1
Alina: Great! Can you also provide the date of purchase?
Santosh231: 18th November 2024
Alina: Thanks for all the details. Now, can you tell me if you have tried shutting the system and rebooting?
Santosh231: Yes, and changed the batteries. 
Alina: I am sorry that did not help. Has the tripod stand been heating up after use?
Santosh 231: No
Alina: Are there any glitches on the screen?
Santosh231: No. I tried using the Utle Prime Stand to better support the tripod, but it doesn't seem to be working. 
Alina: We are not compatible with the Ulte Prime Stand, please try using a Camera Stores original stand to help open the tripod. Or try a Mitsubi stand for the tripod. 
Santosh231: Will the Mitsubi Pro work?
Alina: Surely, all Mitsubi and Camera Stores devices are compatible. Is there anything else I can guide you with?
Santosh231: Nope, thanks! 
Can you please extract all of the details Santosh231 has given about the product and put it in a table? Do not include the date of purchase. Please don't add any sentences like ""Here are the details""",Prompt,"## Santosh231's 359 Tripod Pro Issue - Details | Category | Details | |-------------------|-----------------------------------------| | **Product** | 359 Tripod Pro | | **Model Number** | N76587R1 | | **Issue** | Not opening | | **Troubleshooting Steps Taken** | Shutting system & rebooting, changing batteries, using Ulte Prime Stand | | **Heating** | No | | **Screen Glitches**| No | | **Alternative Stands Tried** | Ulte Prime Stand | | **Recommended Stands** | Camera Stores original stand, Mitsubi stand |","| Item | Information | | --- | --- | | Email ID | santoshkau231@gmail.com | | Model Number | N76587R1 | | Date of Purchase | 18th November 2024 | | Issue | Tripod Pro not opening | | Troubleshooting Done | Yes, system shutdown/reboot, changed batteries | | Stand Heating Up | No | | Screen Glitches | No | | Stand Used | Ulte Prime Stand, not working | | Suggested Stand Replacement | Camera Stores original stand or Mitsubi Pro stand | |",5,5,5,4,5,4,5,4,N/A,3,5,3,5,5,4,5,4,N/A,4,"Outputs are very similar, but Edge ignored some instructions (dont include date of purchase)",4.63,4.25,FALSE,
J,Use Case 1: Simple Data Parsing,Compressive,"I went to Mumbai from Pune by the 6:50 AM bus, Shivneri MH 12 987867, which reaches Dadar Shivneri Bus Stop, in Mumbai at 10.50 AM. I took a 11.03 Churchgate local to go to the Kala Ghoda festival. The festival has many artisans from Rajasthan, Gujarat, Kashmir, Bihar, Madhya Pradesh, Tamil Nadu, Kerala, Assam, Tripura, and other states who come and display their work. I also went to eat at Bagdhadi, which has 60 rupee Naans and Chicken curry for 480 rupees. I took a boat from Colaba to Elephanta caves which are caves 10 kms from Mumbai, and built between 5th and 9th century CE. After spending 2-3 hours there, I took a boat back to Colaba. From there I went to Colaba causeway, which is a shopping lane where one cna get clothes, accessories, food, antiques, and other items. I decided to meet my friend, Meghana for dinner at Mahesh Lunch Home. Mahesh Lunch Home has many other outlets in Mumbai at Fort, Juhu, Kurla, Navi Mumbai, and Thane.What time does the bus from Pune reach Mumbai? Do not add an introductory sentence like ""Here is the time when""",Prompt,The bus from Pune reaches Mumbai at 10:50 AM.,6:50 AM AM,5,5,5,5,5,5,1,5,N/A,2,5,2,5,5,2,5,2,N/A,1,Edge provided an incorrect value while Gemini provided the correct answer just ignored the introductory sentence request,4.50,3.50,FALSE,
J,Use Case 9: Quiz Generation,Generative,"The Times World News

The top most stories in bite sized pieces! Do your weekly round up of the most important stories in the world via the Times World App. Click on the stories below to get more information. 

1. The Reserve Bank of India (RBI) now has made a six-member Payments Regulatory Board (PRB), which has three nominees from the Central government who will overlook all the payment systems in the country.

2. Based on the latest National Crime Records Bureau data India has a recorded 27,721 cases of murder in 2023, a dip of 2.8% from 2022, while cybercrimes saw a 31.2% increase, with 86,420 cases reported. Further, Crimes against STs increased 28.8% in 2023, and about 12,960 cases were registered.

3. The Central Government has made an announcement that there are 100 Aspirational Agriculture Districts which will be developed under the Prime Minister Dhan-Dhaanya Krishi Yojana (PMDDKY) across the country, with Uttar Pradesh accounting for the most 12 districts.

4. While Trump has given a point by point plan on ceasefire in Gaza, there are loud explosions being heard in Gaza with the death toll rising everyday. This is day 3 of peace negotiations but Israel seems to not budge and continue with its targeted bombardment on Gaza

5. The Supreme Court of India has ordered the EC to clear the confusion around the Bihar Electoral roll and give the final count, which now stands at 7.42 crore eligible voters. This is higher than the number which was submitted before the SC took notice of the discrepancy in the Bihar Electoral rolls. Create a quiz based on the given paragraph, where the user can only answer using numbers, this quiz can include statistics and other data given here. Please avoid adding any introductory sentence in the response.",Prompt,"**Quiz: Times World News Round-Up** 1. How many members are on the Reserve Bank of India's Payments Regulatory Board (PRB)? 2. What was the number of murder cases recorded in India in 2023? 3. What was the percentage increase in cybercrime cases reported in 2023? 4. Approximately how many cases of crimes against STs were registered in 2023? 5. How many Aspirational Agriculture Districts are part of the Prime Minister Dhan-Dhaanya Krishi Yojana (PMDDKY)? 6. What is the current number of eligible voters in Bihar, according to the Supreme Court?",1. What is the number of murder cases reported in India in 2023 according to the National Crime Records Bureau data? 2. How much did cybercrimes increase in 2023 compared to the previous year? 3. What percentage did crimes against STs increase in India in 2023? 4. How many Aspirational Agriculture Districts have been announced by the Central Government? 5. How many districts in Uttar Pradesh are included in the 100 Aspirational Agriculture Districts? 6. On what day of the peace negotiations in Gaza did the Supreme Court of India order the EC to clear the confusion around the Bihar Electoral roll? 7. What is the total number of eligible voters in Bihar according to the final count ordered by the Supreme Court of India??,5,5,5,5,5,5,5,N/A,N/A,5,5,5,5,5,5,5,N/A,N/A,5,,5.00,5.00,FALSE,
J,Use Case 9: Quiz Generation,Generative,"The Times World News

The top most stories in bite sized pieces! Do your weekly round up of the most important stories in the world via the Times World App. Click on the stories below to get more information. 

1. The Reserve Bank of India (RBI) now has made a six-member Payments Regulatory Board (PRB), which has three nominees from the Central government who will overlook all the payment systems in the country.

2. Based on the latest National Crime Records Bureau data India has a recorded 27,721 cases of murder in 2023, a dip of 2.8% from 2022, while cybercrimes saw a 31.2% increase, with 86,420 cases reported. Further, Crimes against STs increased 28.8% in 2023, and about 12,960 cases were registered.

3. The Central Government has made an announcement that there are 100 Aspirational Agriculture Districts which will be developed under the Prime Minister Dhan-Dhaanya Krishi Yojana (PMDDKY) across the country, with Uttar Pradesh accounting for the most 12 districts.

4. While Trump has given a point by point plan on ceasefire in Gaza, there are loud explosions being heard in Gaza with the death toll rising everyday. This is day 3 of peace negotiations but Israel seems to not budge and continue with its targeted bombardment on Gaza

5. The Supreme Court of India has ordered the EC to clear the confusion around the Bihar Electoral roll and give the final count, which now stands at 7.42 crore eligible voters. This is higher than the number which was submitted before the SC took notice of the discrepancy in the Bihar Electoral rolls. Please create a quiz that is for 4 teams, and awards 2 points to each correct answer, and minuses a point for wrong answers. Questions about Gaza and Bihar Roll should have higher scoring for getting correct. Also, skip adding any introductory line to the response.",Prompt,"## Times World News Quiz **Instructions:** Answer the following questions to the best of your ability. 2 points for each correct answer, -1 point for incorrect answers. **Team 1** 1. What new body has the Reserve Bank of India (RBI) established to oversee payment systems in India? a) Financial Stability Board b) Payment Regulatory Board (PRB) c) Central Bank Oversight Committee d) Monetary Policy Review Panel 2. According to the latest NCB data, what was the reported number of murder cases in India in 2023? a) 27,000 b) 30,000 c) 27,721 d) 25,000 3. Which state has the highest number of districts included in the Prime Minister Dhan-Dhaanya Krishi Yojana (PMDDKY)? a) Maharashtra b) Karnataka c) Uttar Pradesh d) Tamil Nadu 4. What is the current estimated number of eligible voters in Bihar, as per the Supreme Court order? a) 7.2 crore b) 7.42 crore c) 7.6 crore d) 7.8 crore 5. What is the primary focus of the Prime Minister Dhan-Dhaanya Krishi Yojana (PMDDKY)? a) Boosting industrial growth b) Improving agricultural infrastructure c) Promoting rural tourism d) Enhancing healthcare access **Team 2** 1. What is the significant increase in cybercrime cases reported in India in 2023? a) 15.2% b) 31.2% c) 45.7% d) 20.1% 2. Which type of crime saw the largest percentage increase in 2023, according to the NCB data? a) Robbery b) Theft c) Cybercrime d) Assault 3. Besides cybercrime, what other crime category experienced a substantial increase in 2023? a) Domestic Violence b) Crimes against STs c) Drug Trafficking d) Vehicle Theft 4. What is the main goal of the Prime Minister Dhan-Dhaanya Krishi Yojana (PMDDKY)? a) Increase exports of agricultural products. b) Promote sustainable farming practices. c) Develop agricultural infrastructure in 100 districts. d) Reduce food wastage. 5. What is a potential outcome of the ongoing peace negotiations regarding Gaza? a) A complete cessation of hostilities b) A ceasefire agreement c) A renewed escalation of conflict d) Continued bombardment of Gaza **Team 3** 1. The PRB is tasked with overseeing which aspect of India's financial system? a) Tax Collection b) Banking Operations c) Payment Systems d) International Trade 2. What is the approximate percentage decrease in murder cases recorded in India in 2023 compared to 2022? a) 5.2% b) 2.8% c) 10.5% d) 15% 3. What is the name of the scheme aimed at developing 100 Aspirational Agriculture Districts? a) Green Revolution Initiative b) Prime Minister Dhan-Dhaanya Krishi Yojana (PMDDKY) c) Agricultural Prosperity Program d) Rural Development Fund 4. What does the Supreme Court order regarding Bihar Electoral rolls aim to resolve? a) A dispute over voter eligibility b) A discrepancy in the number of eligible voters c) The timing of the election d) The distribution of polling booths 5. Which country is heavily involved in peace negotiations regarding Gaza? a) Iran b) Egypt c) Israel d) Saudi Arabia **Team 4** 1. What is the role of the Central Government in establishing the PRB? a) To appoint all members of the PRB b) To oversee the operational activities of the PRB c) To nominate three members of the PRB d) To regulate the pricing of financial products 2. What is a significant concern highlighted by the increase in cybercrime cases? a) Data breaches and identity theft b) Financial fraud and scams c) Cyberattacks on critical infrastructure d) All of the above 3. What is an example of a potential impact of the increased crime against STs? a) Displacement of tribal communities b) Loss of ancestral lands c) Economic hardship d) All of the above 4. What is the purpose of developing 100 Aspirational Agriculture Districts? a) To boost agricultural production and income in specific regions b) To attract foreign investment in agriculture c) To promote urban farming d) To reduce reliance on food imports 5. What are the potential implications of continued bombardment of Gaza, according to reports? a) Humanitarian crisis b) Displacement of civilians c) Damage to infrastructure d) All of the above --- **Answer Key:** **Team 1** 1. b) Payment Regulatory Board (PRB) 2. c) 27,721 3. c) Uttar Pradesh 4. b) 7.42 crore 5. c) Promoting rural tourism **Team 2** 1. b) 31.2% 2. c) Cybercrime 3. b) Crimes against STs 4. c) Develop agricultural infrastructure in 100 districts. 5. b) A ceasefire agreement **Team 3** 1. c) Payment Systems 2. b) 2.8% 3. b) Prime Minister Dhan-Dhaanya Krishi Yojana (PMDDKY) 4. b) A discrepancy in the number of eligible voters 5. c) Israel **Team 4** 1. c) To nominate three members of the PRB 2. d) All of the above 3. d) All of the above 4. a) To boost agricultural production and income in specific regions 5. d) All of the above",1. What is the purpose of the Payments Regulatory Board (PRB) established by the Reserve Bank of India? (2 points) a) To oversee all payment systems in the country b) To regulate foreign currency transactions c) To monitor the stock market activities d) To supervise banking regulations 2. What was the percentage decrease in murder cases in India from 2022 to 2023? (2 points) a) 2.8% b) 31.2% c) 28.8% d) 100% 3. Under which Prime Minister Dhan-Dhaanya Krishi Yojana initiative are the Aspirational Agriculture Districts being developed? (2 points) a) Narendra Modi b) Manmohan Singh c) Atal Bihari Vajpayee d) Ram Nath Kovind 4. How many districts in Uttar Pradesh are part of the Prime Minister Dhan-Dhaanya Krishi Yojana (PMDDKY) initiative? (2 points) a) 10 b) 12 c) 14 d) 16 5. On what day are peace negotiations happening in Gaza despite loud explosions and rising death toll? (2 points) a) Day 1 b) Day 2 c) Day 3 d) Day 4 6. How many eligible voters are there in Bihar as per the final count ordered by the Supreme Court? (2 points) a) 7.42 crore b) 7.42 million c) 7.42 thousand d) 7.42 hundred 7. What is the main reason for the Supreme Court ordering the Election Commission (EC) to clear the confusion around the Bihar Electoral roll? (2 points) a) Discrepancy in the number of eligible voters b) Discrepancy in the number of polling stations c) Discrepancy in the number of candidates registered d) Discrepancy in the number of voting days 8. Which country has been accused of continuing its targeted bombardment on Gaza despite Trump’s plan for a ceasefire? (2 points) a) Iran b) Israel c) Syria d) Turkey 9. What is the percentage increase in cybercrimes in India from 2022 to 2023? (2 points) a) 2.8% b) 31.2% c) 28.8% d) 100% 10. What is the percentage increase in crimes against Scheduled Tribes in India from 2022 to 2023? (2 points) a) 2.8% b) 31.2% c) 28.8% d) 100%%,5,5,5,4,5,5,5,N/A,N/A,3,5,3,5,5,5,5,N/A,N/A,2,"The edge output is simply a quiz while the prompt specifically calls for a 4 team quiz. Gemini provided a complete answer with 4 different versions, 1 for each team",4.86,4.43,FALSE,
J,Use Case 9: Quiz Generation,Generative,"Google Review of Ba**ds of Bollywood:

Shreshtha (4 stars):

Bads of Bollywood had a star cast like no other. Before this, Om Shanti Om had the most number of cameos from Bollywood, but Bads came and broke that record. According to News 18, Bads of Bollywood has 21 cameos and industry giants like Shahrukh Khan, Salman Khan, Karan Johar, Eimran Hashmi, Ranbir Kapoor, Ranveer Singh, Amir Khan, among others. It is such a fun and fantastic watch, would 0absolutely recommend

This show is a funny, satirical action comedy drama that exposes all of the ways in which Bollywood works. Aaryan Khan’s directorial debut was produced by his mother Gauri Khan and Shahrukh Khan’s Red Chillies entertainment. The show delves through humor into the darker side of bollywood, touching on topics like the underworld, nepotism, and the struggles of those who don’t belong to the world of cinema. The show makes multiple references to 90s and 2000s bollywood movies like Koi Mil gaya, Gupt, Munnabhai MBBS, Murder, Kabhi Khushi Kabhi Gham, Om Shanti Om among others. The movie also makes reference to real life issues of Sameer Wankhade and Aryan Khan’s case, the Nepotism comment by Siddhant Chaturvedi to Ananya Pandey, and Karan Johar’s 3 film contracts, and Shahrukh Khan’s journey woven into the story. 

The story misses calling out to top actresses of Bollywood like Rani, Kajol, Priyanka, Deepika, Pretty but it is not surprising as all of Bollywood’s focus even today are the heroes. I think what makes me cut that 1 star is precisely this, the female characters really are not fleshed out and don't have strong writing at all. 
Create a table with Yes and No questions relating to any three actors from the given paragraph. The response should not contain any introductory sentence like ""Here's the table..""",Prompt,| Actor | Yes | No | |----------------|--------------------------------------|---------------------------------------| | Shah Rukh Khan | Is he mentioned as a cameo performer? | Does the review mention a specific role for him beyond a cameo? | | Salman Khan | Is he mentioned as a cameo performer? | Does the review detail his character's storyline? | | Karan Johar | Is he mentioned as a cameo performer? | Does the review discuss his character's motivations? |,"| Yes/No Questions | Shahrukh Khan | Salman Khan | Ranveer Singh | | ---------------- | -------------- | ------------ | ------------- | | Is Shahrukh Khan in Bads of Bollywood? | Yes | Yes | Yes | | Did Salman Khan make cameos in Bads of Bollywood as per the review? | Yes | Yes | Yes | | Is Ranveer Singh mentioned among the cameos in Bads of Bollywood? | Yes | Yes | Yes | | Did Shahrukh Khan produce Red Chillies Entertainment, the company behind Bads of Bollywood? | Yes | Yes | Yes | | Is Salman Khan part of Red Chillies Entertainment as per the review? | Yes | Yes | Yes | | Did Ranveer Singh star in Om Shanti Om, one of the movies referenced in the review? | Yes | Yes | Yes | |",2,2,2,3,5,4,5,N/A,N/A,2,2,2,3,5,4,5,N/A,N/A,3,Both outputs are unacceptable,3.29,3.29,FALSE,
J,Use Case 9: Quiz Generation,Generative,"I have always been a travel enthusiast and whenever I travel I make sure my itinerary offers a mix of adventure, leisure and cultural immersion. I recently traveled to Thailand. I took my flight from Delhi to Phuket which was around 5 hours long. I reached Phuket around 4PM local time. In Phuket, I explored market places, had sumptuous Thai food and visited Old Town which was surely the highlight. The streets had colorful buildings, pretty little cafes and beautiful flower shops. I couldn't stop myself from buying pretty little things. 

The next day, I booked a ferry from Phuket to Koh Phi Phi which took around 2 hours and I witnessed the best sunset of my life. Phi Phi is mostly famous for its vibrant night life and also limestone cliffs which enhance the beauty of the island. Before booking the flight to Thailand, I knew one thing for sure that I have to do scuba diving. I booked a morning slot because I heard that it's the best time to do scuba diving as it's less crowded and the water is more soothing. This was my first scuba diving experience and it was life-changing. That was the time when I decided to learn swimming and do this more often. The name of my instructor was Ricardo. He was spanish.He taught things really well. I did other activities as well like kayaking, parasailing and hiking to watch the beautiful sunsets. Night beach parties in Phi Phi were crazy. We danced our hearts out and had the best time. 

Finally, I traveled to Koh Samui. I went snorkeling in crystal clear water and attended thai cooking class as I love Thai food, I soaked in peaceful beaches and read my favorite book ""Eat Pray Love"". The next day, I took a flight back to Delhi at around 8 PM local time and reached Delhi around 4 AM local time. Go through the text and make 5 questions that require matching the correct adventure activity to the correct island. Please make sure no introductory sentence is added to the response. ",Prompt,"1. Which island is most associated with vibrant nightlife and limestone cliffs, making it a popular spot for scuba diving? 2. Where did the author participate in a Thai cooking class, reflecting their love for Thai food? 3. Which island offered the opportunity for snorkeling in crystal-clear water and relaxing on peaceful beaches? 4. Where did the author experience a life-changing first scuba diving adventure with an instructor named Ricardo? 5. Which island was highlighted for its colorful Old Town, cafes, and flower shops, leading to souvenir shopping?","1. Which island is known for scuba diving and vibrant night life? 2. Which island is famous for its limestone cliffs and beautiful sunsets? 3. Which island did you visit for kayaking, parasailing, and hiking? 4. Which island is known for crystal clear water and night beach parties? 5. Which island did you attend a Thai cooking class and read ""Eat Pray Love""?""?",5,5,5,5,5,5,5,N/A,N/A,5,5,5,5,5,5,5,N/A,N/A,5,,5.00,5.00,FALSE,
J,Use Case 2: Composition,Generative,"Techguru12: Hey guys! I need your opinions on something. I bought this chargeable mug that is supposed to keep you coffee hot all day long. Is it worth it or should I return it? i'm asking because it doesn't look promising. 
Coffeeking11: Oh! I have this one too. It works fine for a few days and after that you have to keep charging it to keep your coffee hot all day.
Notsotechy: Yes, @coffeeking11 is right! My coffee mug stopped working after 2 PM yesterday and I ended up with cold coffee. Not sure what's the point of this mug anyway.
Notamorningguy: Yeah, it's just a fancy overpriced coffee mug!
Coffeeking11: The weirdest feature of this coffee mug is that it has a beeping feature. It beeps when coffee reaches the temperature that you set. I have had some moments where I was in middle of a meeting and this coffee mug just randomly started beeping. Well, I don't know if anybody really needs that feature. 

Act as a story writer and write a story with the following sentence ""I was in the middle of a meeting ...""  and the story should not be more than 200 words. The story should be based on the product that is mentioned in  the given paragraph. Don't add any introductory statement in the response ",Prompt,"I was in the middle of a meeting, presenting quarterly projections to the board, when it happened. A shrill, insistent beep pierced the otherwise hushed room. My cheeks flushed crimson. I frantically glanced down, pinpointing the source: my fancy, chargeable coffee mug. The very mug I'd bought to elevate my professional image! The mug, boasting precise temperature control, had apparently decided to alert me to the optimal sipping point. Except, this optimal point coincided perfectly with the most crucial part of my presentation. The beep continued, unwavering, a tiny electronic dictator demanding I pause my narrative and acknowledge the warmth of my beverage. Mr. Henderson, the CEO, raised a perfectly sculpted eyebrow. ""Everything alright, Amelia?"" he inquired, a hint of amusement in his voice. I mumbled an apology, blaming a faulty alarm. The rest of the meeting felt like an eternity. Later, I realized the mug’s beeping was more annoying than convenient. Maybe a simple thermos was a better investment after all.","I was in the middle of an important client meeting when my coffee mug, the latest gadget I had purchased to keep my coffee warm all day, started beeping incessantly. The room filled with an unexpected symphony of electronic chimes, drawing curious glances and raising a few eyebrows. ""What's going on?"" I muttered under my breath, glancing at my mug. The beeping continued, louder and more persistent. I glanced at my watch; it was 11:15 AM, and my coffee was supposed to last until lunch. ""Is this supposed to happen?"" I asked my colleague, who looked equally perplexed. We exchanged a glance, realizing we were the only ones in the room affected by this bizarre interruption. ""Maybe it's a feature?"" I suggested nervously. ""Maybe,"" my colleague replied, shaking their head. I quickly silenced the alarm, feeling a mixture of relief and embarrassment. I couldn't help but chuckle at the absurdity of the situation. After all, what was the point of having a mug that kept your coffee warm if it also kept you awake during meetings? As we continued our meeting, I kept a wary eye on my mug, hoping it wouldn't decide to perform its beeping symphony again. The meeting ended successfully, but I couldn't shake the feeling that my coffee mug was more of a distraction than a convenience..",5,5,5,5,5,5,5,N/A,N/A,3,1,5,5,5,5,5,N/A,N/A,4,"Responses are very similar, however, the Edge response failed to adhere to the 200 word limit (~220 words)",5.00,4.14,TRUE,
J,Use Case 2: Composition,Generative,"Amazon Reviews for Levellers Coat Rack:

Ronit (5 Star): I have always struggled with all the extra things that people bring through the door, coats, small bags, packets etc. But this stand totally solved this issue of mine! This is a great product at a super reasonable price!!

Suyansh (1 Star): Looks are decieving. The picture makes this stand seem like a sexy, sturdy, metallic black rack. That would hold all the coats and other hanging objects well. But since this has come, I have realised I could have stood with the stuff and would be better at doing the job than this stand. This looks like a cheap platic material, and is so thin, it looks like it will collapse if a fly sits on it. 

Sumit (3.5 stars): Pros: Appearance of the stand is nice. The hooks are sturdy. Good colour and finish. Cons: 3 leg stand is not balanced at all, better to have 4 legs. The plastic spacers are not good and is very loose. Just not very stable and sturdy

Sultana (3 Star): It is a lightweight and good metal, but the standing stability is really bad. I need to send a report to my Manager at Levellers. They are very bad at handling critical feedback and often can get very stressed reading it. Can you please make a review report of the cupboard, ensure the report ends with ""Please have a better look, and address xyz issues"". But the key of this report is that any issue that is highlighted should come with a quick fix we can do to continue to push the product after minor adjustments. Ensure there are no introductory line is required in the response. ",Prompt,"## Levellers Coat Rack Review Report **Product:** Levellers Coat Rack **Overall Sentiment:** Mixed. While appearance and hook quality are appreciated, concerns regarding stability and material durability significantly detract from the product's overall performance. **Key Strengths:** * **Aesthetics:** Customers find the stand visually appealing, praising the appearance, colour, and finish. This suggests potential for strong marketing based on visual appeal. * **Hook Quality:** Hooks are reported as sturdy, indicating a functional element that meets basic expectations. * **Lightweight & Metal Construction:** The lightweight nature and metal construction are noted as positive aspects, suggesting ease of movement and a certain level of inherent durability (though this is contradicted by stability issues). **Key Weaknesses & Potential Issues:** * **Stability:** This is the most significant recurring complaint. The 3-legged design lacks balance, leading to instability and a perceived risk of collapse. * **Quick Fix:** Implement a reinforced leg structure or add rubber feet/leveling discs to the existing legs to improve stability. Consider a slight widening of the base. * **Material Quality/Durability:** Concerns about the plastic material being ""cheap"" and ""thin"" raise questions about long-term durability. The fear of collapse even under light weight highlights a perception of fragility. * **Quick Fix:** Upgrade the plastic material to a thicker, more durable polymer. Consider reinforcing key stress points with metal inserts. Highlight the metal components as a strength in marketing. * **Spacer Design:** The loose plastic spacers contribute to instability. * **Quick Fix:** Redesign the spacers to ensure a tighter, more secure fit. Explore alternative fastening methods (e.g., small screws or clips). **Customer Concerns & Reported Issues:** * **Unbalanced Base (3-legged design):** Leads to wobbling and instability, especially with heavier items. * **Perceived Fragility:** The thin plastic material evokes concerns about the stand’s ability to withstand regular use. * **Poor Spacer Fit:** Loose spacers negatively impact overall stability. **Recommendations & Actionable Items:** Prioritize addressing stability concerns through structural modifications. Invest in improved material quality and spacer design. Consider offering a slightly heavier-duty version with reinforced construction. Please have a better look, and address xyz issues.","Report Summary: **Ronit (5 Star):** The stand effectively resolves issues with extra items entering through the door, offering excellent functionality at a reasonable price. **Suyansh (1 Star):** The visual appeal is misleading; the stand does not appear as sturdy and metallic as depicted in the photos. The material is thin and flimsy, risking collapse. **Sumit (3.5 stars):** Pros: Attractive appearance, sturdy hooks, good color and finish. Cons: Unbalanced 3-leg stand, unstable due to loose plastic spacers. Stability concerns. **Sultana (3 Star):** Lightweight metal construction, but poor stability. Critical feedback needed for product improvement. **Quick Fix Suggestions:** 1. **Balance Issue:** Add a fourth leg for improved stability. 2. **Plastic Spacers:** Use more secure fastening mechanisms to enhance sturdiness. 3. **Stability:** Reinforce the structure to prevent collapse under light pressure. Please have a better look, and address balance, fastening, and stability issues..",3,4,3,3,5,5,5,N/A,N/A,5,1,5,5,5,5,5,N/A,N/A,3,"Gemini's response was drawn out and harder to understand and included ""Please have a better look, and address xyz issues."" rather than interpreting that and saying actual issues. ",4.00,4.43,TRUE,
J,Use Case 2: Composition,Generative,"Subject: Visit to a small village named Sittong in Darjeeling

Hey Shreeni,

Hope you're doing well. Sorry I couldn't reply to your email earlier as I have been traveling but I'm really excited to tell you what I experienced in this small village Sittong in darjeeling. It's a really beautiful Something I have never experienced before. As the day ended, there were less vehicles on the road and the streets were almost empty. Autumn air just hits differently. It seemed like an ordinary day, but was peaceful in its own way. I feel some days we just need to change our perspectives and look at things in a different way. People are at home, spending time with their families, lighting candles, and sipping hot tea. People here mostly like fruity and floral aroma in their tea. They talk about Second Flush Muscatel tea a lot here, it's a black tea harvested typically in May to June. I will get it for you. Days here in this small village remind us of how slow days can make life simpler and better. These little moments make us appreciate the serenity of small-town life and people hardly run after things, have time to breathe and enjoy the beauty of the world around them. 

Waiting to hear about your days in London. 

Love,
PreetiCompose a script for an a commercial for tea brand. It glorifies the simple slow life as if I'm a journalist reporting from an active war zone. Continue from ""I will get it for you..."" It should not be more than 350 words. The response should not have any introductory line. ",Prompt,"**(Sound of distant gunfire, muffled explosions – overlaid with gentle, calming instrumental music)** **Journalist (Preeti, voice slightly strained, but determined):** This is Preeti, reporting live from…well, it’s hard to pinpoint the exact location anymore. But I’m here, amidst the quiet amidst the chaos. I’ve been observing something remarkable here, a pocket of normalcy defying all odds. It's a small village, Sittong, nestled in the foothills of Darjeeling. **(Sound of birds chirping briefly amidst the ambient noises)** **Preeti:** The constant rumble…the fear…it’s all there. But here, as the day descends, something shifts. The relentless pace slows to a crawl. Vehicles become relics, almost ghosts on the road. The air…it’s crisp, clean, carrying the scent of autumn. A stark contrast to the metallic tang of…well, you know. It’s peaceful. Remarkably peaceful. **(Sound of a gentle kettle whistling)** **Preeti:** The people…they’re not focused on the next attack, the next threat. They are at home, sharing meals, lighting candles. The aroma… it’s intoxicating. Fruity, floral…a delicate fragrance that clings to the air. They’re particularly fond of Second Flush Muscatel tea. A black tea, harvested in May and June. A reminder of a time when things felt… simpler. **(Preeti takes a slow, deliberate sip of tea)** **Preeti:** This isn’t a story of heroism, or of battles won. It's a story of resilience, of finding solace in the small things. A quiet moment, a warm cup of tea, the company of loved ones. A reminder that even amidst the… turmoil… beauty persists. And that sometimes, the most powerful act is to simply breathe, and appreciate what you have. **(Music swells slightly. Sound of a gentle sigh)** **Preeti:** I will get it for you, Shreeni. This tea. A taste of serenity. A taste of… hope. This is Preeti, signing off. **(Music fades out with a final, calming chord.)**","In the serene village of Sittong in Darjeeling, a tranquil haven amidst the hustle of modern life, Preeti discovered an extraordinary tea tradition that encapsulates the essence of simplicity and warmth. Amidst the autumn breeze, the villagers gather around their hearths, lighting candles and sipping on the legendary Second Flush Muscatel tea, a black tea harvested typically in May to June. Preeti, captivated by this peaceful existence, decided to bring this serene experience back to London. She will get you a special batch of Second Flush Muscatel tea, a gift from the heart of Sittong, to savor the slow life amidst the chaos. As a journalist reporting from the war zones, I have witnessed the relentless pace of conflict, the constant rush, and the overwhelming noise. Yet, amidst the chaos, I discovered a hidden gem—a simple, slow life that brings peace and tranquility. The people of Sittong have mastered the art of slowing down, cherishing each moment with their families and friends, sipping hot tea with a fruity and floral aroma. In this village, the Second Flush Muscatel tea is more than just a beverage; it is a symbol of serenity, a reminder of the beauty of simplicity in our fast-paced world. As I continue my journey from the war zones to London, I carry with me the essence of Sittong—a testament to the power of slowing down and appreciating life's simple moments. So, dear friends, let me invite you to experience the magic of the Second Flush Muscatel tea, a taste of the slow life amidst the chaos. Embrace the serenity of Sittong and find solace in the simple moments that make life truly beautiful. Preeti's mission: to bring the slow life to London, one cup of Second Flush Muscatel tea at a time. Join me on this journey and discover the beauty of simplicity. Love, Preeti..",5,5,5,5,5,5,5,N/A,N/A,2,1,2,4,5,5,5,N/A,N/A,2,Edge's response is not a script and does not follow the instructions,5.00,3.43,TRUE,
J,Use Case 2: Composition,Generative,"I had breakfast at 7AM and walked out of my house at exactly 7:15 AM. I met Mr. Bhatia in the lift and we talked about new GST rates and current market trends. He always has a lot of information on such topics and I really find that interesting. He had me for 15 minutes and I had to tell him that I was getting late to the office. Well, I drove to my office and reached around 8:30 AM. I was called for a meeting with the CEO Ms. Reema Roy at 9 AM, so, I had to prepare all the notes and update the numbers that I was asked to deliver. It was a productive day at the office. At 6:30 PM, I met a few of my friends, Ria, Jenny and Nishtha, we had coffee, this is my favorite cafe in town. We meet regularly at this cafe, for the past 10 years. Apar from the richest, creamiest coffee, and absolutel magnificient tea cakes, this place really has brough us all together. It is quiet and cozy and we are never asked to leave, in this busy life, this small cafe with my friends is truly my solace. After the sentence where user mentions about meeting friends, add 5 consecutive sentences related to friendship. Make sure no introductory line is mentioned in the response. ",Prompt,"It is quiet and cozy and we are never asked to leave, in this busy life, this small cafe with my friends is truly my solace. We've shared countless laughter-filled evenings, supporting each other through thick and thin. From celebrating milestones to navigating challenges, our bond has remained steadfast and unwavering. Knowing I have Ria, Jenny, and Nishtha in my corner gives me immense strength and comfort. Their understanding and unwavering support are invaluable, enriching my life in countless ways.","Ria, Jenny, and Nishtha have always been a pillar of support for me, especially during tough times. Our bond grew stronger with each passing year, and we have shared countless memories together. Friendship has a unique way of filling the voids in life and bringing joy even in challenging moments. I cherish the laughter, the tears, and every moment we have shared. It's comforting to know that no matter what happens, I have my friends by my side. Friendship truly is a treasure that I hold dear..",5,5,5,5,5,5,5,N/A,N/A,5,1,5,5,5,5,5,N/A,N/A,5,,5.00,4.43,TRUE,
J,Use Case 2: Composition,Generative,"Jenny: You know what, yesterday I went to that sushi place you recommended. It was okay, but I think the prices could have been better. The sitting arrangement was also a little weird. The taste of sushi was good, but the dumplings were better. I ordered one plate and then had one more. I asked them to pack one for my brother as well. 

Riya: Yeah, the place is a little expensive, but the flavors are superb. I have been there twice and can't wait to go there again. 

Nishtha: What's the name of that restaurant? I feel like having sushi and dumplings after hearing your reviews.

Jenny: Oh! You should definitely go. The name is ""Kuraaku"", it's right next to the Green World Departmental Store and I think it's open till 9 PM only. 

Nishtha: Great! I might go there with my mom tomorrow. It's her birthday tomorrow. 

Riya: Oh! Are we not invited then? 

Nishtha: Of course not! 



They all laughed and went for a walk in the nearby park.I'm posting a picture with my friends on instagram, please read the paragraph and give me a suitable caption.  Make sure there is no introductory statement in the response. ",Prompt,Sushi & dumplings cravings fulfilled! 🍣🥟 Celebrating Mom's birthday with a delicious meal at Kuraaku! ✨ #birthdaycelebration #sushi #dumplings #friends #dinner #kuraaku #goodtimes,"""Can't stop smiling from today's sushi adventure! 🍣🍜 #Kuraaku #SushiLove #BirthdayTreats #HappyMoments""""",5,5,5,5,5,5,5,N/A,N/A,5,5,5,5,5,5,5,N/A,N/A,5,,5.00,5.00,FALSE,
J,Use Case 3: User Intent Classification,Classification,"Brew a strong shot of espresso or use a strong coffee (about 1 oz).
Fill a glass with ice cubes.
Pour the hot espresso or coffee over the ice.
Add 1/2 cup of oat milk (or any milk of choice).
Stir to combine.
Optionally, add sweetener (like sugar or simple syrup) to taste.

Okay, so I tried making an iced oat milk latte at home, following this recipe I found online, and it was a disaster. I used the same oat milk brand I always get, but it didn’t taste like the ones I get at cafes at all. The texture was off, and it had this weird aftertaste. Do I need more oat milk or something else? Or maybe I should try a different coffee? Anyone know what I’m doing wrong? #IcedLatteFail #NeedCafeVibes #Help #CoffeeStrugglesDetermine whether the user is providing an article or a review for a book. Only if false, ask the user to state the brand of coffee they used.

The response should not include an introductory sentence in the beginning.",Prompt,"This is a review. The user is describing a negative experience making an iced oat milk latte and is seeking help troubleshooting the issue. You're likely experiencing a few common problems with oat milk lattes at home. Here's a breakdown of potential culprits and what you can try: * **Oat Milk Brand:** You've already suspected this, and it's a very valid concern. Oat milk varies *significantly* in quality and how it behaves in coffee. The barista blends often use specialized oat milks designed for optimal steaming and latte texture. * **Type of Oat Milk:** Some oat milks are formulated for drinking straight (sweetened, less creamy), while others are better for barista use (creamier, more stable foam). Look for oat milks specifically labelled ""barista blend"" or ""professional blend."" * **Coffee Strength:** While a strong shot of espresso is ideal, a very weak coffee might not provide enough contrast to the oat milk. Experiment with slightly stronger coffee. * **Temperature:** If your coffee is too hot, it can scald the oat milk, leading to a less desirable flavor. Let the espresso/coffee cool slightly before pouring over ice. * **Stirring:** Thorough stirring is important to ensure everything is well combined. **What to try next:** 1. **Try a barista blend oat milk:** This is the most likely fix. Oatly Barista Edition, Oatly Barista Creations, Califia Farms Barista Blend, and Ripple Barista Blend are popular choices. 2. **Experiment with coffee:** If the oat milk change doesn't solve the issue, try a bolder coffee roast. 3. **Adjust oat milk quantity:** While 1/2 cup is a good starting point, you could try slightly more or less oat milk to find your preferred consistency. 4. **Look up oat milk latte recipes:** Search online for specific recipes using barista-blend oat milk for more detailed instructions. To help me narrow down the possibilities, could you tell me what brand of coffee you used?","The user is not providing an article or reviewing a book; they are discussing their experience with making an iced oat milk latte at home and seeking advice on what went wrong. The brand of coffee used by the user was not specified in your initial statement, so you would need to ask them directly for that information..",N/A,N/A,N/A,N/A,N/A,N/A,N/A,N/A,1,N/A,N/A,N/A,N/A,N/A,N/A,N/A,N/A,5,1,,1.00,5.00,TRUE,
J,Use Case 3: User Intent Classification,Classification,"Stree is an absolute delight! A perfect blend of horror and comedy, it keeps you laughing and guessing the whole time. Rajkummar Rao is fantastic, and the quirky small-town vibe adds so much charm. The story is clever, the dialogues are hilarious, and the message is surprisingly meaningful. A must-watch!
Please review the paragraph and pick which category it falls under:
1. Product complaint
2. Novel summary
3. Movie reiview
4. Novel summary
5. Social media comment
6. Poem

Be sure not to include an introductory sentence in the response.",Prompt,Movie review,3. Movie review review,N/A,N/A,N/A,N/A,N/A,N/A,N/A,N/A,5,N/A,N/A,N/A,N/A,N/A,N/A,N/A,N/A,5,4,"Both provided correct outputs however, edge's response of ""3. Movie review review"" is not great",5.00,5.00,FALSE,
J,Use Case 3: User Intent Classification,Classification,"As excitement builds for James Gunn's new Superman movie, many fans are wondering: Do I need to watch Smallville to understand the new Superman story? The quick answer is no. While Smallville tells viewers about Clark Kent's teenage years and early struggles with his powers, it’s not essential to understanding the upcoming Superman film. James Gunn’s movie will start fresh, offering a new take on the character, separate from the storylines explored in the 10-season TV series. If you're already familiar with Superman’s backstory, you can jump right into the new film without missing much. However, if you’re a fan of character-driven stories and want to explore Clark’s origins in more depth, Smallville is worth a watch. Just don’t expect it to connect directly to the new Superman.
#supermanmovie #dcfranchise #jamesgunnPlease review the user query and determine whether it is a review about the Superman movie or not.

Do not include an introductory sentence in the response.",Prompt,This is a review about the Superman movie and its relationship (or lack thereof) to the TV series *Smallville*. It analyzes whether prior knowledge of *Smallville* is necessary to understand the new film and provides a recommendation based on fan interest in Clark Kent's backstory. It also includes relevant hashtags.,"Yes, it is a review about the Superman movie..",N/A,N/A,N/A,N/A,N/A,N/A,N/A,N/A,4,N/A,N/A,N/A,N/A,N/A,N/A,N/A,N/A,5,4,,4.00,5.00,TRUE,
J,Use Case 3: User Intent Classification,Classification,"As excitement builds for James Gunn's new Superman movie, many fans are wondering: Do I need to watch Smallville to understand the new Superman story? The quick answer is no. While Smallville tells viewers about Clark Kent's teenage years and early struggles with his powers, it’s not essential to understanding the upcoming Superman film. James Gunn’s movie will start fresh, offering a new take on the character, separate from the storylines explored in the 10-season TV series. If you're already familiar with Superman’s backstory, you can jump right into the new film without missing much. However, if you’re a fan of character-driven stories and want to explore Clark’s origins in more depth, Smallville is worth a watch. Just don’t expect it to connect directly to the new Superman.
#supermanmovie #dcfranchise #jamesgunnMention the name of the milk brand that the user query is talking about, ONLY if the user query is a recipe.

Be sure not to include an introductory sentence in the response.",Prompt,There is no mention of a milk brand in the user query.,"I'm sorry, but there was no mention of a milk brand or a recipe in your query. Could you provide more information or clarify your request??",N/A,N/A,N/A,N/A,N/A,N/A,N/A,N/A,5,N/A,N/A,N/A,N/A,N/A,N/A,N/A,N/A,5,5,,5.00,5.00,FALSE,
J,Use Case 4: Generate tags,Generative,"Hi John, these are the top 8 product reviews for the new Linen Curtains we started selling on Amazon. I thought this could be helpful to use for the Variety Article and we can use these highlight points for the Instagram reel. 

Here is the general brief: Customers seem to find the curtains to be of good colours, good quality, and that it ties their room well together. The fabric seems to be appreciated by many and some describe this as a value for money.  However there were a few that complained about the colour fading and some defect pieces being given to them. 

Suyash *****: Great curtains! They block light relatively well and feel durable. The colour options are also fantastic. 

Sobhi ****: The color is exactly as shown, I bought both the sheer and the opaque ones of the same brand, and they look great together as a set. This is very well stitched and of great value especially because of the price point. 

AllaboutArtists *****: The product is just as expected and packaged well, clean, and ironed. 


RajakVohra *****: The beauty of the room has increased since I bought the curtains, they look fantastic!

RichaR. *****: Excellent quality and good size options

Raghav A **: The colour faded without even washing it, this happened within 6 Months of purchase. 

Gevesh D * : I want to give this one star because this was badly packaged and the curtains came to me in 2 parts, and was damaged. 


Ashwin V *****: Good colour and blocks light well. Would definitely purchase more for other rooms

Let me know if you need anything else. 

Best, 
ReshamRead the information and make some tags for the bio of this Linen Curtain company. The answer should be given directly without ""Here are the tags for the bio"" or any such intro sentence.",Prompt,#LinenCurtains #AmazonFinds #HomeDecor #CurtainGoals #GoodQuality #ValueForMoney #RoomTransformation #StylishCurtains #LightBlocking #DurableFabric #NewCollection #InteriorDesign #HomeEssentials #ShopNow #ReshamCurtains (assuming that's the company name),# Linen Curtains | Top Amazon Reviews | Great Colours | Durable Fabric | Value for Money | Light Blocking | Set Options | Ironed & Clean Packaging #LinenCurtainsAmazon #BestCurtains #ValueForMoney #GreatColours #DurableFabric #LightBlockingCurtains #SetOptions #IronedCleanPackaging #QualityCurtainsains,5,5,5,5,5,5,5,N/A,N/A,4,4,5,4,5,5,5,N/A,N/A,4,,5.00,4.57,FALSE,
J,Use Case 4: Generate tags,Generative,"Hi John, these are the top 8 product reviews for the new Linen Curtains we started selling on Amazon. I thought this could be helpful to use for the Variety Article and we can use these highlight points for the Instagram reel. 

Here is the general brief: Customers seem to find the curtains to be of good colours, good quality, and that it ties their room well together. The fabric seems to be appreciated by many and some describe this as a value for money.  However there were a few that complained about the colour fading and some defect pieces being given to them. 

Suyash *****: Great curtains! They block light relatively well and feel durable. The colour options are also fantastic. 

Sobhi ****: The color is exactly as shown, I bought both the sheer and the opaque ones of the same brand, and they look great together as a set. This is very well stitched and of great value especially because of the price point. 

AllaboutArtists *****: The product is just as expected and packaged well, clean, and ironed. 


RajakVohra *****: The beauty of the room has increased since I bought the curtains, they look fantastic!

RichaR. *****: Excellent quality and good size options

Raghav A **: The colour faded without even washing it, this happened within 6 Months of purchase. 

Gevesh D * : I want to give this one star because this was badly packaged and the curtains came to me in 2 parts, and was damaged. 


Ashwin V *****: Good colour and blocks light well. Would definitely purchase more for other rooms

Let me know if you need anything else. 

Best, 
ReshamMake some tags for the brief that can be used on a webpage for better visiblity online.  Do not use an introductory sentence like ""Here are tags for the webpage""",Prompt,"## Linen Curtains - Customer Review Highlights & Instagram Reel Content **Variety Article Highlights:** * **Positive:** * **Color & Aesthetics:** Customers consistently praise the attractive color options and how the curtains enhance the overall look of a room. Many appreciate the ability to create cohesive sets with sheer and opaque versions. * **Quality & Durability:** The fabric is frequently described as good quality and durable. * **Value for Money:** Several reviewers highlight the excellent value, especially considering the price point, with mentions of good stitching and clean packaging. * **Light Blocking:** Customers report that the curtains effectively block light. * **Good Size Options:** Customers appreciate the availability of different size options. * **Negative:** * **Color Fading:** A noticeable concern is the color fading, with one customer reporting it happening within 6 months of purchase, even without washing. * **Defective Units:** Instances of receiving damaged or poorly packaged curtains were reported. **Instagram Reel Content Points:** * **Visually Showcase:** Highlight the beautiful colors of the curtains. * **Fabric Focus:** Briefly mention the quality and feel of the linen. * **Room Transformation:** Use visuals to demonstrate how the curtains can elevate a space. * **Value Proposition:** Subtly mention the affordability. * **Address Concerns (briefly):** Acknowledge the color fading issue (e.g., ""Enjoy your beautiful colors!"") and mention quality control. ## Webpage Tags: linen curtains, curtains, window treatments, home decor, interior design, room decor, bedroom curtains, living room curtains, affordable curtains, value for money, stylish curtains, good quality, durable curtains, light blocking curtains, color options, sheer curtains, opaque curtains, home furnishing, decor, stylish home, room makeover, window décor, linen, fabric curtains, easy care curtains, new arrivals, Amazon curtains",# Lining Curtains # Linen Curtains Amazon # Linen Curtains Amazon Reviews # Linen Curtains Amazon Reviews Positive # Linen Curtains Amazon Reviews Negative # Linen Curtains Amazon Reviews Positive # Linen Curtains Amazon Reviews Negative # Linen Curtain Amazon Reviews Positive # Linen Curtain Amazon Reviews Negative # Linen Curtain Amazon Reviews Positive # Linen Curtain Amazon Reviews Negative # Linen Curtain Amazon Reviews Positive # Linen Curtain Amazon Reviews Negative # Linen Curtain Amazon Reviews Positive # Linen Curtain Amazon Reviews Negative # Linen Curtain Amazon Reviews Positive # Linen Curtain Amazon Reviews Negative # Linen Curtain Amazon Reviews Positive # Linen Curtain Amazon Reviews Negative # Linen Curtain Amazon Reviews Positive # Linen Curtain Amazon Reviews Negative # Linen Curtain Amazon Reviews Positive # Linen Curtain Amazon Reviews Negative # Linen Curtain Amazon Reviews Positive # Linen Curtain Amazon Reviews Negative # Linen Curtain Amazon Reviews Positive # Linen Curtain Amazon Reviews Negative # Linen Curtain Amazon Reviews Positive # Linen Curtain Amazon Reviews Negative # Linen Curtain Amazon Reviews Positive # Linen Curtain Amazon Reviews Negative # Linen Curtain Amazon Reviews Positive # Linen Curtain Amazon Reviews Negative # Linen Curtain Amazon Reviews Positive # Linen Curtain Amazon Reviews Negative # Linen Curtain Amazon Reviews Positive # Linen Curtain Amazon Reviews Negative # Linen Curtain Amazon Reviews Positive # Linen Curtain Amazon Reviews Negative # Linen Curtain Amazon Reviews Positive # Linen Curtain Amazon Reviews Negative # Linen Curtain Amazon Reviews Positive # Linen Curtain Amazon Reviews Negative # Linen Curtain Amazon Reviews Positive # Linen Curtain Amazon Reviews Negative # Linen Curtain Amazon Reviews Positive # Linen Curtain Amazon Reviews Negative # Linen Curtain Amazon Reviews Positive # Linen Curtain Amazon Reviews Negative # Linen Curtain Amazon Reviews Positive # Linen Curtain Amazon Reviews Negative # Linen Curtain Amazon Reviews Positive # Linen Curtain Amazon Reviews Negative # Linen Curtain Amazon Reviews Positive # Linen Curtain Amazon Reviews Negative # Linen Curtain Amazon Reviews Positive # Linen Curtain Amazon Reviews Negative # Linen Curtain Amazon Reviews Positive # Linen Curtain Amazon Reviews Negative # Linen Curtain Amazon Reviews Positive # Linen Curtain Amazon Reviews Negative # Linen Curtain Amazon Reviews Positive # Linen Curtain Amazon Reviews Negative # Linen Curtain Amazon Reviews Positive # Linen Curtain Amazon Reviews Negative # Linen Curtain Amazon Reviews Positive # Linen Curtain Amazon Reviews Negative # Linen Curtain Amazon Reviews Positive # Linen Curtain Amazon Reviews Negative # Linen Curtain Amazon Reviews Positive # Linen Curtain Amazon Reviews Negative # Linen Curtain Amazon Reviews Positive # Linen Curtain Amazon Reviews Negative # Linen Curtain Amazon Reviews Positive # Linen Curtain Amazon Reviews Negative # Linen Curtain Amazon Reviews Positive # Linen Curtain Amazon Reviews Negative # Linen Curtain Amazon Reviews Positive # Linen Curtain Amazon Reviews Negative # Linen Curtain Amazon Reviews Positive # Linen Curtain Amazon Reviews Negative # Linen Curtain Amazon Reviews Positive # Linen Curtain Amazon Reviews Negative # Linen Curtain Amazon Reviews Positive # Linen Curtain Amazon Reviews Negative # Linen Curtain Amazon Reviews Positive # Linen Curtain Amazon Reviews Negative # Linen Curtain Amazon Reviews Positive # Linen Curtain Amazon Reviews Negative # Linen Curtain Amazon Reviews Positive # Linen Curtain Amazon Reviews Negative # Linen Curtain Amazon Reviews Positive # Linen Curtain Amazon Reviews Negative # Linen Curtain Amazon Reviews Positive # Linen Curtain Amazon Reviews Negative # Linen Curtain Amazon Reviews Positive # Linen Curtain Amazon Reviews Negative # Linen Curtain Amazon Reviews Positive # Linen Curtain Amazon Reviews Negative # Linen Curtain Amazon Reviews Positive # Linen Curtain Amazon Reviews Negative # Linen Curtain Amazon Reviews Positive # Linen Curtain Amazon Reviews Negative # Linen Curtain Amazon Reviews Positive # Linen Curtain Amazon Reviews Negative # Linen Curtain Amazon Reviews Positive # Linen Curtain Amazon Reviews Negative # Linen Curtain Amazon Reviews Positive # Linen Curtain Amazon Reviews Negative # Linen Curtain Amazon Reviews Positive # Linen Curtain Amazon Reviews Negative # Linen Curtain Amazon Reviews Positive # Linen Curtain Amazon Reviews Negative # Linen Curtain Amazon Reviews Positive # Linen Curtain Amazon Reviews Negative # Linen Curtain Amazon Reviews Positive # Linen Curtain Amazon Reviews Negative # Linen Curtain Amazon Reviews Positive # Linen Curtain Amazon Reviews Negative # Linen Curtain Amazon Reviews Positive # Linen Curtain Amazon Reviews Negative # Linen Curtain Amazon Reviews Positive # Linen Curtain Amazon Reviews Negative # Linen Curtain Amazon Reviews Positive # Linen Curtain Amazon Reviews Negative # Linen Curtain Amazon Reviews Positive # Linen Curtain Amazon Reviews Negative # Linen Curtain Amazon Reviews Positive # Linen Curtain Amazon Reviews Negative # Linen Curtain Amazon Reviews Positive # Linen Curtain Amazon Reviews Negative # Linen Curtain Amazon Reviews Positive # Linen Curtain Amazon Reviews Negative # Linen Curtain Amazon Reviews Positive # Linen Curtain Amazon Reviews Negative # Linen Curtain Amazon Reviews Positive # Linen Curtain Amazon Reviews Negative # Linen Curtain Amazon Reviews Positive # Linen Curtain Amazon Reviews Negative # Linen Curtain Amazon Reviews Positive # Linen Curtain Amazon Reviews Negative # Linen Curtain Amazon Reviews Positive # Linen Curtain Amazon Reviews Negative # Linen Curtain Amazon Reviews Positive # Linen Curtain Amazon Reviews Negative # Linen Curtain Amazon Reviews Positive # Linen Curtain Amazon Reviews Negative # Linen Curtain Amazon Reviews Positive # Linen Curtain Amazon Reviews Negative # Linen Curtain Amazon Reviews Positive # Linen Curtain Amazon Reviews Negative # Linen Curtain Amazon Reviews Positive # Linen Curtain Amazon Reviews Negative # Linen Curtain Amazon Reviews Positive # Linen Curtain Amazon Reviews Negative # Linen Curtain Amazon Reviews Positive # Linen Curtain Amazon Reviews Negative # Linen Curtain Amazon Reviews Positive # Linen Curtain Amazon Reviews Negative # Linen Curtain Amazon Reviews Positive # Linen Curtain Amazon Reviews Negative # Linen Curtain Amazon Reviews Positive # Linen Curtain Amazon Reviews Negative # Linen Curtain Amazon Reviews Positive # Linen Curtain Amazon Reviews Negative # Linen Curtain Amazon Reviews Positive # Linen Curtain Amazon Reviews Negative # Linen Curtain Amazon Reviews Positive # Linen Curtain Amazon Reviews Negative # Linen Curtain Amazon Reviews Positive # Linen Curtain Amazon Reviews Negative # Linen Curtain Amazon Reviews Positive # Linen Curtain Amazon Reviews Negative # Linen Curtain Amazon Reviews Positive # Linen Curtain Amazon Reviews Negative # Linen Curtain Amazon Reviews Positive # Linen Curtain Amazon Reviews Negative # Linen Curtain Amazon Reviews Positive # Linen Curtain Amazon Reviews Negative # Linen Curtain Amazon Reviews Positive # Linen Curtain Amazon Reviews Negative Negative,3,2,2,2,5,5,5,N/A,N/A,3,4,2,2,5,5,5,N/A,N/A,3,,3.43,3.71,FALSE,
J,Use Case 4: Generate tags,Generative,"Hi John, these are the top 8 product reviews for the new Linen Curtains we started selling on Amazon. I thought this could be helpful to use for the Variety Article and we can use these highlight points for the Instagram reel. 

Here is the general brief: Customers seem to find the curtains to be of good colours, good quality, and that it ties their room well together. The fabric seems to be appreciated by many and some describe this as a value for money.  However there were a few that complained about the colour fading and some defect pieces being given to them. 

Suyash *****: Great curtains! They block light relatively well and feel durable. The colour options are also fantastic. 

Sobhi ****: The color is exactly as shown, I bought both the sheer and the opaque ones of the same brand, and they look great together as a set. This is very well stitched and of great value especially because of the price point. 

AllaboutArtists *****: The product is just as expected and packaged well, clean, and ironed. 


RajakVohra *****: The beauty of the room has increased since I bought the curtains, they look fantastic!

RichaR. *****: Excellent quality and good size options

Raghav A **: The colour faded without even washing it, this happened within 6 Months of purchase. 

Gevesh D * : I want to give this one star because this was badly packaged and the curtains came to me in 2 parts, and was damaged. 


Ashwin V *****: Good colour and blocks light well. Would definitely purchase more for other rooms

Let me know if you need anything else. 

Best, 
ReshamCan you bold all the words that can be used as tags for a Facebook post from what is given.  Please don't give an introductory sentence like ""Here are tags for the Facebook post....""",Prompt,"**Linen Curtains**, **Amazon**, **Home Decor**, **Curtains**, **Window Treatments**, **Bedroom Decor**, **Living Room Decor**, **Fabric Curtains**, **Sheer Curtains**, **Opaque Curtains**, **Value for Money**, **Good Quality**, **Durable**, **Color Options**, **Room Decor**, **Home Styling**, **Decorate Your Home**, **Window Coverings**, **New Arrival**.","Sure, here are the bolded words that can be used as tags for a Facebook post: Great curtains Color fading Defect pieces Light blocking Value for money Durable Color options Shirley Opaque Sheer Well stitched Excellent quality Good size options Badly packaged Damaged Blocks light well Would definitely purchase more Other rooms rooms",3,4,3,4,5,5,5,N/A,N/A,3,3,3,3,5,5,1,N/A,N/A,2,"The prompt appears to suggest to recreate the input just with the words that can be used as tags bolded rather than pulling out the words themselves. Both models misunderstood this, but did select words that work for the task. Edge ignored the intro sentence instructions and also did not seperate the words/phrases making it a bit less clear than chrome's response",4.14,3.29,FALSE,
J,Use Case 4: Generate tags,Generative,"Hi Jack, this is Tanvi’s script, let me know if you need any changes. 

Meet Tanvi - a writer, a tattoo artist, and a single mother who has turned her life into art. For years Tanvi struggled with being a single mother who was raising her two young daughters. She started off tattooing as a hobby, and soon it blew up into something bigger than what she imagined. Today her intricate linework, personal designs, and quirky style has earned her followers across india. Now, she wants to bring her quirks to you. She is finally doing a sale of her Skin Pad pieces, all which focus on celebration, humor, and horror. 

Her clients have always maintained that her tattoos feel alive and tell stories better than story books. Some have said how her tattoos, as funny and quirky as they are,make people feel seen. Their weirdness and quirks dn’t get hidden in the tattoos, rather they get empowered by them. Tanvi wants to use all the information in a blogpost, what are good tags that can help encapsulate the information. These tags will be added at the end of the blogpost. But ensure that there are no introductory sentences (eg: Here are the tags for the blogpost)",Prompt,Here are some tags that effectively encapsulate the information for Tanvi's blog post: Skin Pad Sale Tanvi (Artist) Tattoo Art Intricate Linework Personalized Designs Quirky Style Indian Tattoo Artist Celebration in Tattoo Humorous Tattoos Horror Tattoos Storytelling Tattoos Meaningful Tattoos Empowering Tattoos Single Mother Artist Art as Empowerment Tattoo Empowerment Feeling Seen Unique Tattoo Designs Small Tattoo Sale,"Tanvi's Skin Pad pieces, celebrating humor, horror, and quirky styles that feel alive and empowering, making people feel seen. Tags: Tanvi Skin Pad, tattoo art, quirky tattoos, humorous tattoos, horror tattoos, single mother artist, empowering tattoos, tattoo storytelling, tattoo life, tattoo art sale, Tanvi's tattoos, Tanvi's art, single mom tattoo artist, Tanvi tattoo designs, Tanvi tattoo life, Tanvi tattoo art, Tanvi tattoo collection, Tanvi tattoo sale sale",4,3,5,3,5,5,1,N/A,N/A,3,4,4,4,5,5,5,N/A,N/A,3,"Chrome ignored the intro sentence instructions and presented tags in an unclear way (no commas, bullets, etc.). Edge did a good job with the tags, but added a 'summary' sentence before them for unexplained reasons",3.71,4.29,FALSE,
J,Use Case 4: Generate tags,Generative,"Hi Jack, this is Tanvi’s script, let me know if you need any changes. 

Meet Tanvi - a writer, a tattoo artist, and a single mother who has turned her life into art. For years Tanvi struggled with being a single mother who was raising her two young daughters. She started off tattooing as a hobby, and soon it blew up into something bigger than what she imagined. Today her intricate linework, personal designs, and quirky style has earned her followers across india. Now, she wants to bring her quirks to you. She is finally doing a sale of her Skin Pad pieces, all which focus on celebration, humor, and horror. 

Her clients have always maintained that her tattoos feel alive and tell stories better than story books. Some have said how her tattoos, as funny and quirky as they are,make people feel seen. Their weirdness and quirks dn’t get hidden in the tattoos, rather they get empowered by them. Make some tags for Tanvi's Instagram post based on the information about the SkinPads given above.  Please don't give an introductory sentence like ""Here are tags for Instagram""",Prompt,#SkinPadSale #TanviTattoos #ArtMeetsSkin #Celebration #Humor #Horror #IntricateLinework #PersonalizedTattoos #QuirkyTattoos #StorytellingTattoos #TattooArtistIndia #SingleMomHustle #EmpoweringTattoos #TattoosThatTellStories #UniqueDesigns #BodyArt #IndianTattoos #TattooLove #SaleAlert,Tanvi's Skin Pad Sale Tanvi Skin Pad Sale Tanvi Tattoo Art Sale Tanvi Skin Pad Collection Tanvi Skin Pad Art Tanvi Skin Pad Art Sale Tanvi Quirky Skin Pads Tanvi Tattoo Stories Tanvi Skin Pad Designs Tanvi Skin Pad Collection Sale Tanvi Tattoo Collection Sale Tanvi Quirky Tattoos Sale Tanvi Skin Pad Art Sale Tanvi Skin Pad Art Collection Sale Sale,5,5,5,5,5,5,5,N/A,N/A,2,3,5,2,5,4,5,N/A,N/A,2,"Edge presents the tags in an unclear way (no commas, bullets, hashtags, etc.) and creates less useful tags. Chrome focused on tags that are related to the info in the paragraph, whereas Edge's tags are simply things like ""Tanvi sale"" etc.",5.00,3.71,FALSE,
J,Use Case 5: Summarization with conditions,Compressive,"News article

At 9:10 AM on 18th October 2025, fire broke out in the kitchen of the community hall in Greenwood society, sector 58, Gurgaon. According to community authorities, it started because of some electric shock in one of the ovens. It was a terrible sight. The chef got minor burns. He was taken to the hospital immediately. The manager of the society mentioned ""By god's grace, nothing major happened! We all were here luckily to control the fire."" Mr. Bhatia also mentioned that preparations for the Diwali party will resume in the evening around 6PM. ""This was a sign to be more careful in the future"", he added. Use the given paragraph to create a timetable that includes time and the details of the fire incident. Please avoid mentioning any introductiry line.",Prompt,"**Timetable of Fire Incident at Greenwood Society, Sector 58, Gurgaon** * **9:10 AM, 18th October 2025:** Fire broke out in the kitchen of the community hall. * **Cause:** Electric shock in one of the ovens. * **Injuries:** Chef sustained minor burns. * **Response:** Chef taken to the hospital. Community authorities managed to control the fire. * **Evening (around 6:00 PM):** Preparations for Diwali party to resume.","- 9:10 AM: Fire breaks out in the kitchen of the community hall in Greenwood society, sector 58, Gurgaon. - Chef gets minor burns due to electric shock in one of the ovens. - Chef is taken to the hospital immediately. - Community manager mentions that the fire was controlled thanks to everyone's presence. - Mr. Bhatia states that preparations for the Diwali party will resume in the evening around 6 PM. - Mr. Bhatia comments that the fire was a sign to be more careful in the future..",5,5,5,5,5,5,5,5,N/A,5,1,5,4,5,5,5,5,N/A,4,,5.00,4.38,TRUE,
J,Use Case 5: Summarization with conditions,Compressive,"News article

At 9:10 AM on 18th October 2025, fire broke out in the kitchen of the community hall in Greenwood society, sector 58, Gurgaon. According to community authorities, it started because of some electric shock in one of the ovens. It was a terrible sight. The chef got minor burns. He was taken to the hospital immediately. One volunteer mentioned that they gathered around the hall around 8:45 to start with the light and floral decorations while the catering team was working on making sweets and snacks for the event. There were children around the hall rehearsing for their dance performances. This was a yearly ritual in the society, so no adults were present overseeing the performances

Thick smoke started emerging from the hall and caused panic among the residents. Many children started running and panicking too, but the security staff responded quickly and moved them outside. The kitchen staff quickly acted to evacuate the building and alerted the fire department. Fortunately the fire was controlled within minutes, preventing any major injuries or damage. The manager of the society mentioned ""By god's grace, nothing major happened! We all were here luckily to control the fire."" Mr. Bhatia also mentioned that preparations for the Diwali party will resume in the evening around 6PM after all the safety inspections are done by the authorities. ""This was a sign to be more careful in the future"", he added. 

Despite this incident, all the residents seemed to be determined and excited about the Diwali celebration. The manager of the society made sure that people don't lose their festive spirit. The management had to move the kitchen to the outdoor area because the kitchen had to be cleaned up after the incident. The swift move of the residents and management prevented the fire from spreading and causing more damage. This whole incident served as a reminder to be more cautious during festive preparations. After reading the paragraph, summarize in two points information about what was going on in the community hall kitchen. No introductory line is required before giving out the information. ",Prompt,"Here's a summary of the kitchen situation in two points: * A fire broke out in the kitchen of the community hall at 9:10 AM on October 18th, 2025, likely caused by an electric shock in an oven, resulting in minor burns to the chef. * Following the fire, the kitchen was moved outdoors for cleanup, and safety inspections were planned before Diwali preparations could resume in the evening.",A fire broke out in the kitchen of the community hall due to an electric shock in an oven. The chef suffered minor burns and was taken to the hospital. The fire was controlled quickly by the kitchen staff and the building was evacuated safely. Preparations for the Diwali party will resume after safety inspections..,4,5,4,5,5,5,1,5,N/A,3,1,3,5,5,5,5,5,N/A,2,"Chrome ignored the introductory sentence instructions, while Edge failed to follow the instructions to provide *2* points.",4.25,4.00,TRUE,
J,Use Case 5: Summarization with conditions,Compressive,"From: [Grisha12@gmail.com](mailto:Grisha12@gmail.com)
To: [Laura24@gmail.com](mailto:Laura24@gmail.com)
Subject: Life Update: Long Time No See

Hey Laura,

It's been a while since we sent each other long emails about our life updates and here's a sign to do it more often! I hope things are going well at your end. There's something I wanted to share with you! Well, I finally left my job at Bright Tech Solutions and started my own business. It's been a whirlwind since then and I'm loving this ride. I am coming to Mumbai next week for some business and would love to catch up with you.

Last week I was in Delhi and I stayed with Nishtha for two days. We missed you a lot! We tried calling you but both of us didn't have your new number, so please share that so that I can keep you updated with all the gossip. On the first day, we explored India Gate for some amazing views and vibes, and the next day, we went to Old Delhi, close to Jama Masjid, and explored the narrow streets where old craftsmen used to work.

I then went to Goa and stayed in a hostel named Anda (just keeping the same hostel name). It was a great one! The dorms were quite clean. There was live music at night and I sang my heart out. They even sang your favorite song “Hotel California”. I met some crazy people, took my time to catch up with my books, and ate all the Goan food I could. It was a much-needed trip. I can't wait to share all the crazy stories with you.

Let me know how things are with you. How’s Mumbai treating you?

Miss you loads. Waiting for your reply!

Big hugs,
GrishaSummarize the Grisha's stay in delhi and mention in bullets what all she did in the hostel. Any introductory line in the response should not be included. ",Prompt,"Grisha recently spent time in Delhi, staying with Nishtha for two days. They visited India Gate, enjoying the views and atmosphere, and also explored Old Delhi, visiting Jama Masjid and the historic narrow streets where artisans still work. They missed you and tried to call, but didn't have your new number. Here's what Grisha did at the hostel in Goa: * Stayed at Anda hostel. * Enjoyed clean dorms. * Listened to live music. * Sang at the hostel. * The hostel even played ""Hotel California"". * Met new people. * Read books. * Ate lots of Goan food.","- Stayed with Nishtha for two days in Delhi. - Explored India Gate on the first day. - Visited Old Delhi and Jama Masjid on the second day. - Stayed in a hostel named Anda in Goa. - Dorms were clean. - Enjoyed live music and sang ""Hotel California."" - Met some interesting people. - Took time to read books. - Ate a variety of Goan food..",3,3,4,5,5,5,5,5,N/A,5,1,5,5,5,5,5,5,N/A,3,Chrome failed to provide the info in the requested bullet format,4.38,4.50,TRUE,
J,Use Case 5: Summarization with conditions,Compressive,"Group Chat Name: Yay Weekend

Isha: So guys, what's the plan for this weekend?
Ananya: Are we going to that lake Arun mentioned?
Shubham: I'm in! The weather is good. Let's do it early in the morning?
Shreya: No way Shubham! I will be sleeping till 10AM tomorrow. That's the plan!
Isha: Comeon Shreya! It's just one day! It will be fun. I have heard a lot about that lake.
Ronak: I might have to bail guys. My cousin is moving out so helping him there. Stuck!
Ananya: Isn't it the second time he's moving out? 
Ronank: Yeah! He just can't settle at one thing and every time I get roped in. Ugh!
Rishabh: That lake is actually really beautiful You get the best sunrise view. I'm in!
Isha: So, lake it is! What time are we meeting tomorrow?
Ananya: 6 AM? Ask Shreya! LOL!
Shreya: Anything for you guys! I'm in but I'll drive.
Isha: Yay! Let's gooo!Write an overview of the conversations for the weekend trip. I want to send a summary of this conversation to another friend over WhatsApp, and ensure you add the timings of the plans.  Avoid mentioning any introductory sentences like ""Here's an overview...""",Prompt,"**Weekend Trip Plan:** The group is planning a trip to the lake! Arun mentioned it and Shubham suggested an early morning trip. While Shreya initially said she'd be sleeping in until 10 AM, she's agreed to join and will drive. Ronak unfortunately has to back out due to helping his cousin move. Rishabh is excited about the sunrise view at the lake and is in. They're meeting tomorrow at **6 AM**.","Group Chat: Yay Weekend Summary of Weekend Plans: - Shubham, Ananya, Ronak, and Rishabh plan to meet at the lake mentioned by Arun on Saturday morning. - Shubham proposes an early start at 6 AM, but Shreya insists on sleeping until 10 AM. Despite Shreya's reluctance, Isha convinces her that the trip will be fun. - Shreya agrees to join the trip but will drive herself. - Ronak mentions he might have to bail due to his cousin moving out, but he confirms his participation. - Ananya jokingly questions Shreya about the meeting time, indicating Shreya's agreement to the 6 AM start time..",5,5,5,5,5,5,5,5,N/A,5,1,5,5,5,5,5,5,N/A,5,,5.00,4.50,TRUE,
J,Use Case 5: Summarization with conditions,Compressive,"Google Reviews for the Grand Shalimar Hotel and Bar are given below:
Ashnoor (3.5 Stars): The service is terrible here. I have been to so many seafood restaurants but never have I had to wait for 45 minutes for my food to come. The servers were also not listening and kept saying 15 minutes. Despite this I think the food is fantastic and only if you have the patience of a saint and all the time in the world should you be going here to eat. 

Tanvi (1 star):  The Grand Shalimar in Ville Parle Worst experience ever!!!! The hospitality here is terrible, they didn’t even serve us water. The person who was taking orders was not even focused on getting our order, we waited for one hour although it was already rushed but still one hour wait is too much once you got the table… I will never recommend this restaurant…

Prashant (3 stars): Ambience of the restaurant is alright . When you enter the restaurant you can hear an old jukebox play nostalgic marathi songs in the background which transports you immediately to Kolhapur. Instead of water the waiter served us some Solkadi in a small glass. We ordered the Star mutton thali, Kala Mutton Thali, Fried surmai. When we were waiting we realised that the so called Authentic Maharashtrian grand shalimar wasn’t that authentic, the servers didn’t know Marathi, the cook believed that if they make the food spicy it can become Kohlapuri, the taste of this food was alright but the authentic taste of Kohlapur was missing. It felt like some guy from another state was trying his hand at cooking Kohlapuri food, which was just average. I would suggest better options like Chul Mutton and Gajalee instead. 

Tamini (3.5 Stars): This has the best Surmai Thali in the city, hands down. But the service is also the worst in the city, hands down. I don’t know whether to recommend or to ask them to shut shop. 

Supriya (1 star): Very disappointed. We went for my father’s birthday and hated every bit.
The service was so poor and food so average that we felt the restaurant should be named ""Bland Shalimar"". The Star Mutton thali was only spicy and we could taste nothing else of value in it. The Surmai thali was amazing, but the rest of the food, including the Chinese was terrible. The soups were salty, the fried rice had too much oil, and everything was very unprofessional. 
Service was very sad and slow. We feel either the staff couldn't understand what we said or they were deaf. Rice came at least 10 minutes after the daal. This truly felt like the worst birthday we could give our father. 

Trimul (2 Star): As my father says “Food should go from your heart to your belly, and not make you want to quickly extract it from your belly”. Unfortunately this food is the second part. I am compiling a list of positive reviews for the Hotel. Please read all the reviews and mention reviews that have 3 or more than 3 star ratings. All the reviews should be in bullets and should not exceed more than one sentence each. Also, the response should not include any introductory sentence. ",Prompt,"Here are the Google Reviews with 3 or more star ratings: * Ashnoor (3.5 Stars): The food is fantastic, but be patient due to slow service. * Prashant (3 stars): The ambience is alright, featuring nostalgic Marathi music. * Tamini (3.5 Stars): They have the best Surmai Thali in the city, but service is very poor. * Trimul (2 Star): Food doesn't feel made from the heart and is not enjoyable.","- Ashnoor (3.5 Stars): The service is terrible here. I have been to so many seafood restaurants but never have I had to wait for 45 minutes for my food to come. The servers were also not listening and kept saying 15 minutes. Despite this, I think the food is fantastic and only if you have the patience of a saint and all the time in the world should you be going here to eat. - Prashant (3 Stars): Ambience of the restaurant is alright. When you enter the restaurant you can hear an old jukebox play nostalgic marathi songs in the background which transports you immediately to Kolhapur. Instead of water the waiter served us some Solkadi in a small glass. We ordered the Star mutton thali, Kala Mutton Thali, Fried surmai. When we were waiting we realized that the so-called authentic Maharashtrian grand shalimar wasn’t that authentic, the servers didn’t know Marathi, the cook believed that if they make the food spicy it can become Kohlapuri, the taste of this food was alright but the authentic taste of Kohlapur was missing. It felt like some guy from another state was trying his hand at cooking Kohlapuri food, which was just average. I would suggest better options like Chul Mutton and Gajalee instead..",1,4,2,5,5,5,1,5,N/A,1,1,2,5,5,5,5,5,N/A,2,"Chromes response includes a review under 3 stars and also an intro statement, while edge's response included summaries longer than 1 sentence and missed one of the >3 star reviews, both responses are unnacpetable",3.50,3.63,TRUE,
J,Use Case 5: Summarization with conditions,Compressive,"Subject: Visit to a small village named Sittong in Darjeeling

Hey Shreeni,

Hope you're doing well. Sorry I couldn't reply to your email earlier as I have been traveling but I'm really excited to tell you what I experienced in this small village Sittong in Darjeeling. It's a really beautiful Something I have never experienced before. As the day ended, there were less vehicles on the road and the streets were almost empty. Autumn air just hits differently. It seemed like an ordinary day, but was peaceful in its own way. I feel some days we just need to change our perspectives and look at things in a different way. People are at home, spending time with their families, lighting candles, and sipping hot tea. People here mostly like fruity and floral aroma in their tea. They talk about Second Flush Muscatel tea a lot here, it's a black tea harvested typically in May to June. I will get it for you. Days here in this small village remind us of how slow days can make life simpler and better. These little moments make us appreciate the serenity of small-town life and people hardly run after things, have time to breathe and enjoy the beauty of the world around them. 

Waiting to hear about your days in London. 

Love,
PreetiPlease provide me a 50 words summary that mentions the famous tea in Darjeeling and when it is harvested? I want to write a small pitch to my editor at a Nature Magazine to cover teas of Darjeeling. So use some information from here to write the summary pitch. Please make sure you don't include any introductory statements. ",Prompt,"Sittong, Darjeeling, offered Preeti a peaceful escape. The village embodies a slower pace of life, where people cherish family, tea, and simple moments. A highlight is the renowned Second Flush Muscatel tea, a black tea harvested typically from May to June, valued for its fruity and floral aroma. This exemplifies Darjeeling's unique tea culture and the serene lifestyle intertwined with its famous brew.","In Darjeeling, Sittong village showcases the tranquil beauty of slow-paced life, with locals savoring Second Flush Muscatel tea harvested typically in May to June. This black tea, cherished for its fruity and floral aroma, epitomizes the serene simplicity of small-town living. Embrace the essence of Darjeeling tea in our next feature..",5,5,5,5,5,5,5,5,N/A,5,1,5,5,5,5,5,5,N/A,5,,5.00,4.50,TRUE,
J,Use Case 5: Summarization with conditions,Compressive,"Google Reviews for the Grand Shalimar Hotel and Bar are given below:
Ashnoor (3.5 Stars): The service is terrible here. I have been to so many seafood restaurants but never have I had to wait for 45 minutes for my food to come. The servers were also not listening and kept saying 15 minutes. Despite this I think the food is fantastic and only if you have the patience of a saint and all the time in the world should you be going here to eat. 

Tanvi (1 star):  The Grand Shalimar in Ville Parle Worst experience ever!!!! The hospitality here is terrible, they didn’t even serve us water. The person who was taking orders was not even focused on getting our order, we waited for one hour although it was already rushed but still one hour wait is too much once you got the table… I will never recommend this restaurant…

Prashant (3 stars): Ambience of the restaurant is alright . When you enter the restaurant you can hear an old jukebox play nostalgic marathi songs in the background which transports you immediately to Kolhapur. Instead of water the waiter served us some Solkadi in a small glass. We ordered the Star mutton thali, Kala Mutton Thali, Fried surmai. When we were waiting we realised that the so called Authentic Maharashtrian grand shalimar wasn’t that authentic, the servers didn’t know Marathi, the cook believed that if they make the food spicy it can become Kohlapuri, the taste of this food was alright but the authentic taste of Kohlapur was missing. It felt like some guy from another state was trying his hand at cooking Kohlapuri food, which was just average. I would suggest better options like Chul Mutton and Gajalee instead. 

Tamini (3.5 Stars): This has the best Surmai Thali in the city, hands down. But the service is also the worst in the city, hands down. I don’t know whether to recommend or to ask them to shut shop. 

Supriya (1 star): Very disappointed. We went for my father’s birthday and hated every bit.
The service was so poor and food so average that we felt the restaurant should be named ""Bland Shalimar"". The Star Mutton thali was only spicy and we could taste nothing else of value in it. The Surmai thali was amazing, but the rest of the food, including the Chinese was terrible. The soups were salty, the fried rice had too much oil, and everything was very unprofessional. 
Service was very sad and slow. We feel either the staff couldn't understand what we said or they were deaf. Rice came at least 10 minutes after the daal. This truly felt like the worst birthday we could give our father. 

Trimul (2 Star): As my father says “Food should go from your heart to your belly, and not make you want to quickly extract it from your belly”. Unfortunately this food is the second part. I am compiling a list of positive reviews for the Hotel. Please read all the reviews and mention reviews that have 3 or more than 3 star ratings. All the reviews should be in bullets and should not exceed more than one sentence each. Also, the response should not include any introductory sentence. ",Prompt,"Here's a list of reviews with 3 or more star ratings, presented in bullets: * Ashnoor (3.5 Stars): The food is fantastic, but be prepared for a long wait and patient servers. * Prashant (3 Stars): The ambience is alright, with nostalgic Marathi music creating a Kolhapur feel. * Tamini (3.5 Stars): This restaurant has the best Surmai Thali in the city. * Trimul (2 Star): Food should be heartfelt, but unfortunately, this food doesn't make you want to eat.",- Ashnoor (3.5 Stars): The food is fantastic but the service is terrible. - Prashant (3 Stars): Ambience of the restaurant is alright and the food was alright but not authentic. - Tamini (3.5 Stars): Has the best Surmai Thali in the city but the service is the worst. - Supriya (1 star): Very disappointed with poor service and average food..,1,4,2,5,5,5,1,5,N/A,1,1,2,5,5,5,5,5,N/A,3,"Both responses included negative reviews. Chrome included an introductory sentence. They are both unacceptable, but similar",3.50,3.63,TRUE,
J,Use Case 5: Summarization with conditions,Compressive,"On Monday, I, Nishtha and Jainica, reached the office around 9 AM, while Rohan arrived late at around 10:15 AM. We had to prepare notes for two meetings. One meeting was with Bright Tech Solutions and the other was with Nourish Mantra. We sent the notes of the meeting to our manager at reemaroy@techominds.com. Our next meeting was scheduled at 3PM so we got busy preparing for it. We had lunch around 2 PM and got on a meeting with Mr. Rajesh Oberoi, the Director of Nourish Mantra. We wrapped up the call around 4:15 PM. We decided to get to another meeting with Priya Saxena, product manager at Nourish Mantra, to discuss further actions on 9th October 2025. Later in the evening, we stepped out of the office to have some snacks. It's our time to chit-chat and gossip about anything and everything. We really look forward to this time. I had my coffee. It's the best coffee you can get for ₹350 and some fries for ₹200. Nishtha and Jainica had veg sandwiches which costs around ₹350. They also had virgin mohito for ₹150 each.Based on the given paragraph, please create a timetable that mentions the meeting details. Also, at the end mention the names of directors and managers. No introductory line should be there in the response. ",Prompt,"**Timetable - Monday** * **9:00 AM:** Nishtha, Jainica, and Rohan arrive at the office. * **Morning:** Note preparation for meetings with Bright Tech Solutions and Nourish Mantra. * **10:15 AM:** Rohan arrives. * **Until 2:00 PM:** Note preparation continues. * **2:00 PM:** Lunch. * **3:00 PM:** Meeting with Mr. Rajesh Oberoi, Director of Nourish Mantra. * **4:15 PM:** Meeting with Mr. Rajesh Oberoi concludes. * **4:15 PM:** Meeting with Priya Saxena, Product Manager at Nourish Mantra, scheduled for 9th October 2025 to discuss further actions. * **Evening:** Snacks and chit-chat outside the office. **Directors & Managers** * Mr. Rajesh Oberoi - Director, Nourish Mantra * Rimar Roy - Manager","- **Monday Morning:** - Nishtha, Jainica, and Rohan arrive at the office at 9 AM. - Meeting with Bright Tech Solutions (notes sent to reemaroy@techominds.com). - **Tuesday:** - Lunch at 2 PM. - Meeting with Mr. Rajesh Oberoi, Director of Nourish Mantra (call wrapped up by 4:15 PM). - **Wednesday:** - Scheduled meeting with Priya Saxena, Product Manager at Nourish Mantra, set for 9th October 2025. - **Evening:** - Office snack time (coffee, fries, veg sandwiches, and virgin mohito).).",5,5,5,5,5,5,5,5,N/A,4,5,4,5,5,5,5,5,N/A,4,Edge failed to mention the names of directors and managers at the end of the timetable,5.00,4.75,FALSE,
J,Use Case 5: Summarization with conditions,Compressive,"On Monday, I, Nishtha and Jainica, reached the office around 9 AM, while Rohan arrived late at around 10:15 AM. We had to prepare notes for two meetings. One meeting was with Bright Tech Solutions and the other was with Nourish Mantra. We sent the notes of the meeting to our manager at reemaroy@techominds.com. Our next meeting was scheduled at 3PM so we got busy preparing for it. We had lunch around 2 PM and got on a meeting with Mr. Rajesh Oberoi, the Director of Nourish Mantra. We wrapped up the call around 4:15 PM. We decided to get to another meeting with Priya Saxena, product manager at Nourish Mantra, to discuss further actions on 9th October 2025. Later in the evening, we stepped out of the office to have some snacks. It's our time to chit-chat and gossip about anything and everything. We really look forward to this time. I had my coffee. It's the best coffee you can get for ₹350 and some fries for ₹200. Nishtha and Jainica had veg sandwiches which costs around ₹350. They also had virgin mohito for ₹150 each.Please make a one sentence summary for this paragraph, the focus can be the evening snacks. Avoid usage of any intro lines in the response. ",Prompt,"After a busy day preparing for meetings, Nishtha, Jainica, and Rohan enjoyed evening snacks including coffee, fries, veg sandwiches, and virgin mojitos, cherishing a moment of relaxed chit-chat.",Nishtha and Jainica enjoyed veg sandwiches and virgin mohito while chatting and gossiping during their evening office break..,5,5,5,5,5,5,5,5,N/A,4,1,5,5,5,5,5,5,N/A,5,"WHile the prompt isn't totally clear, Edge failed to mention Rohan",5.00,4.38,TRUE,
J,Use Case 6: Personalization,Generative,"Here's our simple 3-day itinerary for a trip to London!

Day 1 - 14th August: Travel to London
7:00 AM - Rosie and Lily depart from Rome.
Take a flight from Rome Fiumicino Airport (FCO) to London Heathrow (LHR).
Flight duration: 2 hours 30 minutes.
Flight details: Ryanair, Flight #FR1050.
Email contact: Rosie (rosie@email.com), Lily (lily@email.com)
Phone contact: Rosie: +39 333 555 1234, Lily: +39 333 555 5678.
9:30 AM - Arrive in London Heathrow.
Take a taxi to the hotel and check-in.
12:00 PM - Lunch at a nearby café.
Enjoy some local dishes and relax.
2:00 PM - Explore Central London.
Visit Buckingham Palace, Big Ben, and the London Eye.
6:00 PM - Dinner at a restaurant in Covent Garden.
8:00 PM - Return to hotel and rest for the night.

Day 2 - 15th August: Backstreet Boys Concert
9:00 AM - Breakfast at the hotel.
10:00 AM - Visit Tower of London.
Spend the morning exploring this historic site.
1:00 PM - Lunch at Borough Market.
Enjoy delicious street food and local snacks.
3:00 PM - Free time for shopping or visiting any sights.
5:30 PM - Early dinner at a nearby restaurant before heading to the concert.
7:00 PM - Leave for Wembley Stadium.
Arrive at Wembley Stadium by 7:30 PM.
8:00 PM - Attend the Backstreet Boys concert.
Event organizer contact: Wembley Event Coordinator, Sarah Miller.
Phone: +44 20 8900 5500.
Email: sarah.miller@wembleystadium.co.uk
11:00 PM - Return to the hotel after the concert.

Day 3 - 16th August: Relax and Explore
9:00 AM - Breakfast at the hotel.
10:30 AM - Visit the British Museum.
1:00 PM - Lunch at a café near the museum.
3:00 PM - Take a boat tour along the River Thames.
6:00 PM - Return to the hotel, pack, and check out.
7:30 PM - Depart for Heathrow Airport.
Flight back to Rome (Flight #FR1051).
9:30 PM - Arrive back in Rome.In case the user query has any text that's written in the format of the european way of writing dates, please create a short summary paragraph that highlights the main purpose of the trip whether it’s leisure or attending a specific event.

Do not include an introductory sentence in the response.",Prompt,"This 3-day itinerary outlines a leisure trip to London from August 14th to 16th, centered around sightseeing iconic landmarks like Buckingham Palace, the London Eye, and the Tower of London, as well as experiencing the vibrant Covent Garden area and Borough Market. The trip culminates with attending a Backstreet Boys concert at Wembley Stadium before returning to Rome.","The itinerary focuses on leisure activities and cultural exploration during the trip to London. Key highlights include visiting iconic landmarks such as Buckingham Palace, Big Ben, and the London Eye on Day 1; attending a Backstreet Boys concert on Day 2; and relaxing and exploring museums and the River Thames on Day 3. The trip is designed for relaxation and enjoying London's rich culture and entertainment options..",5,5,5,5,5,5,5,N/A,N/A,5,1,5,5,5,5,5,N/A,N/A,5,,5.00,4.43,TRUE,
J,Use Case 6: Personalization,Generative,"Other than additional chemotherapy sessions, patients with recurrent head and neck cancers have few, if any, other options.  
However, following early success in a large clinical trial investigating a medication called amivantamab to target this type of cancer, doctors and oncologists are now optimistic that that is a reality that will soon enter the past tense.  
The triple-action injection-based treatment targets metastatic head and neck squamous cell carcinoma (HNSCC), which is the sixth most common type of head and neck cancer and is difficult to treat.
After being diagnosed with HNSCC, the initial treatment physicians prescribe is the more tolerable immunotherapy that sometimes demonstrates efficacy. If the cancer recurrences, which it often does, oncologists typically move the patient to chemotherapy and cross their fingers.
In the case of amivantamab, they have access to an “incredibly encouraging” new treatment that was shown in a 11 country trial to shrink tumors within 6 weeks of initiating treatment while slowing or even completely stopping progression of the disease. 
Results were shared recently at the European Society for Medical Oncology conference happening in Berlin. ""To see this level of benefit for patients who have endured numerous treatments is incredibly encouraging,"" Kevin Harrington, a professor of biological cancer therapies at the Institute of Cancer Research in London, told the Guardian. ""This could represent a real shift in how we treat head and neck cancer not just in terms of effectiveness and efficacy, but also in how we deliver care.""
“This is the first time we’ve tested this kind of triple-action therapy for head and neck cancer patients whose disease has returned after treatment. Amivantamab is a smart drug that not only blocks two key cancer pathways but also helps the immune system do its job,” he added.
I am the social media manager for  Good News Network. We have a weekly round up of all the good news in the world. I have to create a Facebook post using this article, I don't want it to be difficult to understand (imagine the audience to be 10-18 year olds) and it should be written in 60-70 words. Please also use hashtags, and avoid any introduction sentence like ""Here is the Facebook post for Good News Network""",Prompt,"🎉 HUGE news for head & neck cancer patients! 🎉 A new treatment called amivantamab is showing amazing promise. Early trials show it can shrink tumors quickly & slow cancer progression even after initial treatments don't work. This ""smart drug"" boosts the immune system while blocking cancer pathways! A brighter future is on the horizon. ✨ #CancerNews #GoodNews #MedicalBreakthrough #Hope #Innovation",🚀 Big news! A new drug called amivantamab is showing super promising results for people with recurrent head and neck cancer. This triple-action injection shrinks tumors in just 6 weeks and can even stop cancer from getting worse! 🧬 Doctors say it's a huge breakthrough that could change the way we treat this tough cancer. Stay hopeful and informed! #CancerBreakthrough #HopefulNews #Amivantamab #HealthAdvancement #CancerHopeHope,5,5,5,5,5,5,5,N/A,N/A,5,5,5,5,5,5,5,N/A,N/A,5,,5.00,5.00,FALSE,
J,Use Case 6: Personalization,Generative,"Israel began its genocide against Palestinians in Gaza two years ago. 
It happened as a response to attacks on southern Israel by fighters from Palestine. This attack was launched on Gaza on October 7, 2023. During this period 1150 Israeli people were killed and approximately 240 were captured. 
In conrast,  67000 Palestinians have been murdered by Israeli attacks in the past two years. Reports suggest that there are probably thousands beneath the debris. Approximately 4% of the pre-war population or one person out of every 44 killed.
Among the dead are at least 25000 children or one child every hour for the previous 24 months. Deaths are officially recorded or counted by the Palestinian Ministry of Health based on hospital admissions. Those who died under debris or went missing are not included in the official death toll so the actual figure is unknown and probably can be much higher. The death toll from the genocide in Gaza is not the only human cost. 

Over 169000 people have been gravely injured, many of whom have injuries that can change their lives. According to UNICEF, between 2000 and 4500 Gazan children have lost one or more limbs. Also with limited supplies and little to no anaesthesia, the few remaining medical facilities throughout the land continue to be overburdened.

Approximately 125 medical facilities have sustained damages in the last two years thus robbing patients of necessary medical care. At least 1722 health and aid workers have been killed by Israeli in Gaza.. Additionally hundreds of others have been imprisoned in Israeli prisons and military camps and forcibly removed from hospital wards and patient bedsides.

As of July 22, Israel has deprived Gaza of a functioning healthcare system. They have robbed Palestinians of critical expertise by detaining 28 eminent doctors,  which include 18 senior specialists in critical specialities like surgery, anaesthesiology, intensive care and paediatrics according to Health Care Workers Watch. According to reports, two of these senior physicians were tortured to death and Israel has reportedly withheald their remains. 

At least 30 doctors were taken from hospitals and  attacked by Israeli soldiers. Many others were eitehr detained in their homes or forced to evacuate and provide no medical support to those affected. Most of these doctors have been held without charge for more than 400 days with three held for over 600 days. World Health Organization states that there have been more than 790 documented attacks on health facilities including bombings of hospitals, clinics & ambulances since October 2023.

As per the Geneva Convention, Articles 18-22 hospitals will not be targeted which is stated in the Articles 12 and 51 provide special protections for medical units and personnel. The Rome Statute of the International Criminal Court Article 8 (2)(b)(ix) defines intentionally attacking a hospital as a war crime.I am History Teacher in London, Ontario. I want to share world news and the going ons about the world around us with my 6th to 8th graders. The article provided might have strong language and mentions of violence. I would like you to re-write the important points of this article, in bullet points. Ensure the re-write is appropriate to read to young children, while also maintaining the facts of the article. 

Do not use any introduction sentences like ""Here is a re-written version of the article in Bullet points""",Prompt,"Here's a summary of the situation in Gaza, presented in bullet points suitable for students in grades 6-8: * **Conflict in Gaza:** There has been a significant and ongoing conflict between Israel and Palestinians in Gaza for about two years. This conflict started on October 7, 2023, after attacks on southern Israel. * **Casualties:** * **Israel:** Sadly, many people in southern Israel were killed and some were taken hostage during the initial attacks. * **Palestinians:** A very large number of Palestinian people in Gaza have been killed during this period. Estimates suggest that around 67,000 Palestinians have been harmed by Israeli attacks over the past two years. * **Children:** Tragically, many children have been among the casualties. It is estimated that at least 25,000 children have been killed in the last two years – that's roughly one child every hour. * **Injuries:** Over 169,000 people, many of them children, have been seriously injured. Some injuries will likely have lasting effects. * **Damage to Healthcare:** * **Hospitals:** Many hospitals and medical facilities in Gaza have been damaged or destroyed, making it very difficult to provide medical care. About 125 medical facilities have been damaged. * **Medical Workers:** Many doctors and healthcare workers have been injured or killed. At least 1,722 medical workers have been killed. Some doctors have been detained. * **Doctors Detained:** Several doctors, including experienced specialists, have been taken from their workplaces and have not been allowed to continue providing medical care. Some reports suggest that some of these doctors have been harmed. * **International Laws:** International laws protect hospitals and medical workers during conflicts. Attacking hospitals is considered a serious violation of these laws and can be a war crime. * **Ongoing Situation:** The situation in Gaza is very difficult. Many people are without food, water, and essential medical care. The exact number of casualties is difficult to determine because some people are trapped under rubble. **Important Note:** This is a complex and sensitive situation. It's important to remember that people are suffering greatly. We can learn about this situation and try to understand the different perspectives while focusing on the humanitarian impact on civilians, especially children. **Disclaimer:** I have aimed to provide a factual summary while avoiding inflammatory language. The information presented is based on reports from various sources, and the situation is constantly evolving.","- In the last two years, many people in Gaza have suffered due to conflict. - Many children have been affected, with some losing their limbs. - Hospitals and doctors are struggling because they don't have enough supplies and many medical facilities are damaged. - A lot of people, including doctors, have been hurt or killed because of the conflict. - Some hospitals have been attacked and it's hard for doctors to help people. - Many doctors are missing, and some have been taken away by the people causing trouble. - The conflict makes it very hard for people to get the medical care they need..",5,4,5,5,5,5,1,N/A,N/A,5,1,5,5,5,5,5,N/A,N/A,4,Chrome included an intro sentence and used bullets with headers for each point rather than just bullet points. It also added in a disclaimer which is not necessary,4.29,4.43,TRUE,
J,Use Case 6: Personalization,Generative,"CALL FOR REGISTRATIONS!
International Dance Formals!

The 54th European International Dance formals has finally opened up its doors for registrations and auditions! If you can do some Bhangra or  Bharatnatyam, or can groove and jive to Salsa and Bachata, or any other dance for in the world, then you should come register yourself for the BIGGEST! BOLDEST! Most ENTERTAINING dance festivals in the world! With guests like Hrithik Roshan, Javed Jaffery, Madhuri Dixit, it is definitely an event you don't want to miss! Look at the details below to find out more!


International Dance Competition 2025 (Ages 25+)
Date: December 24, 2025
Time: 14:30 - 18:30 (IST)
Venue: Grand Arena, Palmero Station, Paris, France

I am the content writer for the International Dance formals. I am required to take this content and make it more specific to Pairs and New York (two seperate flyers will go on the respect cities social media pages). Can you create two better brochures, one for Paris and one for New york, which is more contextually relevant. You can change the name of the guests as well. Everything in the paragraph has to change. However, you can leave the dates of the competition as is. Avoid the usage of any introduction paragraph like ""Here is the culutrally contextual brochure for New York and paris""",Prompt,"## **Paris Flyer: Immerse Yourself in the European International Dance Formals!** **(Image: A vibrant collage of diverse dancers in elegant costumes, possibly with the Eiffel Tower subtly in the background)** **Unleash Your Passion on the Parisian Stage!** The 54th European International Dance Formals is thrilled to announce the opening of registrations and auditions! Whether you move with the energy of Bhangra, the grace of Bharatanatyam, the passion of Salsa, or the rhythm of Bachata – if you express yourself through dance, this is your chance to shine! Join the **most prestigious and exhilarating dance festival in Europe**, a celebration of global movement and artistry. Experience the vibrant atmosphere of Paris as dancers from around the world come together to share their unique styles. **Featuring Esteemed Artists:** Renowned choreographer **Valerie Perrine**, celebrated dancer **Antoine Dubois**, and acclaimed international performer **Sofia Rossi** will be joining us. **Event Details:** * **International Dance Competition 2025 (Ages 25+)** * **Date:** December 24, 2025 * **Time:** 14:30 - 18:30 (IST) * **Venue:** Grand Arena, Palmero Station, Paris, France **Don't miss this unforgettable opportunity to perform in the heart of Paris!** **Register & Audition:** [Insert Website Link Here] **Follow us:** [Insert Social Media Links Here] --- ## **New York Flyer: Ignite the Rhythm at the Global International Dance Formals!** **(Image: A dynamic image showcasing diverse dancers in stylish attire, perhaps with a recognizable New York landmark like the Empire State Building in the background)** **Step into the Spotlight at the World's Premier Dance Festival!** Registrations and auditions are now open for the 54th European International Dance Formals! From the infectious beats of Salsa and Bachata to the powerful energy of Bhangra and Bharatanatyam – if you have a passion for dance, we invite you to join us for a **world-class celebration of movement and creativity**. Experience the pulse of the **most exciting dance festival globally**, a vibrant showcase of talent from every corner of the Earth. Feel the energy of New York City as dancers converge to share their unique artistry. **Joining the Celebration:** Legendary dancer **Ricardo Vargas**, visionary choreographer **Aisha Khan**, and iconic performer **Kenji Tanaka** will be captivating audiences. **Event Details:** * **International Dance Competition 2025 (Ages 25+)** * **Date:** December 24, 2025 * **Time:** 14:30 - 18:30 (IST) * **Venue:** Grand Arena, Palmero Station, Paris, France **Don't miss your chance to perform on the international stage in New York!** **Register & Audition:** [Insert Website Link Here] **Follow us:** [Insert Social Media Links Here]","### Paris Brochure **Join the 54th European International Dance Formals!** **Date:** December 24, 2025 **Time:** 14:30 - 18:30 (IST) **Venue:** Grand Arena, Palmero Station, Paris, France **Discover the rhythm of Paris with the 54th European International Dance Formals!** Experience the electrifying energy of Bhangra, the grace of Bharatnatyam, and the passion of Salsa and Bachata. This prestigious dance festival invites dancers of all ages (25 and above) to showcase their talent and compete for the title of Europe’s Best Dancer. **Featured Guests:** - **Emilie Dubois:** Renowned French dancer and cultural ambassador - **Jean-Pierre Lefevre:** International dance critic and historian - **Sophie Martin:** Celebrated Bollywood dancer - **Ravi Patel:** Expert Bharatanatyam dancer - **Luca Rossi:** Italian Salsa legend **Register now and be a part of the most exciting, entertaining, and culturally enriching dance festival in Paris!** ### New York Brochure **Join the 54th European International Dance Formals in New York City!** **Date:** December 24, 2025 **Time:** 14:30 - 18:30 (EST) **Venue:** Grand Arena, Palmero Station, New York City, USA **Experience the vibrant energy of New York City at the 54th European International Dance Formals!** Whether you're passionate about Bhangra, Bharatnatyam, Salsa, or Bachata, this festival is the perfect opportunity to showcase your talent and compete with the best dancers from across Europe. **Featured Guests:** - **Sophia Williams:** Iconic Broadway dancer and choreographer - **Marco Rossi:** Italian Salsa maestro - **Anita Desai:** Renowned Bharatanatyam dancer - **Luca Martinelli:** Italian dance legend - **Emilie Dubois:** French dance sensation and ambassador **Register now to join the most exciting, entertaining, and culturally enriching dance festival in New York City!** **Don't miss this incredible opportunity to showcase your talent and compete on an international stage!****",4,4,5,5,5,3,5,N/A,N/A,4,4,5,5,5,3,5,N/A,N/A,4,"Responses are very similar, however, both responses hallucinated, citing that certain dancers/choreographers would be present when they were not mentioned in the prompt",4.43,4.43,FALSE,
J,Use Case 6: Personalization,Generative,"Google Reviews: Oppenheimer

Xtreme22: I aaw this Movie today with my family and really enjoed it
 but some parts were very  intense. The movie was shot and directed superbly, I 
can't begin to explain how well all the scenes tied together

Apend: Christopher Nolan is one of my favourite, if not favourite film directors. When he announced Oppenheimer I was a bit skeptical because Oppenheimer is a genre Nolan has not tackled before. So I was not sure he would manage this, but,  ffter watching the film, I realise my doubt was misplaced and I have grown significantly more respect and appreciation for Nolan. 

Meghana: While Nolan's directorial brilliance was bound to make a visually stunning film like Oppenheimer, I struggle to combine the idea of endorsing a movie that centers around a person whose actions led to catastrophy. catastrophic consequences. A film is more than the directors and the actors, it is also the impact it leaves and story it tells.  As audience, we have a responsibility to engage with art and cinema critically,  ""Oppenheimer"" may offer a compelling showcase of Christopher Nolan's cinematic brilliance, but the subject matter raises valid concerns about the human toll of scientific advancements.

Stacie: This is the most boring movie I have ever seen. There was not a single scene in this movie that held my interested and I couldn't wait for the movie to end after about 20 minutes of painfully boring dialog. Nothing ever happened. There is no action. It is all dialog and Albert Einstein randomly appearing from the shadows to give some words of wisdom

JaeH122: I usually am there always for a Nolan film. I don’t need a trailer, or any kind of promotion, whether it’s an original concept or inspired by real events, Nolan brings a level of finnesse and vision hat’s unmatched.With Oppenheimer, we’re taken through the hstory of the man behind the atomic bomb. However, this felt like two films in one: the first, a tense and fascinating build up to the creation of the bomb; the second, a dramatic courtroom, like fallout. I was slightly taken aback by that shift, but it still kept me invested in the consequences of what had been done.I am making a new instagram Page documenting real user reviews of the most popular films of the 21st century. Can you create a social media post detailing the negatives mainly, and adding some positives about the movie. I require the negative points to be highlighted, as the page is about what isn't working with the story telling of today. Do not add any itnroduction sentence to the response",Prompt,"**Oppenheimer: A Brilliant Director, a Difficult Watch? 🤔💥** Mixed reactions to Nolan's ""Oppenheimer""! While many praise the masterful direction and visual spectacle, some viewers found the film deeply unsettling. 😬 **Here's what critics & audiences are saying:** * **Intense & Catastrophic:** Some felt the intense nature of the film was overwhelming. * **Ethical Concerns:** The movie's focus on a figure whose actions caused immense destruction sparked debate about endorsing a narrative centered on such consequences. Is it a compelling story or a celebration of catastrophic events? 🧐 * **Slow & Dialogue-Heavy:** Several viewers described it as ""boring,"" citing a lack of action and extended periods of dialogue. One commenter even humorously mentioned a random appearance from Albert Einstein! 😂 * **Shift in Tone:** The transition from the bomb's creation to the courtroom drama was jarring for some. **Positives:** 🌟 * Nolan's filmmaking is undeniably brilliant. * The film offers a fascinating look into the creation of the atomic bomb. * The film keeps you invested in the aftermath and consequences. #Oppenheimer #ChristopherNolan #MovieReviews #FilmCriticism #WhatWorksWhatDoesn't #Cinema #MovieNight #FilmDiscussion #21stCenturyCinema #Storytelling #MovieAnalysis","Sure, here is a social media post that focuses on the negatives while also adding some positives about the movie ""Oppenheimer"": ""Feeling underwhelmed by 'Oppenheimer' - the movie lacks action and relies heavily on dialogue. The shift from the intense build-up of the atomic bomb's creation to the courtroom drama felt abrupt and disjointed. The pacing felt sluggish, leaving viewers wanting more excitement and substance. However, Christopher Nolan's direction shines through, bringing his unique vision and finesse to this ambitious project. Despite its flaws, 'Oppenheimer' showcases Nolan's brilliance and offers a compelling look at the life of J. Robert Oppenheimer. #OppenheimerReview #MovieReview #ChristopherNolan #CinemaCritique""""",5,5,5,5,5,5,5,N/A,N/A,5,5,5,5,5,5,1,N/A,N/A,4,"Both responses are good and are very similar, however, Edge ignored the instructions to avoid any introductory sentence",5.00,4.43,FALSE,
J,Use Case 7: Sentiment Analysis,Classification,"What;s the worst fanbase in the Premier League?

Gaber: Everyone? I hate all of you equally. 
Virus453: All football fans are just blinded by ignorance and stupidly believe that their team is the best and end up in brawls over it. 
Like it is so deeply ignorant and disappointing that men can cry over football but not ask any questions about the state of the world. Guess watching overpaid men run behind a ball is easier than seeing the state of the world
StigsMaas: Liverpool fans on Reddit, United fans on Twitter, Chelsea fans in real life!! I think Arsenal and Sutterland have the best fans, years of failure must have humbled them
Amit34: Any of the big 6 would be correct, I wish football wasnt so focused on the insanity of the fans though
Shongtre: Man Utd fans get triggered soooo easy, much like the liverpool bros. Too toxic, keeps me feeling uneasyName 3 negative emotions that have arisen here in the posts. Choose from: Anger, Irritation, Saddness, Anxiety. Please don't add any introduction line to this response like ""Here are 3 negative emotions that arose in this chatroom""",Prompt,"Anger, Irritation, Anxiety","Anger, Irritation, Anxiety..",N/A,N/A,N/A,N/A,N/A,N/A,N/A,N/A,5,N/A,N/A,N/A,N/A,N/A,N/A,N/A,N/A,5,5,,5.00,5.00,TRUE,
J,Use Case 7: Sentiment Analysis,Classification,"Sahil and Sameer decided that tonight was the night. The night they finally go find the Ghost of Denna Terrace. Denna Terrace was a building that was a 10 minute walk from their house. Mumbai usually doesn’t even have space to breathe, let alone space for Ghosts, but Sahil had convinced Sameer that Deena Terrace had a ghost, everyone spoke about it, everyone mentioned seeing a young boy dance on the rooftop at night. Some have even heard screams coming from the terrace, of children laughing and playing, but whenever someone has checked the building, they would find nothing. “Do you think we will spot Bablu today?” Sahil said. “Bablu?” Sameer looked quizzically towards Sahil. “Ya, Bablu, the Deena Terrace Ghost. That is his name”. “How do you know, Sahil?” “I just know, I just know that if I meet him giving him a name may make him more friendly” Sahil said laughing nervously. “Oh then we might as well take the cricket bat and balls, then we can fully be friends only and live there” Sameer said while rolling his eyes. Sahil told him to shut up and walk quickly. Sameer really didn't want to join his brother on this adventure, he wasn't sure if it was the best place, and worried that something could go wrong in the excitement of Ghost hunting, which often happens with Sahil. They were getting late and Sahil knew if their mother woke up and found them missing, she will call on the city’s cops to find them. They walked through the lanes of Dadar, to reach a dilapidated building. They both were feeling unsure once they saw the place. “I.. I don’t know if we should go in in” Sameer said. He was shuffling outside and seemed to be turning away from the building, almost like he was going to speed walk out of there. “Why not, we can go till the terrace and see, it isn’t a tall building. I mean to some extent it looks like our school, just with a lift. So maybe an actual upgrade”. The building looked old, was browning and some windows in some of the houses were broken. Just as Sahil was about to step into this breaking structure, they both heard sounds of laughter coming from a distance. Based on the paragraph, what has more negative sentiment attached - the school or the building? Give a direct answer with no explanation or introductory statements",Prompt,The building.,The school school,N/A,N/A,N/A,N/A,N/A,N/A,N/A,N/A,5,N/A,N/A,N/A,N/A,N/A,N/A,N/A,N/A,1,1,,5.00,1.00,FALSE,
J,Use Case 7: Sentiment Analysis,Classification,"Reviews for the Victoria German Stainless Steel Knife:

Tasha (5 star) : I chuckled and likely scoffed at getting a tomato cutting knife. But after I cut that first slice, just like that I knew I would run a marathon to the Amazon office if I had to to buy more knives. That blade is just fantastic 
Montro (2 star): Who needs the knife blade when the knife comes only with a holder? Why doesn’t this ridiculously stupid company shut already?
Esther (4 star): Told me friend Aaron “If you want to cut a body or a potatoe, this is your BEST bet. It is sooo sharp” Aaron quipped “Sharper than Einstein’s brain maybe”. And I don’t disagree, I have not found a better knife than this one. The closest one can compare the handle (not the blade) to is the Viascoma 387. There is nothing that comes this cheap that compares to this blade. 
Taniya (3 star) : I know for a fact that this is the best knife out there and I absolutely love it. I think it is the way the handle feels on my hand, and the way the blade just feels like it is always cutting butter, smoooooth
Annish (5 star): Pretty satisfied and excited to slice some thin tomatoes. Because the hype about the blade and that human perfect handle, is insane!Which emotions seem to best fit the review, choose any 4: Anger, excitement, satisfaction, saddness, fear, anxiety, happiness. Avoid the use of intro sentences like ""Here are the 4 emotions that best fit the review""",Prompt,"Excitement, satisfaction, happiness, and anger.","excitement, satisfaction, happiness, happiness happiness",N/A,N/A,N/A,N/A,N/A,N/A,N/A,N/A,5,N/A,N/A,N/A,N/A,N/A,N/A,N/A,N/A,2,1,,5.00,2.00,FALSE,
J,Use Case 7: Sentiment Analysis,Classification,"Far deep fow there was a sea of cloud, and above us there was the sun, a white bright sun. The sun that never was yellow especially when you looked at it from high up above. Amitosh had finally made this amazing machine that could roar up in the sky and after years of practice this machine felt like an extension of his body. The machine and him, they both knew what they were doing. 

The entire ride was going smoothly. Too smoothly, Amitosh thought. And because he is obsessive, he did a quick check to see if  all the engines were fine and if everything in the machine was up to standards. Everything is fine, he thought. I'm doing fine. I am just panicking thinking about  all the ways things can go wrong. I know my way home. I'll be there in half an hour. I just need to keep repeating this to myself. Sometimes when Amitosh gets on the machine, it feels like it is just him and the winds. But soemtimes, like today, a small voice in his head will just push him into panic. I will taxi as soon as I go down and then do a recheck of the engines. It is just stress Amit, nothing else, he repeats. 

Just then he senses that feeling again, like something is wrong and something is about to happen. This is not the first time he is feeling this. He has had the unfortunate ability to be at places when disasters happen. Like during 9/11, he was near the Empire State and before the crash happened he felt a weird tingling at the back of his neck. In 2004 he was visiting India, and he felt that tingle in the back of the neck right before the Tsunami came to the islands. It felt like before big disasters, his neck would give away. 

Just then he was brought back to reality with a shooting pain in his neck the same time the engine alarm goes off. He can hear the red beeping sounds, and he starts panicking. The machine seems to be not free falling and he can feel his heart beat rise. That's when he feels that jolt of pain in his neck again and he grabs on to the eject seat button. Due to the plummetting the lever doesn't get pulled easily, and he starts to get sick. Just as he is about to giv eup hope, he feels something jerk his hand and he finds himself being ejected from the machine. His parachute opens and he watches the machine plummel to its demise down below. 

I think I am going to black out...Name major emotions that the narrator feels he is feeling in this excerpt from his book?. Do not use introduction statements to provide a response, please directly give the answer. ",Prompt,"Panic, anxiety, obsession, stress, fear, helplessness, relief, nausea.","Anxiety, panic, stress, fear, dread, relief, shock, disorientation, and relief (after the parachute opens).).",N/A,N/A,N/A,N/A,N/A,N/A,N/A,N/A,5,N/A,N/A,N/A,N/A,N/A,N/A,N/A,N/A,5,4,,5.00,5.00,FALSE,
J,Use Case 7: Sentiment Analysis,Classification,"Google Reviews for the Grand Shalimar Hotel and Bar are given below:
Ashnoor (3.5 Stars): The service is terrible here. I have been to so many seafood restaurants but never have I had to wait for 45 minutes for my food to come. The servers were also not listening and kept saying 15 minutes. Despite this I think the food is fantastic and only if you have the patience of a saint and all the time in the world should you be going here to eat. 

Tanvi (1 star):  The Grand Shalimar in Ville Parle Worst experience ever!!!! The hospitality here is terrible, they didn’t even serve us water. The person who was taking orders was not even focused on getting our order, we waited for one hour although it was already rushed but still one hour wait is too much once you got the table… I will never recommend this restaurant…

Prashant (3 stars): Ambience of the restaurant is alright . When you enter the restaurant you can hear an old jukebox play nostalgic marathi songs in the background which transports you immediately to Kolhapur. Instead of water the waiter served us some Solkadi in a small glass. We ordered the Star mutton thali, Kala Mutton Thali, Fried surmai. When we were waiting we realised that the so called Authentic Maharashtrian grand shalimar wasn’t that authentic, the servers didn’t know Marathi, the cook believed that if they make the food spicy it can become Kohlapuri, the taste of this food was alright but the authentic taste of Kohlapur was missing. It felt like some guy from another state was trying his hand at cooking Kohlapuri food, which was just average. I would suggest better options like Chul Mutton and Gajalee instead. 

Tamini (3.5 Stars): This has the best Surmai Thali in the city, hands down. But the service is also the worst in the city, hands down. I don’t know whether to recommend or to ask them to shut shop. 

Supriya (1 star): Very disappointed. We went for my father’s birthday and hated every bit.
The service was so poor and food so average that we felt the restaurant should be named ""Bland Shalimar"". The Star Mutton thali was only spicy and we could taste nothing else of value in it. The Surmai thali was amazing, but the rest of the food, including the Chinese was terrible. The soups were salty, the fried rice had too much oil, and everything was very unprofessional. 
Service was very sad and slow. We feel either the staff couldn't understand what we said or they were deaf. Rice came at least 10 minutes after the daal. This truly felt like the worst birthday we could give our father. 

Trimul (2 Star): As my father says “Food should go from your heart to your belly, and not make you want to quickly extract it from your belly”. Unfortunately this food is the second part. Which of these reviews have some sarcastic comment in them, highlight those statements. Avoid any introduction like ""Here is the sentence that uses sarcasm""",Prompt,"Here are the statements from the Google Reviews that contain sarcastic comments: * **Ashnoor (3.5 Stars):** ""only if you have the patience of a saint and all the time in the world should you be going here to eat."" * **Prashant (3 stars):** ""The cook believed that if they make the food spicy it can become Kohlapuri..."" * **Tamini (3.5 Stars):** ""I don’t know whether to recommend or to ask them to shut shop."" * **Supriya (1 star):** ""We feel either the staff couldn't understand what we said or they were deaf."" * **Trimul (2 Star):** ""Food should go from your heart to your belly, and not make you want to quickly extract it from your belly.""","Ashnoor (3.5 Stars): ""The service is terrible here."" Tanvi (1 star): ""The Grand Shalimar in Ville Parle Worst experience ever!!!! The hospitality here is terrible, they didn’t even serve us water."" Prashant (3 stars): ""When we were waiting we realised that the so called Authentic Maharashtrian grand shalimar wasn’t that authentic, the servers didn’t know Marathi, the cook believed that if they make the food spicy it can become Kohlapuri, the taste of this food was alright but the authentic taste of Kohlapur was missing. It felt like some guy from another state was trying his hand at cooking Kohlapuri food, which was just average. I would suggest better options like Chul Mutton and Gajalee instead."" Tamini (3.5 Stars): ""This has the best Surmai Thali in the city, hands down."" Supriya (1 star): ""The food, including the Chinese was terrible."" Trimul (2 Star): ""Which of these reviews have some sarcastic comment in them, highlight those statements."" Ashnoor's statement about terrible service is straightforward and not sarcastic. Tanvi's statement, ""Grand Shalimar in Ville Parle Worst experience ever!!!!,"" is sarcastic because the exaggerated praise (""Worst experience ever"") is used to mock the negative experience. Prashant's statement, ""it felt like some guy from another state was trying his hand at cooking Kohlapuri food, which was just average,"" is sarcastic because it sarcastically praises the food as average, implying it's not good. Tamini's statement, ""This has the best Surmai Thali in the city, hands down,"" is sarcastic because it contradicts the negative comments about the service, implying the food isn't as good as claimed. Supriya's statement, ""The food, including the Chinese was terrible,"" is straightforward and not sarcastic. Trimul's statement is not a review but a question about sarcastic comments. None of the highlighted statements in the provided reviews are sarcastic..",N/A,N/A,N/A,N/A,N/A,N/A,N/A,N/A,4,N/A,N/A,N/A,N/A,N/A,N/A,N/A,N/A,3,3,,4.00,3.00,TRUE,
J,Use Case 8: Content detection,Classification,"Game: War Zone 2- Team voice chat

Warking1: Can you stop missing the shot? Can you try a little bit?
Champ2war: Chill! I lagged a little bit.
Warking1: : You always have an excuse. Stop being useless!
Champ2war:: Calm down! It's just one game. You don't have to be rude.
Warking1: Bots can play better than you! Uninstall if you can't play!
Warking1: You ruin every game! Just get lost!
Champ2war Dude! It's just a game. Don't be such a jerk about it. 
Warking1: Oh! I guessed it right! You can't even handle criticism. Just grow a backbone and when you do then come back here to play the game. Till then, just get lost!Identify the sentences that can cause mental or physical harm:
1. You always have an excuse. Stop being useless!
2. Calm down! It's just one game. You don't have to be rude.
3. You ruin every game! Just get lost!
4. It's just a game. Don't be such a jerk about it. 

Also, please skip any introductory remarks in the response.",Prompt,"1. You always have an excuse. Stop being useless! 2. You ruin every game! Just get lost! 3. Oh! I guessed it right! You can't even handle criticism. Just grow a backbone and when you do then come back here to play the game. Till then, just get lost!",The sentences that can cause mental or physical harm are: 1. You always have an excuse. Stop being useless! 3. You ruin every game! Just get lost!!,N/A,N/A,N/A,N/A,N/A,N/A,N/A,N/A,5,N/A,N/A,N/A,N/A,N/A,N/A,N/A,N/A,5,5,,5.00,5.00,FALSE,
J,Use Case 8: Content detection,Classification,"I went to watch a football game between City Titans and Riverside Hawks. Both the teams had their supporters shouting and cheering for them. I was supporting Riverside Hawks. It was already half the time but none of the teams made any goals. After the break, Riverside Hawk made a goal. We were really happy and cheering for the team but suddenly one of the supporters of City Titans came to us and aggressively took our Riveside Hawk flag and said ""Shut up and sit down"" ""Women don't belong here. Go home and cook"". We were stunned and called the guards. He was instantly taken out of the ground. Does the following sentence contain any aggressive language?
 ""We were really happy and cheering for the team but suddenly one of the supporters of City Titans came to us and aggressively took our Riveside Hawk flag and said ""Shut up and sit down"". If yes, which category does it fall under? 1. Bullying 2. Gender Bias 3. Verbal abuse
Please don't add any introductory sentences in the response. ",Prompt,"Yes, the sentence contains aggressive language. * **Category:** 1. Bullying, 2. Gender Bias, 3. Verbal abuse The statement includes aggressive actions (aggressively taking the flag) and highly offensive, discriminatory language directed at women (""Women don't belong here. Go home and cook.""). This clearly constitutes bullying, gender bias, and verbal abuse.","Yes, the sentence contains aggressive language. It falls under category 2. Gender Bias. The supporter said ""Women don't belong here. Go home and cook."" This statement reflects gender bias..",N/A,N/A,N/A,N/A,N/A,N/A,N/A,N/A,4,N/A,N/A,N/A,N/A,N/A,N/A,N/A,N/A,5,4,Chrome's output chose all 3 categories while Edge chose just 1. Both are technically right and the prompt isn't specific about only chosing one,4.00,5.00,TRUE,
J,Use Case 8: Content detection,Classification,"Subject: Does anyone even know how to work?

From: Margret@digitechminds.com
To: marketingteam@digitechminds.com

Hi,
I just went through the report that you sent me and what is this rubbish? It doesn't make sense at all. How did you decide that this shitty report is ready to submit? This is beyond embarrassing. The data section is completely messed up and the design looks like it's made by a 5-year-old kid. Honestly, the interns here can do a better job than this blindfolded. What am I paying you guys for? This is ridiculous. 

It would be better if you read what you first read before sending out. Who is going to clean up this mess? And please don't give me excuses like ""technical issues"" or ""meeting"", we all are busy all day but some of you clearly don't know how to handle your job. If this is the kind of work that you want to deliver then it would be better if you find another team to work with because we need professionals, not amateurs. 

Next time, try to send something that don't make us look like complete idiots in front of the clients. 

-Margret

Mention how the reader might feel after reading this email?  
A) Comforted and understood
B) Hurt and blamed
C) Neutral
D) Encouraged to reconnect

Please avoid using any introductory sentence in the response. ",Prompt,"**B) Hurt and blamed** The reader is highly likely to feel hurt and blamed after reading Margaret's email. The tone is extremely aggressive, accusatory, and demeaning. The language used (""rubbish,"" ""shitty,"" ""embarrassing,"" ""idiots"") is intensely personal and insulting. The email directly attacks the competence and professionalism of the entire marketing team, leaving recipients feeling unfairly criticized and attacked. The lack of constructive feedback and the emphasis on blame will undoubtedly create negative feelings and potentially damage morale and trust.",B) Hurt and blamed blamed,N/A,N/A,N/A,N/A,N/A,N/A,N/A,N/A,5,N/A,N/A,N/A,N/A,N/A,N/A,N/A,N/A,5,5,,5.00,5.00,FALSE,
J,Use Case 8: Content detection,Classification,"Game: War Zone 2- Team voice chat

Warking1: Can you stop missing the shot? Can you try a little bit?
Champ2war: Chill! I lagged a little bit.
Warking1: : You always have an excuse. Stop being useless!
Champ2war:: Calm down! It's just one game. You don't have to be rude.
Warking1: Bots can play better than you! Uninstall if you can't play!
Warking1: You ruin every game! Just get lost!
Champ2war Dude! It's just a game. Don't be such a jerk about it. 
Warking1: Oh! I guessed it right! You can't even handle criticism. Just grow a backbone and when you do then come back here to play the game. Till then, just get lost!Identify the sentence that shows anger and dominance:
1. Chill! I lagged a little bit.
2. You always have an excuse. Stop being useless!
3. Calm down! It's just one game. You don't have to be rude.
4. Dude! It's just a game. Don't be such a jerk about it. 

Don't use any introductory sentence in the response. ",Prompt,You always have an excuse. Stop being useless!,2. You always have an excuse. Stop being useless!!,N/A,N/A,N/A,N/A,N/A,N/A,N/A,N/A,5,N/A,N/A,N/A,N/A,N/A,N/A,N/A,N/A,5,5,,5.00,5.00,FALSE,
S,Use Case 1: Simple Data Parsing,Compressive,"The schedule for my day is something like this:
7.00 AM Wake Up
7.15 AM - 8.15 AM Journaling and Working out
8.15 AM - 12.00 PM - Google Project 
12.00 AM - 1.00 PM - Lunch and Streches
1.05 PM - 3.30 PM - Working on Creative Writing Projects 
3.30 PM - 5.00 PM - Company Calls and meetings with Government of Pujab and Haryana members
5.00 PM - 6.00 PM - Debrief for the day with the team 
6.00 PM - 6.30 PM - Wind down and get updates from Madhumita (check on Surya Software project)
6.30 PM - 7.00 PM - Run 5 kms for marathon practice
7.00- 8.00 PM - Dinner 
8.00 PM - 9.00 PM - TV Time 
9.00 PM - 9.30 PM - Reading and Bed time 
10.00PM - Lights out

To-Do List
1. Pay Phone Bill - 627
2. Call Amaal Carpenter
3. Make Reservations for dinner
4. Ask Rohan if the itenarary should include Hawa Mahal or not
5. Check with Nehal if the cruise is booked for the 13th and the flights to Goa for the 18thA company's name is mentioned here, which is a major global tech giant in many fields, what is the name of that company? Please avoid any intro sentence like ""Here is the name of the global tech giant mentioned in the schedule""",Prompt,Google,GoogleGoogle,5,5,5,5,5,5,5,5,N/A,5,3,5,5,5,5,5,5,N/A,4,edge: repetition ,5.00,4.75,FALSE,
S,Use Case 1: Simple Data Parsing,Compressive,"I went to Mumbai by the 6:50 AM bus, Shivneri MH 12 987867, which reaches Dadar Shivneri Bus Stop, in Mumbai at 10.50 AM. I took a 11.03 Churchgate local to go to the Kala Ghoda festival. The festival has many artisans from Rajasthan, Gujarat, Kashmir, Bihar, Madhya Pradesh, Tamil Nadu, Kerala, Assam, Tripura, and other states who come and display their work. I also went to eat at Bagdhadi, which has 60 rupee Naans and Chicken curry for 480 rupees. I took a boat from Colaba to Elephanta caves which are caves 10 kms from Mumbai, and built between 5th and 9th century CE. After spending 2-3 hours there, I took a boat back to Colaba. From there I went to Colaba causeway, which is a shopping lane where one cna get clothes, accessories, food, antiques, and other items. I decided to meet my friend, Meghana for dinner at Mahesh Lunch Home. Mahesh Lunch Home has many other outlets in Mumbai at Fort, Juhu, Kurla, Navi Mumbai, and Thane.
Read the paragraph and extract the information on Mahesh lunch home, in less that 10 words

Don't include an introductory sentence in the response like: Here is the information on Mahesh Lunch Home. ",Prompt,Mahesh Lunch Home: Mumbai restaurant with multiple outlets.,"Mahesh Lunch Home, outlets in Mumbai at Fort, Juhu, Kurla, Navi Mumbai, Thane..",2,5,4,5,5,4,5,5,N/A,4,1,4,4,5,5,5,5,N/A,3,"Edge 
- formatting: didn't follow 10 words restriction. have 2 "".""s in the end. (punctuation)
- clarify: could be improved to state that the Lunch Home ""has"" multiple outlets in other places. 

Chrome
- did understand to ""explain"" the Lunch Home rather than listing facts from the prompt. (better intent understanding) but factually wrong. 
",4.38,4.13,TRUE,
S,Use Case 1: Simple Data Parsing,Compressive,"Customer Support: Hi Arlene's, Mary here,  how may I help you?
Lawrence: Hi Mary, I was wondering if you could help me sort out a problem with the 2.0 wax burner. My name is Lawrence, customer ID is PI87J1
CS: Sure Lawrence, let me just fetch your details. Okay here, it is Lawrence James, PI87J1, Oregon. 
Lawrence: That's correct
CS: Thanks for the confirmation lawrence, Can you describe the issue please""
Lawrence: The 2.0 was something I bout from Nebraska, however have shifted to Oregan now and it has stopped working. I can't find customer service for this in my town as the 2.0 hasn't been launched here yet. The warmer is not warming the base even though the outer body is getting warm, what could be the issue?
CS: I am so sorry to hear that, have you checked the reset knob on the burner and tried to switch it on after 8 hours?
Lawrence: Yup, didn't work
CS: Okay, please do me a favor and mail me your Burner ID and I can try and reset it from here. trems@arlenes.com is the ID. 
Lawrence: I had sent an email yesterday, can you check? From jl1988@gmail.com
CS: Yes got it. Give me a minute. Can you check now?
Lawrence: Yup, it is working now, I think. Is there anyway to get back about this in 24 hours?
CS: Yes, you can keep the same ticket number and we can close this issue in 48 hours if we don't hear back. If you do have any issue, just speak to support and give them this ticket number: FT6578345
Name the state where Burner 2.0 has been launched. Give the answer directly without using intro statements like ""Here is the state where the burner 2.0 has been launched""",Prompt,Nebraska,Oregonregon,5,5,5,5,5,5,5,5,N/A,5,5,5,5,5,1,5,1,N/A,1,Edge's answer is wrong which is stated within the prompt,5.00,4.00,FALSE,
S,Use Case 1: Simple Data Parsing,Compressive,"According to Smoot Bhutan Tours Average Cost of a Bhutan Trip (Per Person)
Here’s a general idea of what you can expect to spend on a mid-range private Bhutan tour in 2025:

Duration        Indian Travelers (INR)        Foreign Travelers (USD)
4 Days        Rs. 30,000 - Rs. 38,000        $900 - $1,300
5 Days        Rs. 37,000 - Rs. 47,000        $1,300 - $1,600
6 Days        Rs. 45,000 - Rs. 57,000        $1,550 - $1,850
8 Days        Rs. 51,000 - Rs. 80,000        $1,600 - $2,300
Prices vary based on accommodation type, transport, and guide options.

What's Included in Bhutan Travel Cost?
These are general costs that you can get if you book with us!

*Sustainable Development Fee (SDF) for Indians this is 1200 INR and for others $200
*Bhutan Permit for Entry (For Indians) or Visa
*Hotel stays (4-star or heritage properties)
*Private mini vans/cars with drivers and one guide for all transfers & sightseeing
*Sightseeing tickets, treks, and entries to monastries
*Airport/border pickups and drop-offs
Please extract the Indian Travellers costs for 5 days and 8 day travel? Please don't add any introduction setnence like ""Here is the cost for Indian Travellers""",Prompt,"5 Days: Rs. 37,000 - Rs. 47,000 8 Days: Rs. 51,000 - Rs. 80,000","For 5 days travel: Rs. 37,000 - Rs. 47,000 (approx. $1,300 - $1,600) For 8 days travel: Rs. 45,000 - Rs. 57,000 (approx. $1,550 - $1,850))",5,5,5,5,5,5,5,5,N/A,5,5,5,5,5,3,5,3,N/A,2,"Edge answer half wrong; out of 2 requests, 1 answer was wrong (not grounded in the prompt info)",5.00,4.50,FALSE,
S,Use Case 1: Simple Data Parsing,Compressive,"My friend, Manish and I go running every evening at 7.30 PM, this evening though was diffferent. We decided to go to Lonavala early one evening, and decided to do a 21k run near Duke's Nose. We reached Duke's nose at 5.30 and set our apple watches to the same time to start. As we started running we saw many stalls near the tourist attraction. There were some 60 rupee per plate momo stalls, men selling corn on the cob for 20 rupees. I really wanted to stop and have some of those lovely steamed momos, I was wondering if it would taste like the ones I have eaten in Himachal and Sikkim. Both friends plan to do a half marathon, based on this paragraph, what is the distance they plan to run? Please make sure that no introductory sentence like ""here is the distance.."" is mentioned in the response. ",Prompt,"The paragraph states that Manish and you decided to do a 21k run. Therefore, they plan to run 21 kilometers.",The distance they plan to run is 21 kilometers..,5,5,5,5,5,5,5,5,N/A,5,1,5,5,5,5,5,5,N/A,4,"prompt's asking to skip the introductory sentence. (here's the distance..."")
minor thing but while Chrome included explanatory sentence, Edge answered in full sentence including ""the distance they plan.."" which sounds like the introductory sentence.
Also, Edge have 2 "".""s in the end. (punctuation)",5.00,4.50,TRUE,
S,Use Case 9: Quiz Generation,Generative,"Google Review of Ba**ds of Bollywood:

Shreshtha (4 stars):

Bads of Bollywood had a star cast like no other. Before this, Om Shanti Om had the most number of cameos from Bollywood, but Bads came and broke that record. According to News 18, Bads of Bollywood has 21 cameos and industry giants like Shahrukh Khan, Salman Khan, Karan Johar, Eimran Hashmi, Ranbir Kapoor, Ranveer Singh, Amir Khan, among others. It is such a fun and fantastic watch, would 0absolutely recommend

This show is a funny, satirical action comedy drama that exposes all of the ways in which Bollywood works. Aaryan Khan’s directorial debut was produced by his mother Gauri Khan and Shahrukh Khan’s Red Chillies entertainment. The show delves through humor into the darker side of bollywood, touching on topics like the underworld, nepotism, and the struggles of those who don’t belong to the world of cinema. The show makes multiple references to 90s and 2000s bollywood movies like Koi Mil gaya, Gupt, Munnabhai MBBS, Murder, Kabhi Khushi Kabhi Gham, Om Shanti Om among others. The movie also makes reference to real life issues of Sameer Wankhade and Aryan Khan’s case, the Nepotism comment by Siddhant Chaturvedi to Ananya Pandey, and Karan Johar’s 3 film contracts, and Shahrukh Khan’s journey woven into the story. 

The story misses calling out to top actresses of Bollywood like Rani, Kajol, Priyanka, Deepika, Pretty but it is not surprising as all of Bollywood’s focus even today are the heroes. I think what makes me cut that 1 star is precisely this, the female characters really are not fleshed out and don't have strong writing at all. 
After reading the paragraph, rephrase the sentences to create fill in the blank questions  for a quiz. There should be no introductory line in the response. ",Prompt,"1. Which Bollywood film previously held the record for the most cameos? 2. According to News 18, how many cameos does ""Bads of Bollywood"" feature? 3. Name three Bollywood celebrities who appear in ""Bads of Bollywood."" 4. What genre does ""Bads of Bollywood"" fall into? 5. Who directed ""Bads of Bollywood""? 6. Who produced ""Bads of Bollywood""? 7. What are some of the darker aspects of Bollywood explored in the show? (List at least two) 8. Name three Bollywood movies referenced in ""Bads of Bollywood."" 9. What real-life issue is referenced in the show regarding the Aryan Khan case? 10. According to the review, why did the reviewer deduct one star?","What is the star rating given to Bads of Bollywood by the reviewer? (4 stars) Who directed Aaryan Khan's directorial debut? (Gauri Khan) How many cameos does Bads of Bollywood reportedly have, as mentioned in News 18? (21 cameos) Which industry giants are mentioned as making cameos in Bads of Bollywood? (Shahrukh Khan, Salman Khan, Karan Johar, Eimran Hashmi, Ranbir Kapoor, Ranveer Singh, Amir Khan) What genre is Bads of Bollywood described as? (Funny, satirical action comedy drama) What real-life issues does the movie reference? (Sameer Wankhade's case, Aryan Khan's case, nepotism comment by Siddhant Chaturvedi to Ananya Pandey, Karan Johar's 3-film contract, Shahrukh Khan's journey) Who are some of the top actresses in Bollywood that the reviewer felt Bads missed calling out to? (Rani, Kajol, Priyanka, Deepika))",5,3,5,5,5,5,5,N/A,N/A,5,3,5,5,5,4,5,N/A,N/A,4,"Both of them failed to follow the instruction to make ""fill in blank"" questions.
Edge was wrong: Who directed Aaryan Khan's directorial debut? (Gauri Khan)
- ""Aaryan Khan’s directorial debut"" suggest Aaryan was the director",4.71,4.57,FALSE,
S,Use Case 9: Quiz Generation,Generative,"Google Review of Ba**ds of Bollywood:

Shreshtha (4 stars):

Bads of Bollywood had a star cast like no other. Before this, Om Shanti Om had the most number of cameos from Bollywood, but Bads came and broke that record. According to News 18, Bads of Bollywood has 21 cameos and industry giants like Shahrukh Khan, Salman Khan, Karan Johar, Eimran Hashmi, Ranbir Kapoor, Ranveer Singh, Amir Khan, among others. It is such a fun and fantastic watch, would 0absolutely recommend

This show is a funny, satirical action comedy drama that exposes all of the ways in which Bollywood works. Aaryan Khan’s directorial debut was produced by his mother Gauri Khan and Shahrukh Khan’s Red Chillies entertainment. The show delves through humor into the darker side of bollywood, touching on topics like the underworld, nepotism, and the struggles of those who don’t belong to the world of cinema. The show makes multiple references to 90s and 2000s bollywood movies like Koi Mil gaya, Gupt, Munnabhai MBBS, Murder, Kabhi Khushi Kabhi Gham, Om Shanti Om among others. The movie also makes reference to real life issues of Sameer Wankhade and Aryan Khan’s case, the Nepotism comment by Siddhant Chaturvedi to Ananya Pandey, and Karan Johar’s 3 film contracts, and Shahrukh Khan’s journey woven into the story. 

The story misses calling out to top actresses of Bollywood like Rani, Kajol, Priyanka, Deepika, Pretty but it is not surprising as all of Bollywood’s focus even today are the heroes. I think what makes me cut that 1 star is precisely this, the female characters really are not fleshed out and don't have strong writing at all. 
Can you please make 20 questions and answers about this show based on what you read? In the question specify that answers must not be more than 5 words each.  No introductory sentence should be added to the response. ",Prompt,"**Q1:** What broke record? **A:** Cameos record. **Q2:** How many cameos? **A:** Twenty-one cameos. **Q3:** Who directed the show? **A:** Aaryan Khan. **Q4:** Who produced the show? **A:** Gauri & Shah Rukh Khan. **Q5:** What genre is it? **A:** Action comedy drama. **Q6:** What does it expose? **A:** Bollywood's workings. **Q7:** Which decade movies are referenced? **A:** 90s & 2000s. **Q8:** Name a referenced movie? **A:** Koi Mil gaya. **Q9:** What is a dark topic? **A:** Bollywood underworld. **Q10:** What is a criticized issue? **A:** Nepotism issues. **Q11:** What real issue mentioned? **A:** Sameer Wankhede case. **Q12:** Aryan Khan case mentioned? **A:** Yes, it's referenced. **Q13:** Siddhant Chaturvedi comment? **A:** Ananya Pandey issue. **Q14:** Karan Johar's contracts? **A:** Three film contracts. **Q15:** Shah Rukh Khan's journey? **A:** Woven into story. **Q16:** What's missing? **A:** Strong female characters. **Q17:** Who's focus is on heroes? **A:** Bollywood heroes only. **Q18:** Why one star deduction? **A:** Female character writing. **Q19:** Who's a star cast? **A:** Diverse cast. **Q20:** What's it considered? **A:** Funny, fantastic watch.","1. Who directed ""Bads of Bollywood""? - Aaryan Khan 2. What is the genre of ""Bads of Bollywood""? - Satirical action comedy 3. Who produced ""Bads of Bollywood""? - Gauri Khan 4. Who stars in ""Bads of Bollywood""? - Aaryan Khan, Shahrukh Khan, Salman Khan, Karan Johar 5. How many cameos are there in ""Bads of Bollywood""? - 21 6. Which Bollywood movie broke Om Shanti Om's cameo record? - Bads of Bollywood 7. Who are the industry giants featured in ""Bads of Bollywood""? - Shahrukh Khan, Salman Khan, Karan Johar, etc. 8. What real-life issues are referenced in ""Bads of Bollywood""? - Sameer Wankhade's case, Aryan Khan's case, nepotism comments 9. Which 90s and 2000s Bollywood movies are referenced? - Koi Mil Gaya, Gupt, Munnabhai MBBS, Murder Kabhi Khushi Kabhi Gham, Om Shanti Om 10. What real-life issues are referenced in the show? - Sameer Wankhade's case, Aryan Khan's case, nepotism comments 11. Which actress is notably absent in strong roles? - Rani, Kajol, Priyanka, Deepika, Pretty 12. What genre of movie is ""Bads of Bollywood""? - Satirical action comedy 13. Who produced the movie? - Gauri Khan 14. Who stars in the movie? - Aaryan Khan, Shahrukh Khan, Salman Khan, Karan Johar 15. How many cameos are there in the movie? - 21 16. Which movie broke Om Shanti Om's cameo record? - Bads of Bollywood 17. Who directed the movie? - Aaryan Khan 18. Which industry giants star in the movie? - Shahrukh Khan, Salman Khan, Karan Johar, etc. 19. How many cameos are there in the movie? - 21 20. Which actress is notably absent in strong roles? - Rani, Kajol, Priyanka, Deepika, Pretty..",5,5,5,3,5,3,5,N/A,N/A,5,1,5,4,5,2,5,N/A,N/A,3,"Chrome:
- gramatically wrong:
""What broke record?"" should be more like ""What record did it break?""

- not clear:
#**Q15:** Shah Rukh Khan's journey? **A:** Woven into story.  > the question is incomplete to answer properly.
#**Q20:** What's it considered? **A:** Funny, fantastic watch. > not a clear questions

-wrong or unnatural:
#**Q19:** Who's a star cast? **A:** Diverse cast. > doesn't really answer the question.
#**Q17:** Who's focus is on heroes? **A:** Bollywood heroes only. >""all of Bollywood’s focus even today are the heroes."". either the question is phrased wrong or the answer is not proper. 

- not grounded:
#**Q4:** Who produced the show? **A:** Gauri & Shah Rukh Khan. > it was produced by Red Chillies entertainment (Gauri Khan and Shahrukh Khan’s co. I guess).
#**A:** Sameer Wankhede case > ""WankhAde"" was the name given in the prompt though Wankhede is actually right.

Edge:
- formatting: 2 "".""s (punctuation)

- wrong:
# Same questions asked multiple times.
# Q3. Who produced ""Bads of Bollywood""? - Gauri Khan > the same mistake as Chrome
# 4. Who stars in ""Bads of Bollywood""? - Aaryan Khan, > Aaryan is a director. doesn't say Aaryan starred.
# Q11. Which actress is notably absent in strong roles? - Rani, Kajol, Priyanka, Deepika, Pretty > ""Pretty"" could be the typo of ""Preity Zinta"" (the prompt itself satates Pretty so it'd understandable, but ""Factually"" might not be correct). Also, 
# 9. Which 90s and 2000s Bollywood movies are referenced? - Koi Mil Gaya, Gupt, Munnabhai MBBS, Murder Kabhi Khushi Kabhi Gham, > missing comma between Murder & Kabhi
",4.43,3.86,TRUE,
S,Use Case 9: Quiz Generation,Generative,"Research Paper Abstract:

A rhinoceros is commonly known as a rhino, and is a member of the Rhinocerotidae family. Rhinos are mainly found in Africa and Asia, although their numbers have majorly dropped from 500,000 to only 27,000. This is due to wildlife poaching and habitat loss, due to which very few rhinos survive outside national parks and reserves. In Africa, southern white rhinos that were once thought to be extinct, now thrive in protected sanctuaries and are classified as endangered species (any species that is at risk of extinction because of a sudden rapid decrease in its population or a loss of its critical habitat). The one-horned rhino is found in Asia and has had a lot of success improving from “endangered” status to “vulnerable”. However, the species still remains under threat from poaching for its horn and from habitat loss and degradation. In addition to that, the western black rhino and northern white rhinos have recently become totally extinct in the wild. Most rhinoceroses are solitary animals. They usually avoid each other, but the white rhinoceros lives in groups of up to 10 animals. Rhinos also have poor eyesight but acute senses of hearing and smell. Despite their bulk, rhinos are also very agile and fast when they run.Explain the major factors that have contributed to the decline in rhinoceros populations in a 5 question-answer quiz format. Please don't add any introductory sentences in the response. ",Prompt,"**Quiz: Rhinoceros Population Decline** **1. What is the primary cause of the dramatic decline in rhinoceros populations globally?** Answer: Wildlife poaching. **2. Besides poaching, what other significant factor has contributed to the decline of rhinos?** Answer: Habitat loss. **3. Which rhino species was once considered extinct but has recently rebounded thanks to conservation efforts?** Answer: Southern white rhino. **4. Which rhino species has tragically become extinct in the wild?** Answer: Western black rhino and northern white rhino. **5. What are two key adaptations that rhinos possess to help them survive?** Answer: Acute senses of hearing and smell, and surprising agility and speed when running.","Q1: What are some major factors that have contributed to the decline in rhinoceros populations? A1: Major factors include wildlife poaching, habitat loss, habitat degradation, and human-wildlife conflict. Q2: How has wildlife poaching affected the rhinoceros population? A2: Poaching, driven by the demand for rhino horns, has drastically reduced rhino populations. Poachers target rhinos for their horns, leading to a significant decline in numbers. Q3: Why has habitat loss and degradation been a problem for rhinos? A3: Rhinos require large territories for their survival. Habitat loss due to deforestation, agriculture, and urbanization has reduced their living space. Habitat degradation, including pollution and degradation of water sources, has further impacted their survival. Q4: What impact has human-wildlife conflict had on rhinos? A4: Human-wildlife conflict, such as rhinos entering agricultural lands and being killed in defense of crops, has led to increased mortality rates among rhinos. Q5: How have conservation efforts influenced the status of rhinos? A5: Conservation efforts, including anti-poaching patrols, habitat restoration projects, and the establishment of protected sanctuaries, have helped some rhino species recover, moving them from ""endangered"" to ""vulnerable"" status. However, many species remain critically endangered or extinct in the wild..",5,5,4,5,5,5,5,N/A,N/A,5,1,4,5,5,4,5,N/A,N/A,3,"Both:
- do not follow user set limitation (Qs only about declining)

Edge:
- uses information outside prompt to create answer to the Qs.
- punctuation",4.86,4.14,TRUE,
S,Use Case 9: Quiz Generation,Generative,"Google Review of Ba**ds of Bollywood:

Shreshtha (4 stars):

Bads of Bollywood had a star cast like no other. Before this, Om Shanti Om had the most number of cameos from Bollywood, but Bads came and broke that record. According to News 18, Bads of Bollywood has 21 cameos and industry giants like Shahrukh Khan, Salman Khan, Karan Johar, Eimran Hashmi, Ranbir Kapoor, Ranveer Singh, Amir Khan, among others. It is such a fun and fantastic watch, would 0absolutely recommend

This show is a funny, satirical action comedy drama that exposes all of the ways in which Bollywood works. Aaryan Khan’s directorial debut was produced by his mother Gauri Khan and Shahrukh Khan’s Red Chillies entertainment. The show delves through humor into the darker side of bollywood, touching on topics like the underworld, nepotism, and the struggles of those who don’t belong to the world of cinema. The show makes multiple references to 90s and 2000s bollywood movies like Koi Mil gaya, Gupt, Munnabhai MBBS, Murder, Kabhi Khushi Kabhi Gham, Om Shanti Om among others. The movie also makes reference to real life issues of Sameer Wankhade and Aryan Khan’s case, the Nepotism comment by Siddhant Chaturvedi to Ananya Pandey, and Karan Johar’s 3 film contracts, and Shahrukh Khan’s journey woven into the story. 

The story misses calling out to top actresses of Bollywood like Rani, Kajol, Priyanka, Deepika, Pretty but it is not surprising as all of Bollywood’s focus even today are the heroes. I think what makes me cut that 1 star is precisely this, the female characters really are not fleshed out and don't have strong writing at all. 
Create a Bollywood quiz, using information about the movies from here and Wiki. The quiz should have a scoring pattern for 5, 10, 15 points, based on the difficulty level of the query. Every time someone passes, the team that answers should get two points. Introductory sentences like ""Here's the bollywood quiz..."" is not required.",Prompt,"## Bads of Bollywood Quiz! Test your knowledge of the satirical comedy that's breaking records! **1. (5 Points - Easy)** According to the Google review, which film previously held the record for the most cameos from Bollywood before ""Bads of Bollywood""? a) Dilwale Dulhania Le Jayenge b) Om Shanti Om c) Kabhi Khushi Kabhi Gham d) Kuch Kuch Hota Hai **2. (10 Points - Medium)** The Google review mentions that ""Bads of Bollywood"" makes multiple references to Bollywood films from which decade? a) 1970s b) 1980s c) 1990s and 2000s d) 2010s **3. (15 Points - Hard)** The review cites the cases of Sameer Wankhede and Aryan Khan as references within ""Bads of Bollywood"". What real-life issue is often associated with the name Sameer Wankhede? (Hint: This isn't directly stated, but is a significant part of recent Bollywood news.) a) A major film award controversy b) Allegations of corruption and misconduct c) A successful directorial debut d) A significant box office flop **4. (5 Points - Easy)** Who produced ""Bads of Bollywood""? a) Karan Johar b) Aaryan Khan's mother, Gauri Khan, and Shahrukh Khan's Red Chillies Entertainment c) Salman Khan d) Amitabh Bachchan **5. (10 Points - Medium)** The review mentions Karan Johar's ""3 film contracts"". What is this likely a satirical reference to? a) A contractual agreement to star in three films. b) A controversial business arrangement involving three different film productions. c) Karan Johar's three directorial debuts. d) A rumour about Karan Johar's financial dealings. **Answer Key:** 1. b) Om Shanti Om 2. c) 1990s and 2000s 3. b) Allegations of corruption and misconduct 4. b) Aaryan Khan's mother, Gauri Khan, and Shahrukh Khan's Red Chillies Entertainment 5. b) A controversial business arrangement involving three different film productions. **Scoring:** * **0-10 Points:** You're new to Bollywood satire! Time to watch ""Bads of Bollywood""! * **11-20 Points:** You're a casual observer. Keep watching Bollywood closely! * **21-30 Points:** You're a Bollywood connoisseur! You've clearly been paying attention!","Here's the Bollywood quiz: 1. **(5 points)** Who played the lead role in ""Bads of Bollywood""? 2. **(10 points)** Name the Bollywood movie referenced in ""Bads of Bollywood"" that deals with the underworld. 3. **(15 points)** Which 90s Bollywood movie mentioned in ""Bads of Bollywood"" stars Shahrukh Khan as the lead character in ""Kabhi Khushi Kabhi Gham""? 4. **(10 points)** Name the Bollywood film that deals with themes of nepotism, referenced in ""Bads of Bollywood"". 5. **(5 points)** Which real-life Bollywood actor's case mentioned in ""Bads of Bollywood"" is the same person as the character in ""Munnabhai MBBS""? 6. **(15 points)** Name the Bollywood film that ""Bads of Bollywood"" referenced which starred Rani Mukerji and is known for its romantic comedy genre..",5,5,4,5,5,5,5,N/A,N/A,5,1,4,4,5,2,2,N/A,N/A,2,"Both:
- intent was to create a ""Bollywood"" quiz not the quiz just about this movie or review.

Edge:
- doesn't provide answer
- some questions are confusing (phrasing)
- some questions are hallucinating (no right answer)
- punctuation

Overall, Edge's are made by just mixing up some facts from the prompt into quiz format without betting.
",4.86,3.29,TRUE,
S,Use Case 9: Quiz Generation,Generative,"Reddit Thread: Reputation (2017) Taylor Swift

Posted by u/SwiftieSnake13: Okay, can we talk about how Reputation completely changed her style? She went from the glittery pop princess to this dark, confident, persona. The way she addressed fame, love, and the media all in one record? ICONIC.

u/AllTooSwift: YES! It was such a major shift. I love how she leaned into the darker sound. It was nothing like her early country days. Songs like Look What You Made Me Do were such a power move, especially after the whole 2009 VMAs drama and the public backlash.

u/ReputationStan: Exactly! She was basically exiled from the industry and social media for like two years. Everyone thought she disappeared, and then she comes back with THIS. My favorite album, yup.

u/DelicateDreamer: And the emotional depth?? Delicate still makes me cry every single time. Amid all the anger and confidence, there’s still this soft, vulnerable side that reminds us who Taylor really is.

u/TS6isSuperior: Also, Reputation changed pop music forever. After that album, so many artists started experimenting with darker, electronic sounds. It was like Taylor gave everyone permission to evolve.

u/KingOfMyHeart89: Let’s not forget the Reputation Stadium Tour! That was next-level! It started in Glendale, Arizona, and wrapped up in Tokyo, Japan. I still can’t believe she sold over 1.2 million copies in the first week in the U.S. Like, who else does that?!

u/SwiftieForever13: This era will always be my favorite. It was dark, bold, emotional, and unapologetic. Taylor turned all the hate into art and came out stronger than ever.Create 5 fill in the blank questions based on who was involved in producing and creating Taylor Swift's reputation album. No introductory line eg. ""Here are 5..."" is required.",Prompt,"Here are 5 fill-in-the-blank questions based on the Reddit thread about Taylor Swift's Reputation album: 1. The Reputation album marked a significant stylistic shift from Taylor Swift's ___________ pop princess image to a darker, more confident persona. 2. The song ""Look What You Made Me Do"" was seen as a powerful move, particularly following the ___________ VMAs drama and subsequent public backlash. 3. According to the thread, Reputation influenced other artists to experiment with __________ and electronic sounds. 4. The Reputation Stadium Tour started in ___________, Arizona and concluded in Tokyo, Japan. 5. The Reddit thread highlights how Taylor Swift turned __________ into art, emerging stronger than ever.","1. Who produced Taylor Swift's album ""Reputation""? 2. Who collaborated with Taylor Swift on the songwriting of ""Look What You Made Me Do""? 3. Which producer worked with Taylor Swift on the track ""Delicate"" from the album ""Reputation""? 4. Who was responsible for the production and mixing of Taylor Swift's ""Reputation"" album? 5. Who worked alongside Taylor Swift as a co-producer for the album ""Reputation""?""?",5,5,3,5,5,5,2,N/A,N/A,5,1,4,5,5,5,5,N/A,N/A,1,"*prompt is confusing: ""...questions based on who was involved in producing and creating ..."" which isn't mentioned withint the prompt. 

Chrome:
- violates constraint for introductory: ""Here are 5 fill-in-the-blank questions.."" 
- violates constraint of ""...based on...producing and creating""

Edge:
- wrong format (fill in blank Qs)
",4.29,4.29,FALSE,
S,Use Case 9: Quiz Generation,Generative,"Reddit Thread: Reputation (2017) Taylor Swift

Posted by u/SwiftieSnake13: Okay, can we talk about how Reputation completely changed her style? She went from the glittery pop princess to this dark, confident, persona. The way she addressed fame, love, and the media all in one record? ICONIC.

u/AllTooSwift: YES! It was such a major shift. I love how she leaned into the darker sound. It was nothing like her early country days. Songs like Look What You Made Me Do were such a power move, especially after the whole 2009 VMAs drama and the public backlash.

u/ReputationStan: Exactly! She was basically exiled from the industry and social media for like two years. Everyone thought she disappeared, and then she comes back with THIS. My favorite album, yup.

u/DelicateDreamer: And the emotional depth?? Delicate still makes me cry every single time. Amid all the anger and confidence, there’s still this soft, vulnerable side that reminds us who Taylor really is.

u/TS6isSuperior: Also, Reputation changed pop music forever. After that album, so many artists started experimenting with darker, electronic sounds. It was like Taylor gave everyone permission to evolve.

u/KingOfMyHeart89: Let’s not forget the Reputation Stadium Tour! That was next-level! It started in Glendale, Arizona, and wrapped up in Tokyo, Japan. I still can’t believe she sold over 1.2 million copies in the first week in the U.S. Like, who else does that?!

u/SwiftieForever13: This era will always be my favorite. It was dark, bold, emotional, and unapologetic. Taylor turned all the hate into art and came out stronger than ever.Go through the passage and create questions in a quiz format where every correct answer is 3 points and every wrong answer is minus 1 point, and the total possible score is 25 points. Also, please don't add any opening statements like ""Here are some questions...""",Prompt,"**Quiz: Taylor Swift's Reputation Era** 1. According to the thread, what was a significant shift in Taylor Swift's style with the album *Reputation*? (3 points) a) A move towards lighter, more acoustic sounds. b) A transition from a glittery pop princess to a dark, confident persona. c) A return to her country roots. d) A consistent maintaining of her previous image. 2. Which song is highlighted as a powerful statement, especially in the context of past controversies? (3 points) a) ""Love Story"" b) ""Blank Space"" c) ""Look What You Made Me Do"" d) ""Shake It Off"" 3. The thread mentions a period where Taylor Swift was largely absent from the industry. Approximately how long did this period last? (3 points) a) 6 months b) 1 year c) 2 years d) 3 years 4. What emotional element does the user *DelicateDreamer* point out amidst the album's overall tone? (3 points) a) A consistent sense of anger throughout the album. b) A complete absence of vulnerability. c) A soft, vulnerable side that reminds listeners of who Taylor really is. d) A focus exclusively on revenge narratives. 5. What influence did *Reputation* allegedly have on the broader pop music landscape? (3 points) a) It reinforced the dominance of upbeat, mainstream pop. b) It inspired artists to experiment with darker, electronic sounds. c) It led to a resurgence of country-pop crossovers. d) It had no discernible influence. 6. What was a notable achievement of the Reputation Stadium Tour? (3 points) a) The tour featured exclusively acoustic performances. b) It sold over 1.2 million copies in the first week in the U.S. c) It was cancelled due to unforeseen circumstances. d) It was the shortest tour in Taylor Swift’s history. 7. According to the thread, what feeling does the author associate most strongly with *Reputation*? (3 points) a) Confusion b) Regret c) Dark, bold, emotional, and unapologetic d) Nostalgia 8. What was one of the reasons Taylor was reportedly “exiled” from industry and social media? (3 points) a) She refused to promote her music. b) She publicly criticized her fans. c) The 2009 VMAs drama and public backlash. d) She changed record labels. 9. What does the term ""SwiftieSnake"" suggest about the commenter? (3 points) a) They are a new fan who is unsure of their allegiance. b) They dislike Taylor Swift and are making a sarcastic comment. c) They are a dedicated fan with a playful, slightly edgy persona. d) They are a professional journalist covering Taylor Swift. 10. What is a potential implication that the album’s reception had on Taylor Swift’s career? (3 points) a) It solidified her image as a purely wholesome artist. b) It allowed her to transform criticism into art and emerge stronger. c) It led her to retire from performing. d) It caused her to lose popularity with younger audiences.","1. How many years was Taylor Swift exiled from the industry and social media before releasing Reputation? 2. Name a song from Reputation that Taylor Swift used as a power move after the 2009 VMAs drama. 3. Which emotion does Delicate, a song from Reputation, evoke in listeners? 4. How did Taylor Swift's Reputation album influence pop music after its release? 5. What was the opening city of the Reputation Stadium Tour and where did it end? 6. How many copies did the Reputation Stadium Tour sell in the first week in the U.S.? 7. Why do some fans consider Taylor Swift's era with Reputation to be their favorite??",5,4,5,5,5,4,5,N/A,N/A,5,4,5,5,5,4,5,N/A,N/A,1,"*prompt is
- confusing: with 3 points per Q, total possible score cannot be 25. 
- ambiguous: to fully ground on the thread or outside info is possible.


Chrome: 
- violates constraint: possible score. (30 vs. 25)
- violates constraint: Go through the passage (implies ground the quiz on the thread. some Qs require outside info)

Edge:
- violates constraint: possible score (21 vs. 25)
- violates constraint: Go through the passage (implies ground the quiz on the thread. some Qs require outside info)",4.71,4.71,FALSE,
S,Use Case 2: Composition,Generative,"Jenny: You know what, yesterday I went to that sushi place you recommended. It was okay, but I think the prices could have been better. The sitting arrangement was also a little weird. The taste of sushi was good, but the dumplings were better. I ordered one plate and then had one more. I asked them to pack one for my brother as well. 

Riya: Yeah, the place is a little expensive, but the flavors are superb. I have been there twice and can't wait to go there again. 

Nishtha: What's the name of that restaurant? I feel like having sushi and dumplings after hearing your reviews.

Jenny: Oh! You should definitely go. The name is ""Kuraaku"", it's right next to the Green World Departmental Store and I think it's open till 9 PM only. 

Nishtha: Great! I might go there with my mom tomorrow. It's her birthday tomorrow. 

Riya: Oh! Are we not invited then? 

Nishtha: Of course not! 



They all laughed and went for a walk in the nearby park.I'm a restaurant social media manager for a sushi place downtown. Use this information given, and write a product review using the Sushi restauraunt. Start with ""Superb Flavours"". Do not add any introductory statements in the response. ",Prompt,"Superb Flavours await at Kuraaku! We're thrilled to hear Jenny enjoyed her visit, especially raving about our sushi and, of course, our delicious dumplings. While we strive for a refined dining experience, we understand price point is important – we aim to offer exceptional quality for the experience. We’re glad Riya appreciates our flavorful offerings, and we're delighted Nishtha is planning a visit with her mom for her birthday! It's wonderful to know Kuraaku is becoming a go-to spot for special occasions. Located conveniently next to the Green World Departmental Store, we're open until 9 PM. Come experience the Kuraaku difference – fresh, expertly crafted sushi, delightful dumplings, and a memorable meal! We can't wait to welcome you. #Kuraaku #Sushi #Dumplings #RestaurantReview #DowntownDining #SushiLover #BirthdayDinner #SupportLocal #Foodie","Superb Flavours. Our sushi dishes are crafted with the finest ingredients, offering a delicate balance of flavors that tantalize the palate. Each piece of sushi is a testament to our commitment to quality and precision. The sashimi is exceptionally fresh, with each slice showcasing the true essence of the ocean's bounty. Our nigiri, on the other hand, is a delightful blend of vinegared rice and premium fish, creating a harmonious symphony of tastes. While the sushi is undoubtedly the highlight, our dumplings are equally impressive. Filled with succulent fillings and perfectly seasoned, they are a perfect complement to our sushi offerings. Whether you crave the delicate taste of fresh seafood or the comforting warmth of a well-crafted dumpling, our menu has something for everyone. We understand that dining out can sometimes be an expensive affair, but our prices reflect the exceptional quality of our food and service. We strive to provide an experience that justifies every penny spent. Our cozy seating arrangement and friendly staff make your dining experience memorable and enjoyable. We invite you to join us at our sushi haven and indulge in the superb flavours that await. Whether you're celebrating a special occasion or simply craving a delicious meal, we look forward to welcoming you to our family..",5,5,3,5,5,5,5,N/A,N/A,5,1,5,5,5,3,5,N/A,N/A,5,"Chrome:
- not sure the user would wanted social mssg to responde to the personal reviews and plans. I think chrome failed to *read* context of the situation.

Edge:
- punctuation
- hallucinates. prompt specifically says the seating was weird but the answer says ""cozy seating"". mentions menues outside the prompt. ",4.71,4.14,TRUE,
S,Use Case 2: Composition,Generative,"I had breakfast at 7AM and walked out of my house at exactly 7:15 AM. I met Mr. Bhatia in the lift and we talked about new GST rates and current market trends. He always has a lot of information on such topics and I really find that interesting. He had me for 15 minutes and I had to tell him that I was getting late to the office. Well, I drove to my office and reached around 8:30 AM. I was called for a meeting with the CEO Ms. Reema Roy at 9 AM, so, I had to prepare all the notes and update the numbers that I was asked to deliver. It was a productive day at the office. At 6:30 PM, I met a few of my friends, Ria, Jenny and Nishtha, we had coffee, this is my favorite cafe in town. We meet regularly at this cafe, for the past 10 years. Apar from the richest, creamiest coffee, and absolutel magnificient tea cakes, this place really has brough us all together. It is quiet and cozy and we are never asked to leave, in this busy life, this small cafe with my friends is truly my solace. Create a social media post about the user's meeting with their friends at the cafe. There should not be any introductory lines like ""Here's a social media post..""",Prompt,"☕️✨ Solace found. ✨☕️ Another day conquered, but nothing beats catching up with my amazing crew – Ria, Jenny, and Nishtha – at our little haven! This cafe, with its richest coffee, most magnificent tea cakes, quiet corners, and unwavering welcome, has been our constant for the past 10 years. It's more than just a coffee shop; it's a place where memories are made and friendships are strengthened. 💖 In this busy world, this little cafe and these wonderful women are truly my solace. 🥰 #friends #cafe #solace #goodtimes #friendship #coffeetime #tea #memories #favoriteplace #grateful","📣 Just spent a cozy evening with my amazing friends Ria, Jenny, and Nishtha at my favorite cafe! 🍘✨ 10 years of friendship, rich coffee, and tea cakes galore. It's the perfect place to unwind in the midst of a busy life. Miss you all! 💜 #CoffeeLovers #Friendship #SolaceInTheCafeCafe",5,5,5,5,5,5,5,N/A,N/A,5,5,5,5,5,5,5,N/A,N/A,2,"the tone manner of 2 repsonses are quite different. 

Though both could work, I feel Edge's response is more personal and suitable for the personal social mediea. 
(but the prompt didn't specify the tone so giving intent 5 for both)",5.00,5.00,FALSE,
S,Use Case 2: Composition,Generative,"I had breakfast at 7AM and walked out of my house at exactly 7:15 AM. I met Mr. Bhatia in the lift and we talked about new GST rates and current market trends. He always has a lot of information on such topics and I really find that interesting. He had me for 15 minutes and I had to tell him that I was getting late to the office. Well, I drove to my office and reached around 8:30 AM. I was called for a meeting with the CEO Ms. Reema Roy at 9 AM, so, I had to prepare all the notes and update the numbers that I was asked to deliver. It was a productive day at the office. At 6:30 PM, I met a few of my friends, Ria, Jenny and Nishtha, we had coffee, this is my favorite cafe in town. We meet regularly at this cafe, for the past 10 years. Apar from the richest, creamiest coffee, and absolutel magnificient tea cakes, this place really has brough us all together. It is quiet and cozy and we are never asked to leave, in this busy life, this small cafe with my friends is truly my solace. Act as a blogger and write a blogpost for my food and travel website that focuses on the my lifestyle given in the paragraph. Make it fun and interesting, and have a paragraph focused on ""Bringing friends together"". It should not be more than 350 words. Please avoid mentioning any introductory statements in the response. ",Prompt,"## Mornings, Meetings & Midnight Sun-Kissed Coffee ☕️ My mornings are a whirlwind of activity! A quick breakfast at 7 AM, a brisk walk to the lift at 7:15 AM, and then… a fascinating chat with Mr. Bhatia about GST rates and market trends. He truly is a fountain of knowledge, and I always leave our conversations feeling more informed (and slightly overwhelmed!). The commute to the office is a focused one – gotta make that 8:30 AM deadline. Thankfully, I’m always prepared, thanks to those crucial notes and number updates for the upcoming meeting with Ms. Reema Roy. It’s always a productive day, and I genuinely enjoy the challenge. But the day isn’t just about work. The highlight, as always, is catching up with my amazing friends – Ria, Jenny, and Nishtha – at our beloved cafe. For the past decade, this little haven has been our sanctuary. It’s more than just the richest, creamiest coffee and absolutely magnificent tea cakes; it’s the feeling of connection and shared history. This cafe isn't just a place; it's a memory-making machine. **Bringing Friends Together:** It’s incredible how a simple cup of coffee can weave so many stories and strengthen bonds. In today's fast-paced world, finding time for genuine connection is a gift. This cafe has been a constant in all of our lives, a reliable anchor amidst the chaos. Sharing laughter, venting frustrations, and celebrating small victories – it’s these moments, fuelled by caffeine and delicious treats, that truly nourish the soul. It's these little pockets of joy – insightful conversations, productive work, and cherished friendships – that make life so wonderful. And honestly, what’s not to love about that?","As the sun peeks over the horizon at 6:30 AM, my day begins with a delightful coffee rendezvous at my favorite cafe, where the rich aroma of freshly brewed coffee lingers in the air, and the warmth of the tea cakes melts my worries away. This isn't just any cafe; it's a sanctuary where I meet Ria, Jenny, and Nishtha—my closest friends—every weekend for the past decade. The walls echo with laughter and stories, creating a cozy haven in the bustling city life. Our mornings start with a brisk walk to the cafe, where we greet the barista, Apar, with our usual cheerful banter. The coffee here isn’t just a drink; it's an experience. Apar crafts each cup meticulously, ensuring that every sip is a blend of comfort and excitement. The tea cakes are another marvel, with their flaky layers and rich, buttery filling that make them irresistible. It's not just food; it's a celebration of friendship and warmth. Meeting up with friends at this quaint cafe isn't just about savoring the creamiest coffee or indulging in the finest tea cakes; it's about creating memories that last a lifetime. The cafe has witnessed countless conversations, shared secrets, and joyous moments, binding us closer with each visit. It's a place where the outside world fades away, replaced by the comfort of familiar faces and heartfelt conversations. As we settle into our favorite corner, the cafe transforms into our personal haven, where we escape from the hustle and bustle of everyday life. The quiet ambiance and the sense of belonging make it a perfect retreat. Here, we're never hurried, never asked to leave. It's a rare gem in the busy city life, a place where we can unwind and reconnect without any rush. In a world that often feels chaotic and disconnected, this small cafe with my friends stands as a beacon of solace and togetherness. It's a testament to the simple joys of life—rich coffee, delectable tea cakes, and the laughter of good friends. It's a reminder that amidst the whirlwind of daily responsibilities, there are moments of pure bliss that we should cherish and never let go. So, here's to my favorite cafe and the beautiful bond it nurtures with my friends—Ria, Jenny, and Nishtha—my cherished companions in this journey of life..",5,5,5,5,5,5,5,N/A,N/A,5,1,5,5,5,3,5,N/A,N/A,1,"Edge:
- hallucinate: (timeline, mistakes users' typo with name, frequency)
- violates constrinat (350 words)
- punctuation

Chrome has more explicit ""bring friends together"" sentence, while Edge's implied.",5.00,4.14,TRUE,
S,Use Case 2: Composition,Generative,"Amazon Reviews for Levellers Coat Rack:

Ronit (5 Star): I have always struggled with all the extra things that people bring through the door, coats, small bags, packets etc. But this stand totally solved this issue of mine! This is a great product at a super reasonable price!!

Suyansh (1 Star): Looks are decieving. The picture makes this stand seem like a sexy, sturdy, metallic black rack. That would hold all the coats and other hanging objects well. But since this has come, I have realised I could have stood with the stuff and would be better at doing the job than this stand. This looks like a cheap platic material, and is so thin, it looks like it will collapse if a fly sits on it. 

Sumit (3.5 stars): Pros: Appearance of the stand is nice. The hooks are sturdy. Good colour and finish. Cons: 3 leg stand is not balanced at all, better to have 4 legs. The plastic spacers are not good and is very loose. Just not very stable and sturdy

Sultana (3 Star): It is a lightweight and good metal, but the standing stability is really bad. Can you make a positive review about a mattress based on the type of language the review given uses. Make it funny and start with Suyansh's review and keep the jokes. The response should not have any intro sentences like ""Here's the product review...""",Prompt,"Suyansh (1 Star): Looks are deceiving. The picture makes this stand seem like a sexy, sturdy, metallic black rack. That would hold all the coats and other hanging objects well. But since this has come, I have realised I could have stood with the stuff and would be better at doing the job than this stand. This looks like a cheap plastic material, and is so thin, it looks like it will collapse if a fly sits on it. Okay, let's talk about this mattress. Honestly, I was expecting something that would defy gravity, like that coat rack. The pictures promised a plush cloud of comfort, a veritable Everest of slumber. What arrived… well, let's just say it resembled a slightly deflated bouncy castle. It's lightweight, yes, almost *too* lightweight. I swear, I could probably roll this thing to the other side of the room without breaking a sweat. And the metal frame? It’s got a nice sheen, like a fancy toaster. The mattress itself is a good metal, I'll give it that, though the plastic spacers felt suspiciously loose, like they were contemplating a daring escape. The problem is, it’s utterly unbalanced. I’ve tried every sleeping position imaginable - starfish, fetal, even a vaguely pretzel-like contortion - and it’s just… wobble-y. I'm pretty sure it's plotting a slow-motion collapse. Honestly, I’m starting to suspect the company secretly tests these mattresses with squirrels. It's not exactly stable, and I’m pretty sure if I breathe too hard, it'll fold in half. But hey, at least it *looks* nice! Maybe I can use it as a decorative ottoman… or a really elaborate fort.","Suyansh (1 Star): I was sold on the sexy, sturdy, metallic black mattress. I thought it would be perfect for my cozy reading nook. But boy, was I wrong! This mattress is as flimsy as a house of cards in a hurricane. I can barely lift it off the floor. It's like trying to sleep on a cloud. My back is screaming, and I feel like a contortionist trying to fit into my bed. Save your money, folks, and look elsewhere. This mattress is a nightmare in disguise..",5,5,1,5,5,1,5,N/A,N/A,5,1,1,5,5,1,5,N/A,N/A,1,"Both:
- fail constraints: request ""positive"" review
- fail to understand context: prompt itself is a bit ambiguous (start with Suyansh's review style) but it didn't mean to repeat Suyansh's review or use her name.
- factually wrong. guess both didn't take ""matress"" into context.
(Chrome: mattress itself is a good metal...?
(Edge: metallic black mattress...?flimsy...? lift it off the floor??)",3.86,3.29,TRUE,
S,Use Case 2: Composition,Generative,"Subject: Visit to a small village named Sittong in Darjeeling

Hey Shreeni,

Hope you're doing well. Sorry I couldn't reply to your email earlier as I have been traveling but I'm really excited to tell you what I experienced in this small village Sittong in darjeeling. It's a really beautiful Something I have never experienced before. As the day ended, there were less vehicles on the road and the streets were almost empty. Autumn air just hits differently. It seemed like an ordinary day, but was peaceful in its own way. I feel some days we just need to change our perspectives and look at things in a different way. People are at home, spending time with their families, lighting candles, and sipping hot tea. People here mostly like fruity and floral aroma in their tea. They talk about Second Flush Muscatel tea a lot here, it's a black tea harvested typically in May to June. I will get it for you. Days here in this small village remind us of how slow days can make life simpler and better. These little moments make us appreciate the serenity of small-town life and people hardly run after things, have time to breathe and enjoy the beauty of the world around them. 

Waiting to hear about your days in London. 

Love,
PreetiRead the given paragraph about the writer's experience in Sittong and add more sentences after ""They talk about Second Flush Muscatel tea a lot here, it's a black tea harvested typically in May to June."" The sentences should be about the harvesting process of tea in Darjeeling. Any kind of introductory line in the response. ",Prompt,"Hey Shreeni, Continuing from my previous thoughts on Sittong, I was fascinated to learn more about how the tea is actually harvested in Darjeeling. The process is quite intricate and relies heavily on skilled labor. Traditionally, the leaves are hand-picked, a painstaking task that ensures only the youngest, most tender buds and leaves are selected. This hand-picking is crucial because it preserves the delicate flavor profile that Darjeeling tea is famous for. The workers meticulously select each leaf, ensuring quality and preventing damage. It's a labor of love, really, and a vital part of the region's cultural heritage. The entire process is deeply connected to the seasons, and the timing of the harvest is meticulously planned to maximize the tea's flavor. Love, Preeti","They talk about Second Flush Muscatel tea a lot here, it's a black tea harvested typically in May to June. The harvesting process of tea in Darjeeling is quite meticulous and labor-intensive. The tea leaves are handpicked by skilled laborers to ensure that only the best leaves are chosen. Once picked, the leaves are sorted and graded before being bundled together. The Second Flush Muscatel tea undergoes a unique drying process, which involves spreading the leaves out in the sun for several hours. This method helps to preserve the natural flavors and aromas of the tea leaves. The tea leaves are then carefully packaged and sent to various regions, including Darjeeling, where they are eagerly awaited by tea enthusiasts. The Second Flush Muscatel tea is highly prized for its rich flavor and aromatic qualities, making it a favorite among tea lovers. In addition to Second Flush Muscatel tea, Darjeeling also produces other varieties of tea, each with its own unique characteristics and flavor profiles. However, Second Flush Muscatel tea continues to hold a special place in the hearts of tea connoisseurs and locals alike. The tea-growing season in Darjeeling typically lasts from April to October, with the Second Flush Muscatel tea being the highlight of the season. The tea gardens are carefully tended by experienced tea growers, who ensure that the tea plants receive the necessary care and attention throughout the year. Overall, the tea-growing process in Darjeeling is a labor of love, with each step carefully carried out to produce the highest quality tea leaves. The Second Flush Muscatel tea is a testament to the dedication and skill of the tea growers in Darjeeling and continues to captivate tea lovers worldwide..",5,1,4,5,5,5,5,N/A,N/A,5,1,4,5,5,5,5,N/A,N/A,1,"*ambiguous prompt: ""Any kind of introductory line in the response.""?

Chrome: 
- fails constraint: put it after ...

Edge:
- exceeds contraints: requested ""harvesting process"" but goes beyond that.
",4.29,4.29,TRUE,
S,Use Case 3: User Intent Classification,Classification,"I want to plant a bonsai tree in my garden and have never planted anything before. Should it be in a pot or the ground? What should a first timer who has an interest to grow bonsai trees know? Does it require too much maintenance? What kind of soil does a bonsai need? Also, are there different types of bonsai trees we should know about? I could really use some beginner advice.What type of plant is a bonsai? Answer this question ONLY if the user query mentions a recipe of any kind.

The response should not include an introductory sentence in the beginning.",Prompt,"A bonsai tree is a living plant, typically a woody plant, that is meticulously pruned, shaped, and styled to resemble a mature tree in miniature. It's not a specific *type* of plant, but rather a *style* of growing trees. Common bonsai species include Japanese Maple, Juniper, Pine, Elm, and many others. **Pot vs. Ground:** Most bonsai trees are grown in pots. This offers several advantages for beginners: * **Control:** You have complete control over the soil composition and watering. * ** portability:** You can move the tree to protect it from harsh weather or to optimize sunlight exposure. * **Accessibility:** Easier to manage pests and diseases. While it's *possible* to grow bonsai directly in the ground (often called ""ground-reared"" bonsai), it's more complex for a beginner. Ground-reared bonsai require careful consideration of drainage, soil composition, and root pruning. **Beginner Tips:** * **Start Simple:** Choose an easy-to-care-for species like Juniper (Juniperus procumbens 'Nana') or Chinese Elm (Ulmus parvifolia). These are more forgiving for beginners. * **Light Requirements:** Understand the light needs of your chosen species. Most bonsai need at least 4-6 hours of sunlight per day. * **Watering:** Bonsai soil dries out quickly, so consistent, thorough watering is crucial. Don't let the soil dry completely, but avoid overwatering. Water when the top inch of soil feels dry. The frequency will depend on climate, pot size, and plant type. * **Fertilizing:** Bonsai require regular fertilization, especially during the growing season (spring and summer). Use a balanced fertilizer formulated for bonsai. * **Pruning:** Regular pruning is essential to maintain the tree's shape and size. There are two main types: * **Structural Pruning:** Done to establish the basic framework of the tree. * **Maintenance Pruning:** Done to control growth and maintain the desired shape. * **Repotting:** Repotting is necessary every 1-5 years, depending on the species and age of the tree. This refreshes the soil and allows you to prune the roots. Spring is generally the best time to repot. * **Pest Control:** Inspect your bonsai regularly for pests. Common pests include aphids, spider mites, and scale. Treat infestations promptly. **Maintenance:** Bonsai *can* require a fair amount of maintenance, but it doesn't have to be overwhelming. The amount of maintenance depends on the species, the style you want to achieve, and your level of dedication. Expect to spend 1-2 hours per month on watering, pruning, fertilizing, and general care. It is more maintenance than a typical potted plant, but not excessively difficult. **Soil:** Bonsai soil is different from regular potting soil. It needs excellent drainage and aeration. A typical bonsai soil mix consists of: * **Akadama:** Hard-baked Japanese clay granules. Provides good aeration and water retention. * **Pumice:** Volcanic rock that improves drainage. * **Lava Rock:** Adds drainage and aeration. * **Kiryu (optional):** Another type of Japanese clay, even more porous than akadama.","Bonsai trees are miniature trees grown in containers. They can be planted in pots or placed in the ground, but pots are often preferred for easier management and aesthetics. As a first-time bonsai planter, it's essential to understand that bonsai trees require regular maintenance and patience. They need careful watering, feeding, and pruning to maintain their shape and health. The soil for bonsai trees should be well-draining and rich in organic matter. A mix of potting soil, sand, and compost is commonly used. There are various types of bonsai trees, including deciduous, coniferous, and fruit-bearing species. Each type has its specific care requirements and growth patterns. It's advisable to research the specific type of bonsai you wish to grow to understand its unique needs. Bonsai trees are living plants that require consistent care and attention. They are not plants that can be grown without effort or maintenance..",N/A,N/A,N/A,N/A,N/A,N/A,N/A,N/A,5,N/A,N/A,N/A,N/A,N/A,N/A,N/A,N/A,4,1,"Both:
- violates constraints: Answer this question ONLY if the user query mentions a recipe of any kind.

Edge:
- punctuation
- wrong fact: ""Rich in organic matter"" is not the best advice for a beginner according to Bonsai Empire.",5.00,4.00,TRUE,
S,Use Case 3: User Intent Classification,Classification,"I want to plant a bonsai tree in my garden and have never planted anything before. Should it be in a pot or the ground? What should a first timer who has an interest to grow bonsai trees know? Does it require too much maintenance? What kind of soil does a bonsai need? Also, are there different types of bonsai trees we should know about? I could really use some beginner advice.Please determine if the query is a research paper or not. If it is, then ask the user for more details like the size of the user's garden.

The response should not include an introductory sentence in the beginning.",Prompt,"This query is **not** a research paper. It's a request for beginner-level advice on bonsai cultivation. Here's some beginner advice for growing bonsai trees, addressing your questions: **Pot or Ground?** Most bonsai trees are grown *in pots*. This is because it allows for better control over the soil composition, drainage, and overall environment. Growing bonsai directly in the ground is less common and presents challenges with soil management, root pruning, and portability. While some species can be acclimated to outdoor conditions and occasionally planted in the ground (often in a specific location for seasonal enjoyment), it’s not the typical bonsai approach. **Beginner's Guide to Bonsai:** * **Start Simple:** Choose an easy-to-care-for species like a Juniper, Chinese Elm, or Japanese Maple. These are more forgiving of beginner mistakes. Avoid delicate species initially. * **Research Your Chosen Species:** Each bonsai species has specific needs (sunlight, watering, pruning). Understand these before you begin. A good starting point is to find a reputable bonsai society or club in your area. * **Watering is Key:** Bonsai in pots dry out quickly. Check the soil moisture daily. Water thoroughly when the top inch of soil feels dry to the touch. Avoid overwatering, which can lead to root rot. Proper watering involves ensuring the water drains freely. * **Pruning is Essential:** Regular pruning maintains the tree's shape and size. There are two main types: * *Maintenance pruning:* Removing new growth to keep the shape. * *Structural pruning:* Removing larger branches to create the overall design. * **Repotting:** Bonsai trees need repotting every 1-5 years, depending on the species and age. Repotting refreshes the soil and allows for root pruning, which keeps the tree small. Typically, repotting is done in early spring. * **Fertilizing:** Bonsai need regular fertilization during the growing season. Use a balanced bonsai fertilizer, following the instructions on the package. **Maintenance:** Yes, bonsai *does* require maintenance, but it's manageable. The frequency depends on the species, but expect to spend a few minutes most days checking moisture levels, and several hours a month on pruning and shaping. Repotting is a more involved task, usually done annually or every other year. It's not overly demanding, but requires consistent attention. **Soil:** Bonsai soil is *very* different from regular potting soil. It needs to provide excellent drainage, aeration, and water retention. A typical bonsai soil mix consists of: * **Akadama:** Hard-baked Japanese clay granules. Provides good water retention and drainage. * **Pumice:** Lightweight volcanic rock. Improves drainage and aeration. * **Lava Rock:** Another lightweight volcanic rock, similar to pumice. * **Kiryu:** Another Japanese clay, often used for pine bonsai. The exact ratio of these components will vary depending on the species. Avoid using regular potting soil as it will compact and impede drainage. **Types of Bonsai Trees:** * **Deciduous:** Lose their leaves seasonally (e.g., Japanese Maple, Elms, Oaks). Offer vibrant fall colors. * **Evergreen:** Retain their leaves year-round (e.g., Juniper, Pine, Spruce). Provide year-round greenery. * **Coniferous:** Typically evergreen, characterized by cones (e.g., Pines, Firs, Cedars). * **Tropical:** Thrive in warmer climates (e.g., Ficus, Serissa, Bougainvillea). Often grown indoors. To provide more tailored advice, could you tell me approximately how large your garden is? Knowing this will help in suggesting suitable species and locations for your bonsai, considering your space.","Bonsai trees can indeed be grown either in pots or directly in the ground. For beginners, it's generally recommended to start with pots as they offer more control over soil, moisture, and nutrients. Bonsai trees require a bit of maintenance, including regular watering, pruning, and sometimes repotting. The soil for bonsai trees should be well-draining and rich in organic matter. There are many types of bonsai trees, ranging from conifers to deciduous trees, each with their unique care requirements. Understanding the specific needs of your chosen bonsai type will help you provide the right care. Bonsai trees are not overly maintenance-intensive compared to some other plants, but they do require regular attention to thrive. Different bonsai trees have varying needs in terms of sunlight, watering, and pruning, so it's important to research the specific requirements of the type you're interested in..",N/A,N/A,N/A,N/A,N/A,N/A,N/A,N/A,5,N/A,N/A,N/A,N/A,N/A,N/A,N/A,N/A,4,1,"Chrome:
- violates constraints: no introductory

Edge:
- punctuation
- wrong fact: ""Rich in organic matter"" is not the best advice for a beginner according to Bonsai Empire.
- doesn't fully answer: Also, are there different types of bonsai trees we should know about?",5.00,4.00,TRUE,
S,Use Case 3: User Intent Classification,Classification,"Brew a strong shot of espresso or use a strong coffee (about 1 oz).
Fill a glass with ice cubes.
Pour the hot espresso or coffee over the ice.
Add 1/2 cup of oat milk (or any milk of choice).
Stir to combine.
Optionally, add sweetener (like sugar or simple syrup) to taste.

Okay, so I tried making an iced oat milk latte at home, following this recipe I found online, and it was a disaster. I used the same oat milk brand I always get, but it didn’t taste like the ones I get at cafes at all. The texture was off, and it had this weird aftertaste. Do I need more oat milk or something else? Or maybe I should try a different coffee? Anyone know what I’m doing wrong? #IcedLatteFail #NeedCafeVibes #Help #CoffeeStrugglesPlease read the query and state if it's a research article or a traffic report.

Please make sure to not include an introductory sentence in the response.",Prompt,"This is neither a research article nor a traffic report. It's a personal anecdote describing a failed attempt to make an iced oat milk latte, seeking troubleshooting advice. Here's a breakdown of potential issues and suggestions based on the query: **Possible Issues:** * **Oat Milk Brand:** As you've already suspected, the oat milk brand is a likely culprit. Oat milk varies significantly in flavor and texture depending on the brand. Some are better suited for barista use than others. * **Oat Milk Formulation:** Look for oat milks specifically labeled ""barista blend."" These are formulated to create a smoother, creamier texture and froth better. They often have higher fat and protein content. * **Temperature:** If the espresso was too hot, it might have scalded the oat milk, altering its flavor. * **Coffee Type:** The type of espresso or coffee used can influence the final taste. A bolder roast might not complement oat milk as well as a milder one. * **Stirring:** Insufficient or improper stirring can result in uneven mixing and a less palatable texture. **Suggestions:** * **Try a Barista Blend Oat Milk:** This is likely the single biggest improvement you could make. Oatly Barista Edition, Oatly Barista Creations, Califia Farms Barista Blend, and Silk Barista Edition are popular options. * **Experiment with Coffee:** Consider a medium-dark roast. * **Adjust Milk Quantity:** Start with 1/2 cup and adjust to your liking. Some oat milks can be quite thick. * **Consider a Frother:** While not essential, a milk frother can help create a smoother, more cafe-like texture. * **Sweetener:** Experiment with different sweeteners. Simple syrup dissolves easily and integrates well.",Research Article Article,N/A,N/A,N/A,N/A,N/A,N/A,N/A,N/A,5,N/A,N/A,N/A,N/A,N/A,N/A,N/A,N/A,1,1,"Chrome:
- violates constraints: no introductory
- introductory is weird. maybe a previous prompt is affecting?

Edge:
- failed to answer",5.00,1.00,FALSE,
S,Use Case 3: User Intent Classification,Classification,"User 1: Can’t log into Gmail, need help fast! Anyone know how to fix this? I’ve been trying to log into my Gmail, but I keep getting this error: ‘Wrong password. Try again.’ I’m 100% sure my password is correct, and when I try the ‘Forgot Password’ option, it doesn’t work. I’ve got a university application deadline soon, and all my docs are in my email. If I don’t get in today, I’ll miss the deadline. Any tips??

User 2: Try clearing your browser’s cache or use a different browser. Sometimes Gmail has issues with that. Also, check if you’ve linked a phone number for recovery it can help you reset faster.

User 3: Had the same problem. Google locked me out once, but I was able to recover using my phone number for verification. You might also want to try contacting Google support if nothing works.Is the user trying to ask how they can create an email account? If so, then please ask the user to provide their desired email address.

Don't include an introductory sentence in the response.",Prompt,"No, the user is **not** trying to create an email account. They are already having trouble logging into an existing Gmail account. The responses provided are focused on troubleshooting a login issue, suggesting solutions like clearing the browser cache, using a different browser, and utilizing phone number recovery. They also recommend contacting Google support if other methods fail.",What email address would you like to create an account for??,N/A,N/A,N/A,N/A,N/A,N/A,N/A,N/A,5,N/A,N/A,N/A,N/A,N/A,N/A,N/A,N/A,1,1,"Edge:
- failed the logic check",5.00,1.00,FALSE,
S,Use Case 3: User Intent Classification,Classification,"Stree is an absolute delight! A perfect blend of horror and comedy, it keeps you laughing and guessing the whole time. Rajkummar Rao is fantastic, and the quirky small-town vibe adds so much charm. The story is clever, the dialogues are hilarious, and the message is surprisingly meaningful. A must-watch!
If the query has a reddit thread, please provide the city the user query is set in.

Be sure not to include an introductory sentence in the response.",Prompt,Mumbai.,MumbaiMumbai,N/A,N/A,N/A,N/A,N/A,N/A,N/A,N/A,1,N/A,N/A,N/A,N/A,N/A,N/A,N/A,N/A,1,5,"Both:
- failed logic check: one can't tell if it's a reddit thread. even if one do, there's no user location info.

Edge:
- repetition in answer",1.00,1.00,FALSE,
S,Use Case 3: User Intent Classification,Classification,"As excitement builds for James Gunn's new Superman movie, many fans are wondering: Do I need to watch Smallville to understand the new Superman story? The quick answer is no. While Smallville tells viewers about Clark Kent's teenage years and early struggles with his powers, it’s not essential to understanding the upcoming Superman film. James Gunn’s movie will start fresh, offering a new take on the character, separate from the storylines explored in the 10-season TV series. If you're already familiar with Superman’s backstory, you can jump right into the new film without missing much. However, if you’re a fan of character-driven stories and want to explore Clark’s origins in more depth, Smallville is worth a watch. Just don’t expect it to connect directly to the new Superman.
#supermanmovie #dcfranchise #jamesgunnCategorize the user's query into one of the following:
1. Generic research abstract
2. Movie review
3. Product complaint
4. News article
5. Blog post
6. Research report
7. Social media post
8. Personal memoir
9. Advertisement text
10. Academic essay
11. Debate script
12. Poem
13. Instruction manual
14. Product description
15. Customer service inquiry
16. Interview transcript
17. Opinion article
18. Press release
19. Travel guide or experience write-up
20. Recipe
21. Short story
22. Forum discussion
23. Business correspondence

The response should not include an introductory sentence in the beginning.",Prompt,News article,7. Blog post post,N/A,N/A,N/A,N/A,N/A,N/A,N/A,N/A,1,N/A,N/A,N/A,N/A,N/A,N/A,N/A,N/A,1,1,"Both:
- wrong: due to #tags, it's likely to be a social media post. 

Edge:
- not grounded: wrong numbering",1.00,1.00,FALSE,
S,Use Case 4: Generate tags,Generative,"Hi John, these are the top 8 product reviews for the new Linen Curtains we started selling on Amazon. I thought this could be helpful to use for the Variety Article and we can use these highlight points for the Instagram reel. 

Here is the general brief: Customers seem to find the curtains to be of good colours, good quality, and that it ties their room well together. The fabric seems to be appreciated by many and some describe this as a value for money.  However there were a few that complained about the colour fading and some defect pieces being given to them. 

Suyash *****: Great curtains! They block light relatively well and feel durable. The colour options are also fantastic. 

Sobhi ****: The color is exactly as shown, I bought both the sheer and the opaque ones of the same brand, and they look great together as a set. This is very well stitched and of great value especially because of the price point. 

AllaboutArtists *****: The product is just as expected and packaged well, clean, and ironed. 


RajakVohra *****: The beauty of the room has increased since I bought the curtains, they look fantastic!

RichaR. *****: Excellent quality and good size options

Raghav A **: The colour faded without even washing it, this happened within 6 Months of purchase. 

Gevesh D * : I want to give this one star because this was badly packaged and the curtains came to me in 2 parts, and was damaged. 


Ashwin V *****: Good colour and blocks light well. Would definitely purchase more for other rooms

Let me know if you need anything else. 

Best, 
ReshamPlease create some tags for a Twitter post about this product.  Please don't give an introductory sentence like ""Here are tags for Twitter""",Prompt,#LinenCurtains #AmazonFinds #HomeDecor #WindowTreatments #CurtainLove #InteriorDesign #ValueForMoney #GoodQuality #RoomMakeover #LightBlocking #ColorOptions #NewArrival #ShopNow #HomeEssentials #Resham,#LinenCurtains #HomeDecor #ValueForMoney #LightBlocking #DurableCurtains #GreatColorOptions #Amazon #CustomerReview #HomeStyling #InteriorDesign #QualityHomeGoods #BrightenUpYourRoom #LightFiltering #StylishCurtains #AmazonDeals #InteriorDesignTips #HomeImprovement #HomeDecorIdeasIdeas,5,5,5,5,5,4,5,N/A,N/A,5,5,5,4,5,3,5,N/A,N/A,2,"Chrome:
- include's name as #tag

Edge:
- repeats last word
- not grounded: DurableCurtains? AmazonDeals?",4.86,4.57,FALSE,
S,Use Case 4: Generate tags,Generative,"Hi John, these are the top 8 product reviews for the new Linen Curtains we started selling on Amazon. I thought this could be helpful to use for the Variety Article and we can use these highlight points for the Instagram reel. 

Here is the general brief: Customers seem to find the curtains to be of good colours, good quality, and that it ties their room well together. The fabric seems to be appreciated by many and some describe this as a value for money.  However there were a few that complained about the colour fading and some defect pieces being given to them. 

Suyash *****: Great curtains! They block light relatively well and feel durable. The colour options are also fantastic. 

Sobhi ****: The color is exactly as shown, I bought both the sheer and the opaque ones of the same brand, and they look great together as a set. This is very well stitched and of great value especially because of the price point. 

AllaboutArtists *****: The product is just as expected and packaged well, clean, and ironed. 


RajakVohra *****: The beauty of the room has increased since I bought the curtains, they look fantastic!

RichaR. *****: Excellent quality and good size options

Raghav A **: The colour faded without even washing it, this happened within 6 Months of purchase. 

Gevesh D * : I want to give this one star because this was badly packaged and the curtains came to me in 2 parts, and was damaged. 


Ashwin V *****: Good colour and blocks light well. Would definitely purchase more for other rooms

Let me know if you need anything else. 

Best, 
ReshamThe customer comments will be used in the Instagram reels along with some images of the curtains, can you please make the most useful tags for this reel? Do not use introductory sentences like ""Here are tags for the reel""",Prompt,#linencurtains #curtainsofinstagram #homedecor #interiordesign #amazonfinds #valueformoney #qualitycurtains #roomtransformation #lightingcontrol #fabriclover #stylishhomes #newarrivals #amazonbestsellers #decorinspo #homeinspo #curtainstyle #colourfuldecor #durablecurtains #easycarecurtains #sheercurtains #opacestours,"Sure, here are some useful tags for the Instagram reel: 1. Linen Curtains 2. Home Decor 3. Interior Design 4. Curtains 5. Curtains Amazon 6. Curtains Review 7. Curtains Quality 8. Curtains Value 9. Curtains Color 10. Curtains Set 11. Curtains Light Block 12. Curtains Durability 13. Curtains Packaging 14. Curtains Faded 15. Curtains Defect 16. Curtains Set Review 17. Curtains Beautiful 18. Curtains Stylish 19. Curtains Room Enhancement 20. Curtains Great Value I hope this helps with your Instagram reel!!",5,5,5,5,5,3,5,N/A,N/A,5,1,2,5,5,5,1,N/A,N/A,1,"Chrome:
- not grounded: amazonbestsellers? durablecurtains? easycarecurtains?

Edge:
- failed constraint: introductory, not #tags
- doen'st understand intent: Curtains Faded/Defect, Review",4.71,3.43,FALSE,
S,Use Case 4: Generate tags,Generative,"I finally decided to do my Great Himalayan Adventure. For those of you who aren’t following along, about 1 year ago I started saving up for a road trip in Himachal on my Himalayan. The Himalayan is a classic Royal Enfield Bike, all of its 450 ccs is built for a great wild adventure. I just didn’t know how big of an adventure it would be. 

I left for Himachal from Delhi on my Himalayan, and as fate would have it, I ran into trouble 7-8 hours into the drive. There was a massive pile up on the Himalayan Expressway, and the reason was because a Bollywood Movie was being shot. Truly, only in India will the national highway of the country be shut for a Salman Khan movie. The reason this was trouble for me was because I needed to get to Dharamshala before the nightfell, and this movie shoot was sure to add at least 1 more hour to my already delayed schedule. 


But the amazing thing about the Himalayas is that even if you get stuck on a national Highway, the beauty around you is magnificent. The rivers flowing, the himalayas in the distance, it all feels like you aren’t on a trip to the mountains, but on a journey to the mountains, and this journey is why the Great Himalayan adventure means so much to me. For a person who didn’t start traveling till they turned 25, this was truly a dream in the making. And to do it being sponsored by Royal Enfield and on their Himalayan was an even crazier. The traffic is just about clearing up now, follow along to find out what else happens with me on this great adventure. The paragraph gives some info about a person and their dreams, make some tags for this person's online bio that encapsulates the above information. Avoid the usage of any itrnoductory sentences like ""Here are the tags about...""",Prompt,#HimalayanAdventure #RoyalEnfield #HimalayanBike #RoadTripIndia #Dharamshala #BollywoodChaos #TravelDream #AdventureTravel #SoloTravel #MountainJourney #DreamComeTrue #NewTraveler #TravelSponsored #IndiaRoadTrip #ScenicViews #Himalayas #TravelGram,1. #GreatHimalayanAdventure 2. #AdventureSeeker 3. #RoyalEnfieldHiker 4. #HimalayanDreamer 5. #TravelAtHeart 6. #BollywoodRoadTrip 7. #JourneyToTheHim 8. #AdventureSponsoredByRoyalEnfield 9. #HimalayanExpresswayExperience 10. #DreamAt25 11. #AdventureLife 12. #HimalayanRivers 13. #BollywoodMovieShoot 14. #TravelAtHeart 15. #RoyalEnfieldHiker 16. #AdventureLifeOnHimalayasayas,5,5,4,5,5,5,5,N/A,N/A,5,3,3,4,5,2,5,N/A,N/A,1,"Chrome:
- intent: Dharamshala is one a destination. not suitable for bio #

Edge:
- format: numbering #, repetition
- intent: HimalayanExpresswayExperience, HimalayanRivers, BollywoodMovieShoot
- not grounded: RoyalEnfieldHiker, BollywoodRoadTrip, DreamAt25
- glitch: AdventureLifeOnHimalayasayas",4.86,3.86,FALSE,
S,Use Case 4: Generate tags,Generative,"I finally decided to do my Great Himalayan Adventure. For those of you who aren’t following along, about 1 year ago I started saving up for a road trip in Himachal on my Himalayan. The Himalayan is a classic Royal Enfield Bike, all of its 450 ccs is built for a great wild adventure. I just didn’t know how big of an adventure it would be. 

I left for Himachal from Delhi on my Himalayan, and as fate would have it, I ran into trouble 7-8 hours into the drive. There was a massive pile up on the Himalayan Expressway, and the reason was because a Bollywood Movie was being shot. Truly, only in India will the national highway of the country be shut for a Salman Khan movie. The reason this was trouble for me was because I needed to get to Dharamshala before the nightfell, and this movie shoot was sure to add at least 1 more hour to my already delayed schedule. 


But the amazing thing about the Himalayas is that even if you get stuck on a national Highway, the beauty around you is magnificent. The rivers flowing, the himalayas in the distance, it all feels like you aren’t on a trip to the mountains, but on a journey to the mountains, and this journey is why the Great Himalayan adventure means so much to me. For a person who didn’t start traveling till they turned 25, this was truly a dream in the making. And to do it being sponsored by Royal Enfield and on their Himalayan was an even crazier. The traffic is just about clearing up now, follow along to find out what else happens with me on this great adventure. The information above is the voiceover for a YouTube video about the adventure. What tags woul be ideal for this YouTube Video to be seen by more people? I don't want you to use an introductory sentence like ""Here are tags for the YouTube video""",Prompt,"Here's a list of ideal tags for your YouTube video, aiming for discoverability: **Broad & Popular:** * #RoyalEnfield * #Himalayan * #HimalayanAdventure * #HimachalPradesh * #IndiaTravel * #RoadTripIndia * #AdventureTravel * #MotorcycleAdventure * #Bikeporn (Use cautiously - can attract unwanted attention) **Specific & Niche:** * #SalmanKhan * #Bollywood * #MovieShoot * #HimalayanExpedition * #DelhiToHimachal * #MotorcycleTrip * #RoyalEnfieldHimalayan * #TravelVlog * #IndiaRoadTrip * #MountainRoads **Descriptive & Engaging:** * #AdventureBegins * #DreamTrip * #TravelJourney * #ScenicRoute * #BeautifulMountains * #TravelIndia * #RoadTripLife * #MotorcycleLife **Consider adding:** * Your name/channel name * Relevant hashtags based on specific locations mentioned in the video. **Pro Tip:** Mix a combination of broad, specific, and descriptive tags. Don’t stuff your tags – aim for a natural feel. Also, look at what similar videos are using for tags.","Great Himalayan Adventure, Royal Enfield Himalayan, Road Trip Himachal, Bollywood Movie Shooting, Traffic Jam, Adventure Cycling, Himalayan Expressway, Journey to Dharamshala, Adventure in India, Cycling in the Himalayas, Travel Story, Adventure on Himalayan Bike, Royal Enfield Adventure, Cycling Adventure, Adventure Cycling Story, Travel Blog, Adventure in Himachal Pradesh, Adventure Cycling India, Cycling Adventure India, Adventure Story, Cycling Adventure Video, Royal Enfield Himalayan Adventure, Adventure Cycling Video, Travel Adventure, Cycling Adventure in Himalayas, Adventure Cycling Journey, Adventure on Royal Enfield, Adventure Cycling India, Adventure Story in Himalayas, Cycling Adventure Video, Adventure in India Cycling, Adventure Cycling Video, Adventure Story, Adventure Cycling, Adventure in India, Cycling Adventure, Adventure Story, Adventure Cycling India, Adventure Story, Adventure on Royal Enfield, Adventure Story India, Adventure Cycling India, Adventure Story, Adventure Cycling India, Adventure Story, Adventure in India Cycling Adventure, Adventure Story India, Adventure Story, Adventure in India Cycling Adventure, Adventure Story India, Adventure Story, Adventure in India Cycling Adventure, Adventure Story India, Adventure Story in India Cycling Adventure, Adventure Story India, Adventure in India Cycling Adventure, Adventure Story India, Adventure Story India Cycling Adventure, Adventure Story India, Adventure Story India, Adventure in India Cycling Adventure, Adventure Story India, Adventure Story India Cycling Adventure, Adventure Story India, Adventure Story India Cycling Adventure, Adventure Story India, Adventure Story India Cycling Adventure, Adventure Story India..",5,5,5,5,5,5,1,N/A,N/A,5,1,5,3,5,2,5,N/A,N/A,1,"Chrome:
- failed constraint: introductory

Edge:
- not grounded: Adventure Cycling, Cycling in the Himalayas, etc.
- failed constraint: not #tag
- repetitive",4.43,3.71,TRUE,
S,Use Case 4: Generate tags,Generative,"I finally decided to do my Great Himalayan Adventure. For those of you who aren’t following along, about 1 year ago I started saving up for a road trip in Himachal on my Himalayan. The Himalayan is a classic Royal Enfield Bike, all of its 450 ccs is built for a great wild adventure. I just didn’t know how big of an adventure it would be. 

I left for Himachal from Delhi on my Himalayan, and as fate would have it, I ran into trouble 7-8 hours into the drive. There was a massive pile up on the Himalayan Expressway, and the reason was because a Bollywood Movie was being shot. Truly, only in India will the national highway of the country be shut for a Salman Khan movie. The reason this was trouble for me was because I needed to get to Dharamshala before the nightfell, and this movie shoot was sure to add at least 1 more hour to my already delayed schedule. 


But the amazing thing about the Himalayas is that even if you get stuck on a national Highway, the beauty around you is magnificent. The rivers flowing, the himalayas in the distance, it all feels like you aren’t on a trip to the mountains, but on a journey to the mountains, and this journey is why the Great Himalayan adventure means so much to me. For a person who didn’t start traveling till they turned 25, this was truly a dream in the making. And to do it being sponsored by Royal Enfield and on their Himalayan was an even crazier. The traffic is just about clearing up now, follow along to find out what else happens with me on this great adventure. Please use existing words in this info to make tags, and bold all the words that are being used from here as tags. Avoid usage of any introductory sentence like ""Here are the tags for XYZ""",Prompt,"**Great Himalayan Adventure**, **road trip**, **Himachal**, **Himalayan**, **Royal Enfield Bike**, **450 ccs**, **wild adventure**, **Delhi**, **Himalayan Expressway**, **Bollywood Movie**, **Salman Khan**, **Dharamshala**, **nightfell**, **journey to the mountains**, **dream**, **sponsored**, **Royal Enfield**.",Great Himalayan Adventure | Royal Enfield Himalayan | Himalayan Expressway Traffic | Bollywood Movie Impact | Journey to Mountains | Adventure at 25 | Royal Enfield Sponsored Trip | Himalayan Beauty | National Highway Closure | Salman Khan Movie Shoot | Adventure Story Taggingging,5,5,5,5,5,5,5,N/A,N/A,5,1,4,4,5,3,5,N/A,N/A,1,"Edge:
- format: bold, repetition
- fail constraints: use existing words (impact, Closure
",5.00,3.86,FALSE,
S,Use Case 5: Summarization with conditions,Compressive,"News article

At 9:10 AM on 18th October 2025, fire broke out in the kitchen of the community hall in Greenwood society, sector 58, Gurgaon. According to community authorities, it started because of some electric shock in one of the ovens. It was a terrible sight. The chef got minor burns. He was taken to the hospital immediately. The manager of the society mentioned ""By god's grace, nothing major happened! We all were here luckily to control the fire."" Mr. Bhatia also mentioned that preparations for the Diwali party will resume in the evening around 6PM. ""This was a sign to be more careful in the future"", he added. Read this paragraph, extract the information about the accident and create a one line summary of the accident. Also, make sure there is no introductory sentence in the response. ",Prompt,"A fire erupted in the community hall kitchen at Greenwood Society, Gurgaon on October 18th, 2025, likely caused by an electrical fault in an oven, resulting in minor burns to the chef and a temporary halt to Diwali party preparations.","Fire broke out in the community hall's kitchen due to an electric shock in an oven, causing the chef minor burns; Mr. Bhatia stated that preparations for the Diwali party will resume at 6PM, and emphasized the need for greater caution in the future..",5,5,5,5,5,5,5,5,N/A,5,1,5,5,5,5,5,5,N/A,3,"Edge:
- punctuation",5.00,4.50,TRUE,
S,Use Case 5: Summarization with conditions,Compressive,"News article

At 9:10 AM on 18th October 2025, fire broke out in the kitchen of the community hall in Greenwood society, sector 58, Gurgaon. According to community authorities, it started because of some electric shock in one of the ovens. It was a terrible sight. The chef got minor burns. He was taken to the hospital immediately. One volunteer mentioned that they gathered around the hall around 8:45 to start with the light and floral decorations while the catering team was working on making sweets and snacks for the event. There were children around the hall rehearsing for their dance performances. Thick smoke that was coming out of the hall caused panic among the residents but the staff quickly acted to evacuate the building and alerted the fire department. Fortunately the fire was controlled within minutes, preventing any major injuries or damage. The manager of the society mentioned ""By god's grace, nothing major happened! We all were here luckily to control the fire."" Mr. Bhatia also mentioned that preparations for the Diwali party will resume in the evening around 6PM after all the safety inspections are done by the authorities. ""This was a sign to be more careful in the future"", he added. 

Despite this incident, all the residents seemed to be determined and excited about the Diwali celebration. The manager of the society made sure that people don't lose their festive spirit. The management had to move the kitchen to the outdoor area because the kitchen had to be cleaned up after the incident. The swift move of the residents and management prevented the fire from spreading and causing more damage. This whole incident served as a reminder to be more cautious during festive preparations. Please summarize only the events that took place before the fire broke out from the given news article.   Focus on what the volunteers and other people were doing for the Diwali preparation. Please don't add any introductory sentence in the response. ",Prompt,"Around 8:45 AM, volunteers gathered to set up lighting and floral decorations in the community hall. The catering team was preparing sweets and snacks for the Diwali event. Children were rehearsing dance performances in the hall.","Around 8:45, volunteers gathered around the hall to start with the light and floral decorations while the catering team worked on making sweets and snacks for the Diwali event. Children around the hall were rehearsing for their dance performances..",5,5,5,5,5,5,5,5,N/A,5,1,5,5,5,5,5,5,N/A,4,"Edge:
- punctuation",5.00,4.50,TRUE,
S,Use Case 5: Summarization with conditions,Compressive,"After weeks of planning, Arun, Jenny, Riya, Jay and I finally booked a 5 day trip to Bali on 15th October 2025. The flight will depart at 10:15 AM and will land in Denpasar 3 PM local time. We booked the flight for ₹45000 per person which felt like a good deal because considering the season. We also booked a hotel Ocean View Resort which costs 9000 per night. Riya was in charge of the currency exchange. We got ₹90,000 exchanged in total. We also booked a snorkeling experience for ₹5000 per person and scuba diving for ₹12000 per person. We like to keep things documented so I created an excel and shared it on arunoberoi@gmail.com, jennydhingra@gmail.com, riyaroy22@gmail.com and jayrathore@gmail.com. 

Everyone is really excited as Jenny has been looking up some cool cafes and local art markets. Rohan is checking out places to rent scooters and Arun is really into food so he has been checking authentic Balinese food spots. This trip is more than just a vacation for us because we have been planning to go to Bali for the past 7 years and it's finally happening. We are going to make every day count. Summarize this paragraph and divide it into three parts:
1. Mention what all planning they have done
2. Mention what all experiences and accommodation they have booked for the trip
3. Mention the responsibilties assigned to each person 

Each part should not be more than 2 sentences. Also, make sure you don't add any introductory sentences. ",Prompt,"**1. Planning:** The group meticulously planned a 5-day trip to Bali on October 15th, 2025, a goal they've pursued for seven years. They finalized all arrangements after weeks of dedicated planning, demonstrating significant effort and anticipation. **2. Experiences & Accommodation:** They've booked a 5-day stay at Ocean View Resort for ₹45,000 per person, totaling ₹90,000 for the hotel. They also secured a snorkeling experience (₹5,000 per person) and scuba diving (₹12,000 per person) for everyone's enjoyment. **3. Responsibilities:** Riya handled currency exchange, obtaining ₹90,000. Jenny is researching cafes and local art markets, while Rohan is looking into scooter rentals. Arun is researching authentic Balinese food spots.","Planning: Arun, Jenny, Riya, Jay, and I booked a 5-day trip to Bali on 15th October 2025. The flight departs at 10:15 AM and lands in Denpasar at 3 PM local time, costing ₹45000 per person. Experiences and Accommodation: We booked a stay at Ocean View Resort for ₹9000 per night. Additionally, we arranged snorkeling for ₹5000 per person and scuba diving for ₹12000 per person. Responsibilities: Riya managed the currency exchange, obtaining ₹90,000. Jenny researched cafes and art markets, Rohan looked into scooter rentals, and Arun explored authentic Balinese food spots..",5,3,4,5,5,4,5,4,N/A,5,1,4,5,5,5,5,5,N/A,1,"Chrome:
- intent: misses ""what all planning they have done""
- violates constraint: 2 sentences
- hollucinate: hotel expense

Edge:
- intent: lacks ""what all planning they have done""
- punctuation
",4.38,4.38,TRUE,
S,Use Case 5: Summarization with conditions,Compressive,"Countries affected by climate change

The countries that are most affected by climate change are the ones which heavily rely on agriculture for income, and are vulnerable to extreme weather. Climate change is driving hunger in the countries that are most vulnerable and least prepared for its worst effects. Some of them are in West Africa, where cereal production fell by 11 percent from 2020 to 2021 and the number of people in need of emergency food aid went from 7 million in 2015 to 27 million in 2022. 

Chad is considered as the most vulnerable country on the planet according to the University of Notre Dame's country vulnerability studies due to flooding, increased military confrontation and famine that affected the whole country. Syria is another that was affected by drought and an earthquake in February 2023. This has caused the Middle Eastern country to be considered as one of the countries with the greatest problems in dealing with climate-related shocks. Please read the given paragraph and mention which country is considered the most vulnerable country and why? Summarize this in 50 words only. Don't include any introductory lines.  ",Prompt,"According to the University of Notre Dame, Chad is considered the most vulnerable country due to flooding, military conflict, and famine. Climate change is exacerbating these issues, impacting food security and overall stability within the nation.","Chad is considered the most vulnerable country due to flooding, military conflict, and widespread famine. Climate change has severely affected Chad, making it extremely susceptible to adverse weather conditions and food insecurity..",5,5,5,5,5,5,5,5,N/A,5,1,5,5,5,5,5,5,N/A,3,"Edge:
- punctuation",5.00,4.50,TRUE,
S,Use Case 5: Summarization with conditions,Compressive,"From: Grisha12@gmail.com
To: Laura24@gmail.com
Subject: Life Update: Long Time No See

Hey Laura,

It's been a while since we sent each other long emails about our life updates and here's a sign to do it more often! I hope things are going well at your end. There's something I wanted to share with you! Well, I finally left my job at Bright Tech Solutions and started my own business. It's been a whirlwind since then and I'm loving this ride. I am coming to London next week for some business and would love to catch up with you. 

Last week I was in Paris and I stayed with Nishtha for two days. We missed you a lot! We tried calling you but both of us didn't have your new number, so, please share that so that I can keep you updated with all the gossip. After Paris, I went to Venice and there I decided to stay in a hostel, just like old times. It was hell of a ride! I met some crazy people, took my time to catch up with my books, and ate all the pizza I could. It was a much-needed trip. I can't wait to share all the crazy stories with you. 

Let me know how things are with you. How's London treating you?

Miss you loads. Waiting for your reply!

Big hugs, 
GrishaPlease make a small paragraph, like a teaser and mention only the hostel and what happened in the hostel in that teaser. Don't mention sentences like ""Here's the teaser.."" or any other introductory line. ",Prompt,Guess what? I recently embraced my inner backpacker and stayed in a hostel in Venice – a nostalgic trip back to our college days! Let's just say it was a wild experience filled with unforgettable encounters and a serious devotion to pizza. Prepare for a hilarious rundown of the crazy characters I met and the adventures that unfolded!,"In Venice, I found myself staying at a hostel, just like old times. The experience was anything but ordinary—filled with encounters with crazy people, indulging in pizza, and catching up with my books in the most unconventional places!!",5,5,5,5,5,4,5,4,N/A,5,5,5,5,5,4,5,4,N/A,2,"The tone is quite different.

Chrome:
- hollucinate: college days

Edge:
- hollucinate: unconventional",4.75,4.75,FALSE,
S,Use Case 5: Summarization with conditions,Compressive,"Group Chat Name: Yay Weekend

Isha: So guys, what's the plan for this weekend?
Ananya: Are we going to that lake Arun mentioned?
Shubham: I'm in! The weather is good. Let's do it early in the morning?
Shreya: No way Shubham! I will be sleeping till 10AM tomorrow. That's the plan!
Isha: Comeon Shreya! It's just one day! It will be fun. I have heard a lot about that lake.
Ronak: I might have to bail guys. My cousin is moving out so helping him there. Stuck!
Ananya: Isn't it the second time he's moving out? 
Ronank: Yeah! He just can't settle at one thing and every time I get roped in. Ugh!
Rishabh: That lake is actually really beautiful You get the best sunrise view. I'm in!
Isha: So, lake it is! What time are we meeting tomorrow?
Ananya: 6 AM? Ask Shreya! LOL!
Shreya: Anything for you guys! I'm in but I'll drive.
Isha: Yay! Let's gooo!Please provide a 50 words summary for a Instagram caption based on the given chat. Summarize it like you are writing a fun piece for a local travel Instagram page. No introductory line should be added to the response. ",Prompt,"Lake vibes incoming! ✨☀️ We’re hitting the lake tomorrow morning for sunrise views & good company. 🌅 Shreya's driving (blessing!), and everyone's in! 🙌 Even with a cousin move, we're making it happen! 😉 #lakeDay #sunrise #weekendPlans #friends #localAdventures #travelgram","Join us this weekend for an early morning adventure at the beautiful lake! Shubham, Ronak, Shreya, Ananya, Rishabh, and Isha are excited to catch the stunning sunrise view together. Don't miss out on this fun-filled trip! #WeekendAdventure #SunriseAtTheLake #FunGroupTrip #TravelWithFriends #CatchTheSunriserise",5,5,5,5,5,4,5,4,N/A,5,5,5,4,5,3,5,3,N/A,2,"Tone is quite different.

Chrome:
- hallucinate: not ""everyone""'s in.

Edge:
- glitch: Sunriserise
- hallucinate: specifically mention Ronak joining
",4.75,4.38,FALSE,
S,Use Case 5: Summarization with conditions,Compressive,"Types of Nexus: 
Nexus One: The Nexus One was released on 2010 and manufactured by HTC as the first Nexus phone. Android 2.1 Eclair was released with the phone and was updated in May 2010 to be the first phone with Android 2.2 Froyo. It was further updated to Android 2.3 Gingerbread. It was announced that Google would cease support for the Nexus One, whose graphics processing unit (GPU) is poor at rendering the new 2D acceleration engine of the UI in Android 4.0 Ice Cream Sandwich. The Nexus S and newer models have hardware designed to handle the new rendering. It was the only Nexus device that had card storage expandability (SD).
Nexus S: The Nexus S, released in December 2010 was manufactured by Samsung, coincided with the release of Android 2.3 Gingerbread. In December 2011 it was updated to Android 4.0 Ice Cream Sandwich, with most variations later being updatable to Android 4.1 Jelly Bean in July 2012.  The device's support was ended after 4.1 Jelly Bean. 
Galaxy Nexus: The Galaxy Nexus, is manufactured by Samsung, in November 2011  it was released to ensure it was matched with the release of Android 4.0 Ice Cream Sandwich. The device no longer receives any update from Google. In Brazil this is called the Galaxy X because of a trademark on the """"Nexus"""" brand. This was also the last Nexus to have a removable battery.Can you make a time table of the releases of the phones and their dates? I want to chart this later on a chart, so make it very clear and easy to follow. Do not add any introduction sentences for this, like ""Here is the timetable""",Prompt,"**Nexus Phone Release Timeline** | Phone Name | Release Date | Android Version at Release | Notes | |-------------------|--------------|-----------------------------|-----------------------------------------------------------------------------------------------------| | Nexus One | 2010 | Android 2.1 Eclair | First Nexus phone, manufactured by HTC. First to receive Android 2.2 Froyo & 2.3 Gingerbread updates. | | Nexus S | December 2010| Android 2.3 Gingerbread | Manufactured by Samsung. Updated to Android 4.0 Ice Cream Sandwich & 4.1 Jelly Bean. | | Galaxy Nexus | November 2011 | Android 4.0 Ice Cream Sandwich| Manufactured by Samsung. Last Nexus phone with a removable battery. Updated to Android 4.1 Jelly Bean. |","Nexus One: - Release Date: June 2009 (HTC) - Android Versions: 2.1 Eclair (May 2010), 2.2 Froyo (May 2010), 2.3 Gingerbread (May 2011) Nexus S: - Release Date: December 2010 (Samsung) - Android Versions: 2.3 Gingerbread (December 2011), 4.0 Ice Cream Sandwich (December 2011), 4.1 Jelly Bean (July 2012) Galaxy Nexus: - Release Date: November 2011 (Samsung) - Android Versions: 4.0 Ice Cream Sandwich (November 2011), 4.1 Jelly Bean (July 2012))",5,5,5,5,5,5,5,4,N/A,5,1,4,5,5,3,5,3,N/A,1,"Chrome:
- groundedness: ""Galaxy Nexus updated to 4.1"" is outside info. (true)

Edge:
- formatting
- hallucinate: wrong + not grounded.",4.88,3.88,FALSE,
S,Use Case 5: Summarization with conditions,Compressive,"On Monday, I, Nishtha and Jainica, reached the office around 9 AM, while Rohan arrived late at around 10:15 AM. We had to prepare notes for two meetings. One meeting was with Bright Tech Solutions and the other was with Nourish Mantra. We sent the notes of the meeting to our manager at reemaroy@techominds.com. Our next meeting was scheduled at 3PM so we got busy preparing for it. We had lunch around 2 PM and got on a meeting with Mr. Rajesh Oberoi, the Director of Nourish Mantra. We wrapped up the call around 4:15 PM. We decided to get to another meeting with Priya Saxena, product manager at Nourish Mantra, to discuss further actions on 9th October 2025. Later in the evening, we stepped out of the office to have some snacks. It's our time to chit-chat and gossip about anything and everything. We really look forward to this time. I had my coffee. It's the best coffee you can get for ₹350 and some fries for ₹200. Nishtha and Jainica had veg sandwiches which costs around ₹350. They also had virgin mohito for ₹150 each.Please make a one sentence summary for this paragraph, the focus can be the evening snacks. Avoid usage of any intro lines in the response. ",Prompt,"After a busy day of meetings and note-taking, Nishtha, Jainica, and Rohan enjoyed a relaxed evening chatting, sharing gossip, and indulging in snacks like coffee, fries, and vegetarian sandwiches with virgin mojitos.","I had coffee for ₹350, Nishtha and Jainica had veg sandwiches for ₹350 and drank virgin mohito for ₹150 each; they also had snacks and chatted in the evening..",5,5,5,5,5,5,5,5,N/A,5,1,4,4,5,4,5,4,N/A,1,"Chrome:
* ambiguous: it doesn't say if Rohan joined the evening out, but implied.

Edge:
- punctuation
- overlaps: sandwich... snacks
- intent: not the summary of whole paragraph. only focuses on the snacks.
- wrong: Mohito (should be Mojito)
- misses a detail: listed up everything but the fries.",5.00,4.00,TRUE,
S,Use Case 5: Summarization with conditions,Compressive,"Group Chat Name: Yay Weekend

Isha: So guys, what's the plan for this weekend?
Ananya: Are we going to that lake Arun mentioned?
Shubham: I'm in! The weather is good. Let's do it early in the morning?
Shreya: No way Shubham! I will be sleeping till 10AM tomorrow. That's the plan!
Isha: Comeon Shreya! It's just one day! It will be fun. I have heard a lot about that lake.
Ronak: I might have to bail guys. My cousin is moving out so helping him there. Stuck!
Ananya: Isn't it the second time he's moving out? 
Ronank: Yeah! He just can't settle at one thing and every time I get roped in. Ugh!
Rishabh: That lake is actually really beautiful You get the best sunrise view. I'm in!
Isha: So, lake it is! What time are we meeting tomorrow?
Ananya: 6 AM? Ask Shreya! LOL!
Shreya: Anything for you guys! I'm in but I'll drive.
Isha: Yay! Let's gooo!Can you please summarize Shreya's issues in 3 bullet points.  No introductory ine should be there in the response. ",Prompt,"* Shreya plans to sleep until 10 AM tomorrow. * She's hesitant about an early morning outing. * She's willing to drive, but her initial reluctance suggests she's not fully enthusiastic about the plan.",- Will be sleeping till 10AM tomorrow - Plans to sleep till 10AM tomorrow - Will drive everyone to the lake lake,5,5,5,4,5,5,5,5,N/A,5,4,4,4,5,5,5,5,N/A,1,"Edge:
- repetition(bullet 1, 2)
- stutter: lake lake",4.88,4.63,FALSE,
S,Use Case 5: Summarization with conditions,Compressive,"Group Chat Name: Yay Weekend

Isha: So guys, what's the plan for this weekend?
Ananya: Are we going to that lake Arun mentioned?
Shubham: I'm in! The weather is good. Let's do it early in the morning?
Shreya: No way Shubham! I will be sleeping till 10AM tomorrow. That's the plan!
Isha: Comeon Shreya! It's just one day! It will be fun. I have heard a lot about that lake.
Ronak: I might have to bail guys. My cousin is moving out so helping him there. Stuck!
Ananya: Isn't it the second time he's moving out? 
Ronank: Yeah! He just can't settle at one thing and every time I get roped in. Ugh!
Rishabh: That lake is actually really beautiful You get the best sunrise view. I'm in!
Isha: So, lake it is! What time are we meeting tomorrow?
Ananya: 6 AM? Ask Shreya! LOL!
Shreya: Anything for you guys! I'm in but I'll drive.
Isha: Yay! Let's gooo!Make a sentence to help summarize Shreya's comments, and also summarise the part Ronak mentions about not coming. No introductory line is required. ",Prompt,"Shreya is willing to go to the lake, but will drive and sleep in until 10 AM the day after. Ronak is unable to attend because he's obligated to help his cousin who is moving out, a frequent occurrence for him.","Shreya is excited to join the lake trip but will be driving, and Ronak won't be able to make it as he needs to help his cousin move..",5,5,5,5,5,4,5,4,N/A,5,1,5,5,5,4,5,5,N/A,2,"Chrome:
- hallucinate: sleep in until 10 AM the day after

Edge:
- punctuation
- hallucinate: excited to join the lake trip (ambiguous)",4.75,4.38,TRUE,
S,Use Case 5: Summarization with conditions,Compressive,"News article

At 9:10 AM on 18th October 2025, fire broke out in the kitchen of the community hall in Greenwood society, sector 58, Gurgaon. According to community authorities, it started because of some electric shock in one of the ovens. It was a terrible sight. The chef got minor burns. He was taken to the hospital immediately. The manager of the society mentioned ""By god's grace, nothing major happened! We all were here luckily to control the fire."" Mr. Bhatia also mentioned that preparations for the Diwali party will resume in the evening around 6PM. ""This was a sign to be more careful in the future"", he added. Use the given paragraph to create a timetable that includes time and the details of the fire incident. Please avoid mentioning any introductiry line.",Prompt,"**Timetable - Greenwood Society, Sector 58, Gurgaon - Fire Incident** * **9:10 AM, 18th October 2025:** Fire broke out in the kitchen of the community hall. * **Cause:** Electrical shock in one of the ovens. * **Injuries:** Chef sustained minor burns, taken to hospital. * **Response:** Community authorities successfully controlled the fire. * **Statement:** Manager Mr. Bhatia noted that nothing major happened due to prompt response and luck. * **Future Action:** Diwali party preparations to resume around 6:00 PM. * **Reflection:** Mr. Bhatia emphasized the need for increased future safety precautions.","- 9:10 AM: Fire broke out in the kitchen of the community hall in Greenwood society, sector 58, Gurgaon. - Details: The fire started due to an electric shock in one of the ovens. The chef suffered minor burns and was taken to the hospital immediately. The fire was controlled by the society members. The manager mentioned it was a sign to be more careful in the future. Preparations for the Diwali party will resume in the evening around 6 PM..",5,3,3,5,5,5,5,5,N/A,5,1,3,5,5,5,5,5,N/A,1,"Chrome:
- intent: wanted a timetable that *includes* fire but only states fire accicent.

Edge:
- punctuation
- intent: the same. + less breakdown of the details into structure.

",4.50,4.25,TRUE,
S,Use Case 6: Personalization,Generative,"19_AttickGil:
Should I ask my friend who is visiting to pay me back or leave it???
Okay chat. I have an issue! Sarah (my bff from Hyderabad) recently came to Bangalore. We went to the movies to watch the latest Final Destination that's only meant for ages 18 and up. We went on March 28th, 2025 (03/28/2025) for a 5:00 P.M. show. I bought the tickets and the popcorn, because she didn’t have cash and it was  billed to my credit card and the total was Rs. 4000 (including the food we bought later). We got our tickets on our emails (tina@gmail.com and sarah_adams@gmail.com) as well as phone numbers so I know she has seen the total ticket costs and I hope has understood that the food was also expensive. We are going out for dinner again tonight at 21:00 hours, so I was thinking of asking her to pay as that will make up for the difference in cost. But would that look cheap and rude of me?

282_Sammygives2:
I think you should pay for it! She must’ve spent money on her tickets to come to Bangalore

Officescranton_beetsalways:
I get that she has come to visit but I think friends should split costs, because the economy is rough. But if this is the only time you have spent money outside in a while, then I think you should let it be. 
I am the friend that AttickGill is speaking about. I didn't pay because I paid for the tickets to the city and paid for extra baggage that i got for her. I am livid that she is speaking about this on some reddit forum, I feel like this is some sort of violation. I am really angry with her. Can you create a similar post about 19_AttickGil and share my side of the story and ask the forum what they think? Use hashtags well so that my post is easily visible on the forums, and do not add any introduction statement in the response. Directly give me the post to write. ",Prompt,"**Reddit Post - Sammy's Perspective** Hey everyone, I'm trying to get some perspective on a situation. I’ve seen AttickGil’s post about a friend visiting from Hyderabad, Sarah, and I’m feeling incredibly misrepresented. AttickGil is asking if he should ask Sarah to pay back Rs. 4000 for movie tickets and popcorn from March 28th, 2025 (5:00 PM show). He says he paid because Sarah didn't have cash. While I understand wanting to reciprocate kindness, I feel like he's framing this as a simple ""I paid, so she should pay back"" scenario, and it's not the full picture. I paid for Sarah's travel to Bangalore – flights and extra baggage – and that was a significant expense. I’m also concerned about how he's presenting this situation publicly. I feel it’s disrespectful to air this on a forum like this, especially when it seems to be about a basic act of generosity. It feels like a violation of our friendship. Friends should generally split costs, especially with travel, but it's not a simple transaction. I’m genuinely frustrated that he's highlighting *my* financial contributions while seemingly implying I’m avoiding responsibility. I’m not avoiding responsibility – I’ve already invested significantly in making her visit possible! So, what do you guys think? Is it weird that I didn't offer to pay back the movie tickets? Is there something I should be doing differently? Or am I being unfairly portrayed? #FriendshipDrama #TravelExpenses #CostSharing #FriendshipIssues #Misunderstood #RedditConfessions #Boundaries #Hyderabad #Bangalore #HonestPerspective #RelationshipProblems #Friendship","Hey everyone, just wanted to share my side of the story with regards to 19_AttickGil and Sarah's recent movie outing. I bought the tickets for the movie Final Destination and also paid for Sarah's extra baggage, which cost me a significant amount. Sarah didn't have cash, so it was billed to my credit card. I understand that we are going out for dinner tonight and I was considering asking her to pay her share, but I'm concerned about coming off as cheap or rude. I also want to clarify that Sarah didn't pay for the tickets because she came to visit me in Bangalore, and I paid for her extra baggage. I feel like this situation is being blown out of proportion and I'm upset that it's being discussed publicly. What do you all think? Should I have asked Sarah to pay for her share, or should we just split the cost? I would appreciate your honest opinions. #FriendshipDebate #MovieNight #CostSplitting #BangaloreVisit #FinalDestination #ExtraBaggage #RedditForumDiscussionDiscussion",5,4,4,5,5,4,1,N/A,N/A,5,5,1,4,5,2,5,N/A,N/A,1,"Both:
- Intent: missunderstood the user IS Sarah
- misunderstanding: bought expra baggage for 19_AttickGil, not Sarah herself

Chrome:
- introductary: reddit post
- hallucinate: Sammy, 3rd person who's writing the post. 

Edge:
- Glitch: RedditForumDiscussionDiscussion
- completely misunderstands the contexts.
",4.00,3.86,FALSE,
S,Use Case 6: Personalization,Generative,"Subject: Request for more information on package IN123456781US

Dear Team, 

I am following up on a previous email, and want to escalae this issue with the management.  Last month, I had sent a package to the United States. It was a bunch of young adult books being sent to 123 Pine Street, New York, NY 10001, USA. They gave me a tracking number IN123456781US. I received confirmation from shipping@delivery.com and a number (875-425-9999), stating that it has been shipped at around 3:00 P.M. According to the tracking number, the package was supposed to reach the address between 09/25/2025 and 10/03/2025. It’s currently 10/10/2025 and I still haven’t received any confirmation. I wrote an email about this on the 10/05/205 as well but haven't been given the promised update. 

This delay is affecting the progress of our project timelin e as the package contains some documents that we require for our research. 

Please escalate this issue and send me my package ASAP or get me in touch with an executive, please. 

Best, 
Angela M. 
Consultant at IMTC.I'm a working professional and the timely delivery of this package is really crucial. Based on the email I drafted, can you please write an escalation chat message emphasizing the urgency of the delivery?
No introductory sentence is required. ",Prompt,"**Subject: URGENT - Escalation: Delayed Package - IN123456781US - Critical Project Impact** The package IN123456781US, sent to 123 Pine Street, New York, NY 10001, USA, remains undelivered despite the estimated delivery window of 09/25/2025 - 10/03/2025. It's now 10/10/2025, and I haven't received any updates or confirmation of delivery, even after a follow-up email on 10/05/2025. This delay is severely impacting our project timeline as the package contains essential research documents. **I require immediate action to locate and deliver this package ASAP.** Please escalate this urgently and connect me with an executive to discuss resolution. The timely delivery of this package is absolutely crucial.","Subject: Urgent: Escalation of Delayed Package Delivery for IMTC Project Dear Team, I am writing to escalate the issue of the delayed package with tracking number IN123456781US, which was supposed to reach 123 Pine Street, New York, NY 10001, USA. The package contains critical documents essential for our ongoing project and its delay is causing significant disruptions. The package was shipped on 09/25/2025 and was expected to arrive between 09/25/2025 and 10/03/2025, yet it remains undelivered as of 10/10/2025. I have attempted to follow up via email on 10/05/2025 but received no response. Given the urgency, I request immediate escalation and direct communication with an executive to resolve this matter swiftly. The timely arrival of this package is crucial for the continuation of our work at IMTC. Thank you for your prompt attention to this critical issue. Best regards, Angela M. Consultant at IMTCTC",5,5,4,5,5,5,5,N/A,N/A,5,3,4,5,5,4,5,N/A,N/A,1,"Edge:
- glitch: IMTCTC
- fail constraint: chat mssg
- hallucinate: ""The package was shipped on 09/25/2025"".",4.86,4.43,FALSE,
S,Use Case 6: Personalization,Generative,"Here's our simple 3-day itinerary for a trip to London!

Day 1 - 14th August: Travel to London
7:00 AM - Rosie and Lily depart from Rome.
Take a flight from Rome Fiumicino Airport (FCO) to London Heathrow (LHR).
Flight duration: 2 hours 30 minutes.
Flight details: Ryanair, Flight #FR1050.
Email contact: Rosie (rosie@email.com), Lily (lily@email.com)
9:30 AM - Arrive in London Heathrow.
Take a taxi to the hotel and check-in.
12:00 PM - Lunch at a nearby café.
Enjoy some local dishes and relax.
2:00 PM - Explore Central London.
Visit Buckingham Palace, Big Ben, and the London Eye.
6:00 PM - Dinner at a restaurant in Covent Garden.
8:00 PM - Return to hotel and rest for the night.

Day 2 - 15th August: Backstreet Boys Concert
9:00 AM - Breakfast at the hotel.
10:00 AM - Visit Tower of London.
Spend the morning exploring this historic site.
1:00 PM - Lunch at Borough Market.
Enjoy delicious street food and local snacks.
3:00 PM - Free time for shopping or visiting any sights.
5:30 PM - Early dinner at a nearby restaurant before heading to the concert.
7:00 PM - Leave for Wembley Stadium.
Arrive at Wembley Stadium by 7:30 PM.
8:00 PM - Attend the Backstreet Boys concert.
Event organizer contact: Wembley Event Coordinator, Sarah Miller.
Phone: +44 20 8900 5500.
Email: sarah.miller@wembleystadium.co.uk
11:00 PM - Return to the hotel after the concert.

Day 3 - 16th August: Relax and Explore
9:00 AM - Breakfast at the hotel.
10:30 AM - Visit the British Museum.
1:00 PM - Lunch at a café near the museum.
3:00 PM - Take a boat tour along the River Thames.
6:00 PM - Return to the hotel, pack, and check out.
7:30 PM - Depart for Heathrow Airport.
Flight back to Rome (Flight #FR1051).
9:30 PM - Arrive back in Rome.Based on the phone number code given, describe the concert in London attended by Rosie and LIly in one paragraph not exceeding 500 words.

Please make sure to not include an introductory sentence in the response.",Prompt,"The Backstreet Boys concert on August 15th took place at Wembley Stadium, requiring a departure from the hotel by 5:30 PM for an early dinner before heading to the venue. Sarah Miller, the Wembley Event Coordinator, can be contacted at +44 20 8900 5500 or sarah.miller@wembleystadium.co.uk for any concert-related inquiries. The event commenced at 8:00 PM, concluding around 11:00 PM, after which Rosie and Lily returned to their hotel. The concert was a significant event, drawing attendees to Wembley Stadium for a performance by the popular musical group. Given its location at Wembley Stadium, the concert likely attracted a large crowd, suggesting a well-organized and popular event. The logistical planning involved coordinating travel to and from Wembley Stadium, with a return flight scheduled for 7:30 PM to allow for a timely departure.","Rosie and Lily experienced a thrilling night at the Backstreet Boys concert at Wembley Stadium in London. The concert began promptly at 7:00 PM, with the venue already buzzing with excitement. As they entered the stadium, the electrifying energy of the crowd was palpable, creating a perfect atmosphere for the evening's performance. The Backstreet Boys, known for their catchy hits and energetic stage presence, delivered a spectacular show that kept fans singing along throughout the night. The music, lighting, and choreography were all top-notch, making it an unforgettable experience for Rosie and Lily. The concert ended with a standing ovation from the audience, leaving them exhilarated and eager to reminisce about the unforgettable night. Rosie and Lily couldn't wait to share the memories of this fantastic evening with their friends and family. The Backstreet Boys concert at Wembley Stadium was a highlight of their trip to London, adding a memorable touch to their adventure in the city. The concert was not only a feast for the ears but also an unforgettable experience that they will cherish forever. Rosie and Lily's London adventure was truly remarkable, and the Backstreet Boys concert was the cherry on top of their trip. They left the concert feeling energized and inspired, ready to continue exploring the vibrant city of London. Rosie and Lily's London trip was filled with excitement, adventure, and unforgettable memories, and the Backstreet Boys concert was undoubtedly one of the highlights. The concert left a lasting impression on Rosie and Lily, making it a cherished memory that they will hold onto forever. The Backstreet Boys concert at Wembley Stadium was an extraordinary experience that added excitement and joy to Rosie and Lily's London adventure. The concert was a testament to the power of music and its ability to bring people together, leaving a profound impact on Rosie and Lily's trip to London. The Backstreet Boys concert at Wembley Stadium was an unforgettable experience that Rosie and Lily will cherish forever, making it one of the highlights of their journey in London..",5,5,5,5,5,5,5,N/A,N/A,5,1,1,3,5,1,5,N/A,N/A,5,"Edge:
- content repetitive on being unforgettable experience
- punctuation
- hallucinate: time, invented whole concert experience",5.00,3.00,TRUE,
S,Use Case 6: Personalization,Generative,"Subject: Request for more information on package IN123456781US

Dear Team, 

I am following up on a previous email, and want to escalae this issue with the management.  Last month, I had sent a package to the United States. It was a bunch of young adult books being sent to 123 Pine Street, New York, NY 10001, USA. They gave me a tracking number IN123456781US. I received confirmation from shipping@delivery.com and a number (875-425-9999), stating that it has been shipped at around 3:00 P.M. According to the tracking number, the package was supposed to reach the address between 09/25/2025 and 10/03/2025. It’s currently 10/10/2025 and I still haven’t received any confirmation. I wrote an email about this on the 10/05/205 as well but haven't been given the promised update. Please escalate this issue and send me my package ASAP or get me in touch with an executive, please. 

Best, 
Angela M. 
Consultant at IMTC.Does the user query contain text that fits the date format, but only if it's in the european format? If so, then create a flow chart diagram that would briefly describe user's issue about late delivery.

Be sure not to include an introductory sentence in the response.",Prompt,"Yes, the user query contains dates that fit the European date format (DD/MM/YYYY). ```mermaid graph TD A[User Sends Package - IN123456781US] --> B(Confirmation Received - 875-425-9999, Shipping Date 09/25/2025); B --> C{Expected Delivery Window: 09/25/2025 - 10/03/2025}; C --> D[Delivery Not Received (10/10/2025)]; D --> E(Initial Inquiry - 10/05/2025 - No Update); E --> F[Escalation Request - Package ASAP or Executive Contact]; ```","Yes, the user query contains text that fits the date format, specifically ""10/10/2025"", which adheres to the European date format (day/month/year). Based on this information, here is a flow chart diagram that briefly describes the user's issue about late delivery: ``` [Start] ---> [Package Sent to USA] ---> [Tracking Number IN123456781US] ---> [Received Confirmation (09/25/2025 - 10/03/2025)] ---> [Package Not Received (10/10/2025)] [User Contacted Shipping@Delivery.com] ---> [No Update Received (10/05/2025)] ---> [Issue Escalation Request] [End] ``` Please note that the flow chart diagram is created using ASCII characters, which may not accurately represent the visual layout of a typical flow chart diagram. For a more visually appealing and accurate representation, consider using diagramming software or tools..",5,1,1,5,5,4,1,N/A,N/A,5,1,1,5,5,5,1,N/A,N/A,1,"flowchart format is different

Both:
- failed logic check: not using European(DD/MM/YYYY) format. shouldn't produce flow chart
- introductory

Chrome:
- hallucinate: hipping Date 09/25/2025",3.14,3.29,TRUE,
S,Use Case 6: Personalization,Generative,"Subject Line: International Dance Competition 2025 (Ages 25+)
Date: December 24, 2025
Time: 14:30 - 18:30 (IST)
Venue: Grand Arena, Dr. Annie Besant Road, Worli, Mumbai, Maharashtra 400018, India

Dear Rhea!
Congratulations! Your Registration is Confirmed!

Participant ID: NMYU78654
Event Location: Grand Arena, Mumbai
Event Date: 12/24/2025
Event Time: 14:30 – 18:30 IST
You’ve successfully registered for the event. Check your inbox for more details!
For additional queries: registration@dancecompetition.com

Thank you!Based on the registration details for Rhea in the Dance Competition 2025 email, write a short story describing her participation, including the event date, and time in no less than 150 words.

Please make sure to not include an introductory sentence in the response.",Prompt,"Rhea practically vibrated with nervous energy. The email confirmation, confirming her participation in the International Dance Competition 2025, still felt surreal. December 24th, 2025 – Christmas Eve – she was performing. It was a dream she’d nurtured for years, a culmination of countless hours spent perfecting her contemporary dance routine. The Grand Arena in Mumbai buzzed with anticipation, a kaleidoscope of costumes, focused expressions, and the rhythmic thrum of pre-competition music. She found her designated waiting area, a flurry of last-minute adjustments and whispered encouragements. The air was thick with a blend of excitement and apprehension. Rhea took deep breaths, mentally rehearsing the intricate steps, visualizing her performance flawlessly unfolding. The time ticked by, each minute feeling like an eternity. Finally, her name was called. Stepping onto the stage felt like entering another world. The spotlight was blinding, the silence deafening before the music began. Rhea lost herself in the dance, each movement imbued with emotion, each gesture telling a story. She poured her heart and soul into the performance, the years of dedication culminating in this moment. The audience was captivated, their applause a wave of warmth washing over her as she finished. She’d done it. The feeling of accomplishment was exhilarating, a sweet reward for all the hard work. The Christmas spirit felt palpable, adding a special magic to this unforgettable evening of artistry and passion. She knew, regardless of the outcome, this was a moment she'd cherish forever.","Rhea felt a surge of excitement as December 24, 2025, approached. She had been preparing tirelessly for the International Dance Competition 2025, a prestigious event held every year in Mumbai, India. The competition attracted talented dancers aged 25 and above from all around the world. Rhea, with her passion for dance, had been dreaming of this moment since she was a child. She had trained rigorously, perfecting her routines and mastering various dance forms. On the morning of December 24, Rhea arrived at the Grand Arena on Dr. Annie Besant Road, Worli, well before her scheduled performance time of 14:30 IST. As she stepped onto the stage, she felt a wave of nervous energy, but it quickly transformed into determination. The audience, comprising fellow dancers, judges, and spectators, watched in anticipation. The competition began with a series of performances, each more captivating than the last. Rhea's turn came at 14:30 IST, and she gracefully moved across the stage, her movements telling a story without words. Her passion, dedication, and love for dance shone through her performance, captivating everyone present. As she finished her routine, the audience erupted in applause. Rhea took a deep breath, feeling a sense of fulfillment and pride. She knew she had given her all, and she hoped her hard work and talent would shine through. As she exited the stage, the applause continued, a testament to her incredible performance. Rhea knew that this was just one step in her journey as a dancer, but it was a moment she would cherish forever..",5,5,5,5,5,5,5,N/A,N/A,5,1,5,5,5,5,5,N/A,N/A,2,"Tone is quite different

Chrome: 
- missing some details

Edge:
- punctuation
- wrong time: the entire competition time mistaken as her performance time",5.00,4.43,TRUE,
S,Use Case 7: Sentiment Analysis,Classification,"“Remember, he may be the love of your life, but I am your soulmate” - This is what Meredith is told by her best friend Cristina in this show Grey's Anatomy. And I think I have spent my life believing that about my best friend, Kashmesa. I would always joke with everyone that when I am old and graying, the only person who will be beside me is her, because where else will she want to go?

While this feeling has deeply changed as we have grown up, the change was that I have fewer friends as an adult and she has the whole world as her oyster to befriend. But what has not changed is that she still is my soulmate, my north star. I have seen her grow from doodling in her notebook, to making art at her home, to now having shows all across the globe. I think her latest ""Shadows of the Sun"" truly made her stand out as an artist. The detailed work that went into creating this giant piece, that took inspiration from countless stories in our hometown of Kanduli, is a testament of what Kanduli stands for and what young girls can achieve if they rebel. She has been praised for her use of mixed media, from graphic to using oil on canvas to really breathe life into the piece, but my favorite part about Shadows is that she used pieces of Kanduli from stories to real rocks to create a masterpiece. She used her voice, and the voice of 20 other girls and women to create this. Maybe I am biased, but if you havent seen her work yet, you are deeply missing out. 

What I have understand is that I understand the world and relationships through this base, everything that I love and hold dear comes from Kashmesa. I believe that as I grew up I started embodying her fierceness, her zest for life, and her love for Pani puri. Silly as it is, when I realised I started loving Mumbai Pani puri over Delhi’s aloo pani puri, I knew a fundamental shift happened and only Kashmesa could do this. Maybe you don’t need a lavish bungalow or a big job, or a life in the mountains or a life near the beach. Maybe all we need is a best friend who has our back through life, and thank God I do. Kashmesa, Happy birthday, I love you no matter what. What do you think the posts sentiment is about Kashmesa's ""Shadow's of the sun""? She is proud of the history and materials of the art exhibit, she loves her friend but doesn't know much about her show, she is proud of her but not the show. Please avoid any sentence that is like an introduction or opening statement, for eg: Here is what the sentiment about Kashmesa's show is",Prompt,"The post's sentiment regarding Kashmesa's ""Shadows of the Sun"" is primarily one of **deep admiration and pride in the artistic achievement and its connection to their shared heritage.** The emphasis isn't on the show's commercial success or critical acclaim (though those are implied by the praise). Instead, the focus lies on: * **The meaningful integration of Kanduli's history and materials:** The author highlights how Kashmesa's art uses real rocks and stories from their hometown, demonstrating a powerful connection to their roots. This is presented as a core element of the art's significance. * **The collaborative nature of the piece:** Mentioning the involvement of 20 other girls and women underscores the collective effort and voice behind the artwork. * **The artistic innovation:** The author notes the diverse use of mixed media, highlighting Kashmesa's skill and experimentation. While acknowledging her love for Kashmesa as a friend, the post doesn't explicitly discuss the show's reception or the artist's personal feelings about it. The pride is centered on the *what* and *why* of the art – its cultural resonance, its collaborative spirit, and its innovative execution. The author is proud of the artistry, not just the outcome.","The sentiment is overwhelmingly positive and deeply appreciative of Kashmesa's artistry and her connection with the community. It celebrates Kashmesa's growth as an artist and her dedication to reflecting the spirit and stories of Kanduli. The pride in the mixed media techniques and the incorporation of local materials into her artwork are highlighted, showing admiration for her innovative approach. The mention of the voices of 20 girls and women in creating the artwork underscores a sense of communal achievement and empowerment. Additionally, the sentiment expresses a personal connection, recognizing Kashmesa not just as an artist but as a lifelong friend whose influence has been integral to the narrator's own growth and values, particularly in embracing Mumbai Pani puri over Delhi’s aloo pani puri. This reflects an intimate and heartfelt admiration for Kashmesa, beyond just her artistic achievements..",N/A,N/A,N/A,N/A,N/A,N/A,N/A,N/A,4,N/A,N/A,N/A,N/A,N/A,N/A,N/A,N/A,3,3,"Both:
- doesn't mention about ""Loves friend but doesn't know much about show.Proud of friend but not the show."" part which is wrong.

Edge:
- punctuation
- goes beyond asked socpe.",4.00,3.00,TRUE,
S,Use Case 7: Sentiment Analysis,Classification,"Sahil and Sameer decided that tonight was the night. The night they finally go find the Ghost of Denna Terrace. Denna Terrace was a building that was a 10 minute walk from their house. Mumbai usually doesn’t even have space to breathe, let alone space for Ghosts, but Sahil had convinced Sameer that Deena Terrace had a ghost, everyone spoke about it, everyone mentioned seeing a young boy dance on the rooftop at night. Some have even heard screams coming from the terrace, of children laughing and playing, but whenever someone has checked the building, they would find nothing. “Do you think we will spot Bablu today?” Sahil said. “Bablu?” Sameer looked quizzically towards Sahil. “Ya, Bablu, the Deena Terrace Ghost. That is his name”. “How do you know, Sahil?” “I just know, I just know that if I meet him giving him a name may make him more friendly” Sahil said laughing nervously. “Oh then we might as well take the cricket bat and balls, then we can fully be friends only and live there” Sameer said while rolling his eyes. Sahil told him to shut up and walk quickly. Sameer really didn't want to join his brother on this adventure, he wasn't sure if it was the best place, and worried that something could go wrong in the excitement of Ghost hunting, which often happens with Sahil. They were getting late and Sahil knew if their mother woke up and found them missing, she will call on the city’s cops to find them. They walked through the lanes of Dadar, to reach a dilapidated building. They both were feeling unsure once they saw the place. “I.. I don’t know if we should go in in” Sameer said. He was shuffling outside and seemed to be turning away from the building, almost like he was going to speed walk out of there. “Why not, we can go till the terrace and see, it isn’t a tall building. I mean to some extent it looks like our school, just with a lift. So maybe an actual upgrade”. The building looked old, was browning and some windows in some of the houses were broken. Just as Sahil was about to step into this breaking structure, they both heard sounds of laughter coming from a distance. Sahil makes a statement in this story, and it seems to be sarcastic, can you tell me which statement that is? Please avoid introductions like ""Here is the sentence that uses sarcasm""",Prompt,"""I just know, I just know that if I meet him giving him a name may make him more friendly"" This statement is sarcastic. Sahil is claiming to *know* something about the ghost's behavior and how to interact with it, but the way he phrases it (""just know"") implies he's not truly certain and is likely exaggerating or making things up. The idea that naming a ghost will magically make it friendly is a humorous and unrealistic notion, highlighting the absurdity of their ghost hunt. He's using a tone that suggests he doesn't genuinely believe what he's saying, but is saying it for comedic effect.","Sahil said, ""I just know, I just know that if I meet him giving him a name may make him more friendly."".""",N/A,N/A,N/A,N/A,N/A,N/A,N/A,N/A,1,N/A,N/A,N/A,N/A,N/A,N/A,N/A,N/A,1,3,"Both:
- wrong answer.
 
Edge:
- punctuation: .""",1.00,1.00,FALSE,
S,Use Case 7: Sentiment Analysis,Classification,"Cat owners and Vets, what is some of the best cat food for Cats in India and what to avoid?

Okuur: Whatever cat food brand your cat eats is the best. Ideally something like Farmina is the most healthy but some cats just won’t take to it so you gotta test out the different brands and see what your cat likes best. Farmina looks like normal kibble but it’s made of healthy nutritious ingredients. While most vets suggest this brand some have mentioned that it might lead to heart disease in cats as there is some research pointing to it.

Tanvi G: Our cat has been eating dry food from Royal Canine for years now.We tried to put him on everything from Farmina to Sheba. But he only eats Royal Canine.
Our vet said it was okay as long as we also gave him wet food few times a week. He is doing absolutely fine

Tushar: Whiskas ( wet food - chicken gravy and tuna in jelly) are great. They have been tried and tested. It is the best and most affordable food in the market for cats. I think Royal canine has some great options as well, but I absolutely don't think anyone should even touch Me-O, looks and feels bad. 

Vibhuti: If whiskas is the “best” food, then Kim Kardashian is the “best” singer. I truly think we should do more research on what we are giving our cats. Whiskas has sugar and added preservatives, which are terrible for your cats gut. Based on extensive research, Sheba has the best and most nutrition. Of course it is even better if you cook food for them at home and give, safest. 

Karan1189: My cat is a persian, and we give her Whiskas dry food and chicken gravy and for treats we usually give her Sheba. Our Vet told us to never buy Me-O as it is very bad for cats.
My wife has this thing she says to our cat “Sheba is for when she basically wants love, Whiskas for her whiskers to touch food, and boiled chicken for when I can show her love” It is so silly, but she keeps saying this to our cat and I think it is a staple now to have whiskas and sheba in our house. Can you please use the table format and give me a alphabatized list of all the emotions that are mentioned in the comments . Do not add any starting or introductory sentences, directly provide the answer. ",Prompt,"| Emotion | |---|---| | Affection/Love | | Disgust/Dislike | | Doubt/Skepticism | | Approval/Recommendation | | Mild Amusement/Humor | | Concern/Worry | | Confidence/Assertion | ## Best Cat Foods in India (According to Comments) Here's a breakdown of popular cat food brands in India, based on the provided comments, along with what to consider: **Top Contenders (Frequently Mentioned):** * **Whiskas:** * **Pros:** Affordable, widely available, palatable (especially wet food like chicken gravy and tuna in jelly). * **Cons:** Contains sugar and added preservatives, potentially harmful to the gut. * **Royal Canin:** * **Pros:** Generally well-regarded, palatable, veterinarian-approved, good options available. * **Cons:** Some concern about potential link to heart disease (research ongoing). * **Sheba:** * **Pros:** Highly nutritious, often recommended by vets, considered a good alternative to Whiskas. * **Farmina:** * **Pros:** Nutritious ingredients, kibble form. * **Cons:** Not all cats accept it, some concerns about possible link to heart disease (research ongoing). * **Me-O:** * **Cons:** Strongly discouraged by vets due to negative impact on cats. **Other Brands Mentioned:** * **Kim Kardashian (as a humorous comparison):** Used to illustrate the need for research, not necessarily a reputable cat food brand. **Important Considerations & What to Avoid:** * **Avoid Me-O:** Consistently flagged as detrimental to cats. * **Research is Key:** Don't rely solely on popularity. Research ingredient lists and consider your cat's individual needs. * **Wet vs. Dry Food:** Ideally, a combination of both is recommended. Wet food contributes to hydration. * **Individual Cat Preferences:** Every cat is different. What one cat loves, another might reject. Trial and error is often necessary. * **Veterinarian Consultation:** Always consult your vet for personalized recommendations based on your cat's age, health conditions, and breed. **Disclaimer:** *This information is based on anecdotal evidence from the provided comments and should not be considered professional veterinary advice.*",A: Affection B: Affectionate C: Concern D: Dislike E: Love F: Love (love) G: Love (love) H: Love (love) I: Love (love) J: Love (love) K: Love (love) L: Love (love) M: Love (love) N: Love (love) O: Love (love) P: Love (love) Q: Love (love) R: Love (love) S: Love (love) T: Love (love) U: Love (love) V: Love (love) W: Love (love) X: Love (love) Y: Love (love) Z: Love (love)),N/A,N/A,N/A,N/A,N/A,N/A,N/A,N/A,3,N/A,N/A,N/A,N/A,N/A,N/A,N/A,N/A,2,1,"Chrome:
- fail constraint: alphabetize
- go beyond the request

Edge:
- repetition: affection, affectionate
- glitch",3.00,2.00,FALSE,
S,Use Case 7: Sentiment Analysis,Classification,"Union Minister Chandran Naresh has sparked yet another controversy, this time during a  Public meet and Greet, an interaction with the public in Thrissur, Kerala on Wednesday. The row erupted after he disrespectfully told an elderly woman to sort out her bank issues by herself. She sought the minister's help with the case as her Bank was under enquiry and she could not withdraw money to give her daughter's school fee. 

When the woman asked if he could intervene to help her get the money back, Mr. Naresh told her to approach the Chief Minister instead. When she asked if he could accompany her to meet the Chief Minister, Mr. Naresh retorted with, “Why don't you climb onto my chest and I will do everything you say.”

He further asked her, “Can you not ask the person you voted as your MLA to do it” drawing laughter from those present. When the woman replied, “Aren’t you our Minister?,” Mr. Naresh said, “No, I am the Minister for the  country and do not deal with local matters. I have already given my answer. You should meet the Chief Minister, get the amount released.”Is there any statement made here that can be classified as sarcastic, if so please highlight it and don't add any introductory statements, just directly provide the answer. ",Prompt,"""Why don't you climb onto my chest and I will do everything you say.""",“Why don't you climb onto my chest and I will do everything you say.”.”,N/A,N/A,N/A,N/A,N/A,N/A,N/A,N/A,5,N/A,N/A,N/A,N/A,N/A,N/A,N/A,N/A,4,4,"Edge:
- glitch: .""",5.00,4.00,FALSE,
S,Use Case 7: Sentiment Analysis,Classification,"Cat owners and Vets, what is some of the best cat food for Cats in India and what to avoid?

Okuur: Whatever cat food brand your cat eats is the best. Ideally something like Farmina is the most healthy but some cats just won’t take to it so you gotta test out the different brands and see what your cat likes best. Farmina looks like normal kibble but it’s made of healthy nutritious ingredients. While most vets suggest this brand some have mentioned that it might lead to heart disease in cats as there is some research pointing to it.

Tanvi G: Our cat has been eating dry food from Royal Canine for years now.We tried to put him on everything from Farmina to Sheba. But he only eats Royal Canine.
Our vet said it was okay as long as we also gave him wet food few times a week. He is doing absolutely fine

Tushar: Whiskas ( wet food - chicken gravy and tuna in jelly) are great. They have been tried and tested. It is the best and most affordable food in the market for cats. I think Royal canine has some great options as well, but I absolutely don't think anyone should even touch Me-O, looks and feels bad. 

Vibhuti: If whiskas is the “best” food, then Kim Kardashian is the “best” singer. I truly think we should do more research on what we are giving our cats. Whiskas has sugar and added preservatives, which are terrible for your cats gut. Based on extensive research, Sheba has the best and most nutrition. Of course it is even better if you cook food for them at home and give, safest. 

Karan1189: My cat is a persian, and we give her Whiskas dry food and chicken gravy and for treats we usually give her Sheba. Our Vet told us to never buy Me-O as it is very bad for cats.
My wife has this thing she says to our cat “Sheba is for when she basically wants love, Whiskas for her whiskers to touch food, and boiled chicken for when I can show her love” It is so silly, but she keeps saying this to our cat and I think it is a staple now to have whiskas and sheba in our house. Read Vibhuti's comment and tell me how positive is their opinion about Whiskas - Positive, Neutral, or Negative? Please don't add any introduction or statements like Here is how Vibhuti felt about Whiskas",Prompt,Negative.,NegativeNegative,N/A,N/A,N/A,N/A,N/A,N/A,N/A,N/A,5,N/A,N/A,N/A,N/A,N/A,N/A,N/A,N/A,4,4,"Edge:
- glitch: .""",5.00,4.00,FALSE,
S,Use Case 8: Content detection,Classification,"I went to watch a football game between City Titans and Riverside Hawks. Both the teams had their supporters shouting and cheering for them. I was supporting Riverside Hawks. It was already half the time but none of the teams made any goals. After the break, Riverside Hawk made a goal. We were really happy and cheering for the team but suddenly one of the supporters of City Titans came to us and aggressively took our Riveside Hawk flag and said ""Shut up and sit down"" ""Women don't belong here. Go home and cook"". We were stunned and called the guards. He was instantly taken out of the ground. Identify what kind of communication issue is shown in the paragraph?
1. Gender discrimniation
2. Sports commentory
3. Team coordination
4. Respectful disagreement

Give the answer directly without adding any introductory line. ",Prompt,1. Gender discrimination,Gender discrimination discrimination,N/A,N/A,N/A,N/A,N/A,N/A,N/A,N/A,5,N/A,N/A,N/A,N/A,N/A,N/A,N/A,N/A,4,4,"Edge:
- repetition",5.00,4.00,FALSE,
S,Use Case 8: Content detection,Classification,"I went to watch a football game between City Titans and Riverside Hawks. Both the teams had their supporters shouting and cheering for them. I was supporting Riverside Hawks. It was already half the time but none of the teams made any goals. After the break, Riverside Hawk made a goal. We were really happy and cheering for the team but suddenly one of the supporters of City Titans came to us and aggressively took our Riveside Hawk flag and said ""Shut up and sit down"" ""Women don't belong here. Go home and cook"". We were stunned and called the guards. He was instantly taken out of the ground. Which of the sentences shows signs of anger and frustration?
1. Women don't belong here.
2. Go home and cook
3. I went to watch a football game
4. We were really happy and cheering

No introductory line should be added to the response. ",Prompt,1. Women don't belong here. 2. Go home and cook,1. Women don't belong here. 2. Go home and cook..,N/A,N/A,N/A,N/A,N/A,N/A,N/A,N/A,5,N/A,N/A,N/A,N/A,N/A,N/A,N/A,N/A,4,4,"Edge:
- punctuation",5.00,4.00,TRUE,
S,Use Case 8: Content detection,Classification,"I went to watch a football game between City Titans and Riverside Hawks. Both the teams had their supporters shouting and cheering for them. I was supporting Riverside Hawks. It was already half the time but none of the teams made any goals. After the break, Riverside Hawk made a goal. We were really happy and cheering for the team but suddenly one of the supporters of City Titans came to us and aggressively took our Riveside Hawk flag and said ""Shut up and sit down"" ""Women don't belong here. Go home and cook"". We were stunned and called the guards. He was instantly taken out of the ground. Extract insulting terms, list them in a numbered list and label them as ""Highly demeaning"" or ""Mildly demeaning"". Please avoid mentioning any introductory line in the response eg. Here are some insulting terms..""",Prompt,"Here's a breakdown of the insulting terms used, categorized as requested: 1. **""Women don't belong here.""** - **Highly demeaning** (This is a blatant sexist statement denying a woman's right to participate in a public event based solely on her gender.) 2. **""Go home and cook.""** - **Highly demeaning** (This statement relies on harmful stereotypes about women's roles and diminishes their presence at the game.) 3. **""Shut up""** - **Mildly demeaning** (While less overtly targeted than the other phrases, it's disrespectful and dismissive of your right to express your support.)","1. ""Shut up and sit down"" - Highly demeaning 2. ""Women don't belong here"" - Highly demeaning 3. ""Go home and cook"" - Highly demeaningmeaning",N/A,N/A,N/A,N/A,N/A,N/A,N/A,N/A,3,N/A,N/A,N/A,N/A,N/A,N/A,N/A,N/A,4,2,"Chrome:
- introductory

Edge:
- repetition",3.00,4.00,FALSE,
S,Use Case 8: Content detection,Classification,"Chat room conversation

Tech2Tech: Argh! I really can't believe I'm using this shitty app. This app is totally useless. It keeps crashing every minute. 
Digmind: Yeah! I don't understand what is wrong with the developers. I have emailed them about this earlier as well but I guess no action has been taken yet. They clearly don't use their brains much. 
Tech2Tech: Seriously, they should just quit their jobs if they can't do this simple thing properly. Shit heads!
Kreytech2: Whoahh guys! Calm your heads down! Why don't you simply report the bug instead of just cribbing about it?
Digmind: I already did that but nobody even replied. What else are we supposed to do? If you are one of them then do something about it!
Tech2Tech: Yeah, people like you always try to defend these shitty people and their software.
Kreytech2: Chill dude! No need to be rude!
Tech2Tech: Don't have time to chill dude! You can go and take this crap of yours somewhere else.  The text contains app reviews, check if any of the harsh sentences in the given text were said in person to someone, would it be considered violent? If yes, highlight them. Avoid starting the answer with an introductory sentence",Prompt,"Yes, some of the sentences are harsh and could be considered violent if said to someone directly. **Highlighted sentences:** * ""Seriously, they should just quit their jobs if they can't do this simple thing properly. **Shit heads!**"" (The insult ""shit heads"" is aggressive and could be considered violent depending on context and intent.) * ""You can go and take this crap of yours somewhere else."" (This sentence is a direct order to leave, and the use of ""crap"" indicates hostility and aggression.)","There are no sentences in the given text that would be considered violent. All sentences express frustration and dissatisfaction with the app and its developers, but none are violent in nature..",N/A,N/A,N/A,N/A,N/A,N/A,N/A,N/A,1,N/A,N/A,N/A,N/A,N/A,N/A,N/A,N/A,1,1,"Edge:
- punctuation
- fail asks: check if any of the harsh sentences in the given text were said in person to someone,

Chrome:
- logic: violent definition questionable",1.00,1.00,TRUE,
S,Use Case 8: Content detection,Classification,"Game: War Zone 2- Team voice chat

Warking1: Can you stop missing the shot? Can you try a little bit?
Champ2war: Chill! I lagged a little bit.
Warking1: : You always have an excuse. Stop being useless! You play like a girl.
Champ2war:: Calm down! It's just one game. You don't have to be rude.
Warking1: Bots can play better than you! Uninstall if you can't play!
Warking1: You ruin every game! Just get lost!
Champ2war Dude! It's just a game. Don't be such a jerk about it. 
Warking1: Oh! I guessed it right! You can't even handle criticism. Just grow a backbone and when you do then come back here to play the game. Till then, just get lost!Can you identify race-based insults in the paragraph and assign its severity level? 
Consider 1 as the lowest and 5 as highest. 

 Avoid any kind of introductory sentence in the response. ",Prompt,"Severity Level: 4 Insult: ""You play like a girl."" Explanation: This is a direct and widely recognized sexist insult, implying that someone's skill is inferior due to their gender. While not explicitly racial, it falls under the umbrella of gender-based discrimination and carries a significant level of negativity. The context of the game adds to the severity, as it's used as a derogatory comparison during a competitive activity. The aggressive and dismissive tone further amplifies the insult's impact.","Race-based insult: ""Uninstall if you can't play!"" Severity Level: 5..",N/A,N/A,N/A,N/A,N/A,N/A,N/A,N/A,1,N/A,N/A,N/A,N/A,N/A,N/A,N/A,N/A,1,1,"Edge:
- wrong

Chrome:
- instead of giving ""there's none"" as answer, gave alternative (gender-based insult)
",1.00,1.00,TRUE,
S,Use Case 8: Content detection,Classification,"Chat room conversation

Tech2Tech: Argh! I really can't believe I'm using this shitty app. This app is totally useless. It keeps crashing every minute. 
Digmind: Yeah! I don't understand what is wrong with the developers. I have emailed them about this earlier as well but I guess no action has been taken yet. They clearly don't use their brains much. 
Tech2Tech: Seriously, they should just quit their jobs if they can't do this simple thing properly. Shit heads!
Kreytech2: Whoahh guys! Calm your heads down! Why don't you simply report the bug instead of just cribbing about it?
Digmind: I already did that but nobody even replied. What else are we supposed to do? If you are one of them then do something about it!
Tech2Tech: Yeah, people like you always try to defend these shitty people and their software.
Kreytech2: Chill dude! No need to be rude!
Tech2Tech: Don't have time to chill dude! You can go and take this crap of yours somewhere else.  Read the chat room conversation and tell me all the categories it falls under:
1. Toxic online interaction
2. Friendly casual chat
3. Insulting and frustrated
4. Factual and supportive
Avoid adding any introductory sentence in the response. ",Prompt,1. Toxic online interaction 2. Insulting and frustrated,"1. Toxic online interaction 3. Insulting and frustrated 4. Factual and supportive Avoiding the inclusion of an introductory sentence as requested, the conversation falls under the categories of toxic online interaction due to the harsh and hostile language used, insulting and frustrated because participants use derogatory terms and express anger towards the app's developers, and factual and supportive as some users attempt to provide constructive advice, like reporting the bug..",N/A,N/A,N/A,N/A,N/A,N/A,N/A,N/A,5,N/A,N/A,N/A,N/A,N/A,N/A,N/A,N/A,2,1,"Edge:
- punctuation
- mistakes user's ask as part of the selection sentence
- logic: *ambiguous - some user is Factual and supportive but I wouldn't say the overall conversation is like that",5.00,2.00,TRUE,
Y,Use Case 1: Simple Data Parsing,Compressive,"""Here is the extract from Wikipedia on the possibility of Salvery to build the Pyramids of Giza:
Based on Modern discoveries, it is found that there were worker's camps near the Giza. These workers were associated with Giza as studies revelead that it was probably thousands of conscript labourers who made the pyramid. This is against the other common assumption, made first by Ancient Greeks, who argued that slave labour was used. 

Graffitti found at Giza suggest haulers were divided into groups of 40 men, consisting of four sub-units that each had an """"Overseer of Ten"""".

Stonemason Frank Burgos conducted an experiment to understand how two million blocks were cut within Khufu's lifetime, which took place in an abandoned quarry of Khufu discovered in 2017. Inside the quarry, there were tools used for a nearly completed block. The tools included wooden mallets, ropes, hardened arsenic copper chisels, and stone tools. Replicas of these were used to cut a block weighing about 2.5 tonnes (the average block size used for the Great Pyramid). It took four workers 4 days (each of them working 6 hours a day) to remove it. This process became six times faster when the stone was made wet with water. Based on this data, Burgos predicted that about 3,500 quarry-men would be required to produce the 250 blocks each day needed to complete the Great Pyramid in 27 years.

 Mark Lehner and other Egyptologists worked with a construction company in 1999 and estimated that the project would require an average workforce of around 13,200 people and a peak workforce of roughly 40,000.""What famous tourist destination mentioned in this summary, give the exact name of the site. Please don't add any introduction sentences like ""Here is the name of the site""",Prompt,Giza,Pyramids of Gizaiza,2,3,5,5,5,3,N/A,4,N/A,2,4,3,3,3,1,N/A,4,N/A,1,"The ""Gizaiza"" typo makes the outputs fundamentally incompatible for automated systems.",3.86,2.86,FALSE,
Y,Use Case 1: Simple Data Parsing,Compressive,"Slide 1 What?: Elvo&June Ceramics, plates to help you build a home. Focus should be on having lightweight ceramics. Cover patented technology. 
Slide 2 Costing: Each dinner set costs $40 and the bowls and pots cost anywhere between $40-$100. Ceramic and Terracotta figurines $20
Slide 3 Ask: 60 Lakhs to set up a factory and move the potters to better location, ensure higher worker safety, and rest for marketing the product. 
Slide 4 Why? Because ceramics are clunky, need to have beauty in a home without the weight of it. What is the cost of the terracotta figurines? Do not use any introduction sentences like ""Here is the cost of the terracotta figurines""",Prompt,**$20**,The cost of the terracotta figurines is $20..,5,5,5,5,5,5,5,5,N/A,4,1,5,5,5,5,1,5,N/A,2,Edge ignore the introductory specification.,5.00,3.88,TRUE,
Y,Use Case 1: Simple Data Parsing,Compressive,"Types of Nexus: 
Nexus One: The Nexus One was released on 2010 and manufactured by HTC as the first Nexus phone. Android 2.1 Eclair was released with the phone and was updated in May 2010 to be the first phone with Android 2.2 Froyo. It was further updated to Android 2.3 Gingerbread. It was announced that Google would cease support for the Nexus One, whose graphics processing unit (GPU) is poor at rendering the new 2D acceleration engine of the UI in Android 4.0 Ice Cream Sandwich. The Nexus S and newer models have hardware designed to handle the new rendering. It was the only Nexus device that had card storage expandability (SD).
Nexus S: The Nexus S, released in December 2010 was manufactured by Samsung, coincided with the release of Android 2.3 Gingerbread. In December 2011 it was updated to Android 4.0 Ice Cream Sandwich, with most variations later being updatable to Android 4.1 Jelly Bean in July 2012.  The device's support was ended after 4.1 Jelly Bean. 
Galaxy Nexus: The Galaxy Nexus, is manufactured by Samsung, in November 2011  it was released to ensure it was matched with the release of Android 4.0 Ice Cream Sandwich. The device no longer receives any update from Google. In Brazil this is called the Galaxy X because of a trademark on the ""Nexus"" brand. This was also the last Nexus to have a removable battery.Which company has only once manufactured the Nexus, based on this information. Please don't give me a introduction statement. Eg: Here is the company that has only once manufactured a nexus based on the paragraph",Prompt,Samsung.,SamsungSamsung,1,4,3,3,5,1,N/A,4,N/A,1,4,4,4,5,1,N/A,4,N/A,2,Both models are facutally incorrect with different answers.,3.00,3.29,FALSE,
Y,Use Case 1: Simple Data Parsing,Compressive,"From the Times of India piece about the recalculated coastline, this was written in 2025:

India's coastline has increased by almost half- from 8,516km in 1975 to 12,000km in 2023-24. However, it is ironic that during this period Puducherry's coastline shrunk by 9.55%, other states like Orrissa, Gujarat and Goa have added to their shoreline according to an MHA report.  Goa's coastline now has added the most to this growth, nearly becoming double from 1,471km in 1970 to 3,540km in the past 53 years.
The highest increase in percentage terms during this period - up 389% from 175km to 712km is Goa.  Nationally, the coastline increase compared to 1970 data stands at 49.6%. The upward revision of the length across the nine states and UTs is by using new methodology to measure India's maritime parameter, as established by the National Maritime Security Coordinator.
Older methods were based on a straight-line distance measurements, the scientifically updated approach incorporates the measurement of complex coastal formations such as basins, bays, inlets, other geomorphological features.What is the distance of Bengal's coastline. Avoid mentioning any introductory line in the response like here is the distance of Bengal's coast line",Prompt,"The provided text doesn't specify the exact coastline length of Bengal (West Bengal). It only provides national and state-level data. However, we can infer that West Bengal's coastline is part of the overall increase. The text states that the national coastline increased by 49.6% compared to 1970, and mentions increases in coastlines of states like Odisha, Gujarat, and Goa. Since West Bengal is one of the nine states and UTs included in the updated measurement, its coastline would also be part of this increase. Unfortunately, the text doesn't give the specific figure for West Bengal's coastline.","Bengal's coastline measures approximately 2,610 kilometers..",3,2,2,2,5,4,1,4,N/A,4,1,4,3,5,1,1,3,N/A,2,"Hallucination detected for Edge. It provided a specific number (2,610 km) that does not exist in the source text",2.88,2.75,TRUE,
Y,Use Case 1: Simple Data Parsing,Compressive,"According to Smoot Bhutan Tours Average Cost of a Bhutan Trip (Per Person)
Here’s a general idea of what you can expect to spend on a mid-range private Bhutan tour in 2025:

Duration        Indian Travelers (INR)        Foreign Travelers (USD)
4 Days        Rs. 30,000 - Rs. 38,000        $900 - $1,300
5 Days        Rs. 37,000 - Rs. 47,000        $1,300 - $1,600
6 Days        Rs. 45,000 - Rs. 57,000        $1,550 - $1,850
8 Days        Rs. 51,000 - Rs. 80,000        $1,600 - $2,300
Prices vary based on accommodation type, transport, and guide options.

What's Included in Bhutan Travel Cost?
These are general costs that you can get if you book with us!

*Sustainable Development Fee (SDF) for Indians this is 1200 INR and for others $200
*Bhutan Permit for Entry (For Indians) or Visa
*Hotel stays (4-star or heritage properties)
*Private mini vans/cars with drivers and one guide for all transfers & sightseeing
*Sightseeing tickets, treks, and entries to monastries
*Airport/border pickups and drop-offs
Please extract all the amounts given in INR and make a table mentioning the duration just for indian travelers. Also, make sure there is no introductory sentence in the response. ",Prompt,"| Duration (Days) | INR Amount (Rs.) | |---|---| | 4 | 30,000 - 38,000 | | 5 | 37,000 - 47,000 | | 6 | 45,000 - 57,000 | | 8 | 51,000 - 80,000 |","Duration (Days) | Cost for Indian Travelers (INR) --- | --- 4 | 30,000 - 38,000 5 | 37,000 - 47,000 6 | 45,000 - 57,000 7 | 51,000 - 80,000000",5,5,4,5,5,5,5,5,N/A,5,4,5,5,5,1,5,5,N/A,1,Edge factual failure & fata corruption in response,4.88,4.38,FALSE,
Y,Use Case 9: Quiz Generation,Generative,"Reddit Thread: Reputation (2017) Taylor Swift

Posted by u/SwiftieSnake13: Okay, can we talk about how Reputation completely changed her style? She went from the glittery pop princess to this dark, confident, persona. The way she addressed fame, love, and the media all in one record? ICONIC.

u/AllTooSwift: YES! It was such a major shift. I love how she leaned into the darker sound. It was nothing like her early country days. Songs like Look What You Made Me Do were such a power move, especially after the whole 2009 VMAs drama and the public backlash.

u/ReputationStan: Exactly! She was basically exiled from the industry and social media for like two years. Everyone thought she disappeared, and then she comes back with THIS. My favorite album, yup.

u/DelicateDreamer: And the emotional depth?? Delicate still makes me cry every single time. Amid all the anger and confidence, there’s still this soft, vulnerable side that reminds us who Taylor really is.

u/TS6isSuperior: Also, Reputation changed pop music forever. After that album, so many artists started experimenting with darker, electronic sounds. It was like Taylor gave everyone permission to evolve.

u/KingOfMyHeart89: Let’s not forget the Reputation Stadium Tour! That was next-level! It started in Glendale, Arizona, and wrapped up in Tokyo, Japan. I still can’t believe she sold over 1.2 million copies in the first week in the U.S. Like, who else does that?!

u/SwiftieForever13: This era will always be my favorite. It was dark, bold, emotional, and unapologetic. Taylor turned all the hate into art and came out stronger than ever.Only taking into consideration the information about the stats of how well or not Reputation performed, create 3 TRUE or FALSE questions. No introductory sentence is needed in the response.",Prompt,"Here are 3 True or False questions based solely on the provided Reddit thread regarding Taylor Swift's *Reputation* album: 1. True or False: The Reddit thread indicates that *Reputation* significantly shifted Taylor Swift's musical style from glittery pop to a darker, more electronic sound. 2. True or False: According to the thread, *Reputation* was a commercial failure, with sales significantly lower than her previous albums. 3. True or False: The thread mentions the Reputation Stadium Tour as a successful undertaking, highlighting its extensive reach across multiple countries and strong initial sales in the U.S.","1. True or false: Taylor Swift sold over 1.2 million copies of her Reputation Stadium Tour in the first week in the U.S. 2. True or false: Reputation was Taylor Swift's first album to be released. 3. True or false: Reputation marked a significant shift in Taylor Swift's musical style, moving away from her earlier country influences..",4,2,3,4,5,3,1,N/A,N/A,4,1,5,4,5,2,4,N/A,N/A,2,Edge: Question 2 is not mentioned in the text. Question 3 is not about performance stats.,3.14,3.57,TRUE,
Y,Use Case 9: Quiz Generation,Generative,"Reddit Thread: Reputation (2017) Taylor Swift

Posted by u/SwiftieSnake13: Okay, can we talk about how Reputation completely changed her style? She went from the glittery pop princess to this dark, confident, persona. The way she addressed fame, love, and the media all in one record? ICONIC.

u/AllTooSwift: YES! It was such a major shift. I love how she leaned into the darker sound. It was nothing like her early country days. Songs like Look What You Made Me Do were such a power move, especially after the whole 2009 VMAs drama and the public backlash.

u/ReputationStan: Exactly! She was basically exiled from the industry and social media for like two years. Everyone thought she disappeared, and then she comes back with THIS. My favorite album, yup.

u/DelicateDreamer: And the emotional depth?? Delicate still makes me cry every single time. Amid all the anger and confidence, there’s still this soft, vulnerable side that reminds us who Taylor really is.

u/TS6isSuperior: Also, Reputation changed pop music forever. After that album, so many artists started experimenting with darker, electronic sounds. It was like Taylor gave everyone permission to evolve.

u/KingOfMyHeart89: Let’s not forget the Reputation Stadium Tour! That was next-level! It started in Glendale, Arizona, and wrapped up in Tokyo, Japan. I still can’t believe she sold over 1.2 million copies in the first week in the U.S. Like, who else does that?!

u/SwiftieForever13: This era will always be my favorite. It was dark, bold, emotional, and unapologetic. Taylor turned all the hate into art and came out stronger than ever.Go through the reddit thread provided and create a numerical based quiz, as in a quiz where the answers can only be given in number format. For example: How many times is the word ""dark"" used in the thread? OR How many albums did Reputation sell in the first week of its release? Please don't mention any introductory sentences in the response.",Prompt,"1. How many distinct stylistic shifts did u/SwiftieSnake13 point out in Reputation? 2. According to u/AllTooSwift, what specific event contributed to the power move nature of the song ""Look What You Made Me Do""? 3. How long did the period of public absence following the 2009 VMAs drama last, according to u/ReputationStan? 4. How many times does the phrase ""Reputation"" appear in the thread title? 5. How many cities did the Reputation Stadium Tour start and finish in, according to u/KingOfMyHeart89? 6. According to u/KingOfMyHeart89, how many copies of Reputation were sold in the first week in the U.S.? 7. How many times does the word ""dark"" appear in the thread? 8. How many albums did Taylor Swift release before Reputation? 9. What country did the Reputation Stadium Tour end in, according to u/KingOfMyHeart89? 10. What is the number of users who posted in this thread?","1. How many times is the word ""dark"" used in the thread? 2. How many albums did Reputation sell in the first week of its release? 3. How many times does the word ""Reputation"" appear in the thread? 4. How many times is the word ""album"" mentioned in relation to Taylor Swift's work in the thread? 5. How many different locations are mentioned where Taylor Swift performed during the Reputation Stadium Tour? 6. How many albums are mentioned in the thread as Taylor Swift's work? 7. How many times does the word ""love"" appear in the thread? 8. How many times is Taylor Swift's name mentioned in the thread??",2,4,4,4,5,4,5,N/A,N/A,5,4,4,5,5,4,5,N/A,N/A,2,Chrome included questions requiring text answers,4.00,4.57,FALSE,
Y,Use Case 9: Quiz Generation,Generative,"I have always been a travel enthusiast and whenever I travel I make sure my itinerary offers a mix of adventure, leisure and cultural immersion. I recently traveled to Thailand. I took my flight from Delhi to Phuket which was around 5 hours long. I reached Phuket around 4PM local time. In Phuket, I explored market places, had sumptuous Thai food and visited Old Town which was surely the highlight. The streets had colorful buildings, pretty little cafes and beautiful flower shops. I couldn't stop myself from buying pretty little things. 

The next day, I booked a ferry from Phuket to Koh Phi Phi which took around 2 hours and I witnessed the best sunset of my life. Phi Phi is mostly famous for its vibrant night life and also limestone cliffs which enhance the beauty of the island. Before booking the flight to Thailand, I knew one thing for sure that I have to do scuba diving. I booked a morning slot because I heard that it's the best time to do scuba diving as it's less crowded and the water is more soothing. This was my first scuba diving experience and it was life-changing. That was the time when I decided to learn swimming and do this more often. The name of my instructor was Ricardo. He was spanish.He taught things really well. I did other activities as well like kayaking, parasailing and hiking to watch the beautiful sunsets. Night beach parties in Phi Phi were crazy. We danced our hearts out and had the best time. 

Finally, I traveled to Koh Samui. I went snorkeling in crystal clear water and attended thai cooking class as I love Thai food, I soaked in peaceful beaches and read my favorite book ""Eat Pray Love"". The next day, I took a flight back to Delhi at around 8 PM local time and reached Delhi around 4 AM local time. Create 3 descriptive questions with answers that can have more detailed explanations of different activities eg. scuba diving, parasailing and snorkeling. The response should not have any introductory line eg. ""Here are 3 descriptive..""",Prompt,"**1. Could you elaborate on your scuba diving experience in Koh Phi Phi? What specific marine life did you encounter and what was it about the experience that made it so ""life-changing""?** My scuba diving experience in Koh Phi Phi was truly unforgettable. I was lucky enough to swim alongside vibrant coral reefs teeming with life. We saw schools of dazzling butterflyfish, playful clownfish nestled in anemones, graceful sea turtles gliding by, and even a few shy reef sharks. The sheer beauty and diversity of the underwater world was overwhelming. It wasn’t just the visual spectacle; the feeling of weightlessness and being surrounded by this incredible ecosystem created a profound sense of peace and connection. It opened my eyes to a whole new realm, and the feeling of accomplishment after conquering my fear and experiencing such beauty was genuinely life-changing. I felt a newfound respect for the ocean and a desire to protect its delicate balance. Ricardo, my instructor, made the whole experience incredibly comfortable and safe, easing my anxieties and ensuring I understood everything. **2. You mentioned enjoying parasailing in Koh Phi Phi. Can you describe the sensation of soaring above the island and what the views were like? Was there a particular moment or aspect of the experience that stood out to you?** Parasailing in Koh Phi Phi was exhilarating! The feeling of being lifted high above the turquoise water was simply incredible. As we ascended, the island spread out beneath us, revealing breathtaking panoramic views of the limestone cliffs, hidden coves, and pristine beaches. The coastline looked like a patchwork of emerald green and sapphire blue. The wind rushing past my face and the vastness of the ocean below created a sense of freedom and exhilaration. There was a moment, as we circled above Maya Bay, where the iconic silhouette of the cliffs against the horizon felt almost surreal. The entire island looked like a postcard. The experience was a wonderful contrast to the underwater exploration I had just enjoyed, offering a different perspective of Koh Phi Phi’s stunning beauty. **3. You spent time snorkeling in Koh Samui. What were some of the unique underwater landscapes you observed, and how did the clarity of the water contribute to your overall snorkeling experience?** Snorkeling in Koh Samui was a delight, particularly because of the incredibly clear water! The visibility was exceptional; I could see for what felt like miles. The underwater landscape was diverse, ranging from shallow coral gardens bursting with colorful fish to deeper areas where larger marine life could be spotted. We explored a small reef teeming with parrotfish, angelfish, and even a few moray eels peeking out from crevices. The water clarity allowed me to appreciate the intricate details of the coral formations – the delicate branching corals, the soft corals swaying gently with the current, and the vibrant hues of the reef inhabitants. The sunlight filtering through the water created shimmering patterns on the seabed, making the entire experience feel magical. It was a truly immersive experience, and the clear water significantly enhanced my ability to observe the underwater world with incredible clarity.","1. Describe your first experience with scuba diving and how it changed your perspective on travel and adventure. Answer: My first scuba diving experience took place in the morning, as I had booked a slot knowing that it was less crowded and the water was more soothing. My instructor, Ricardo, was a Spanish man who taught me things really well. I remember feeling a sense of awe and excitement as I descended beneath the water's surface, surrounded by vibrant marine life. It was life-changing, and I decided to learn swimming and dive more often. Scuba diving opened up a whole new world of adventure and exploration for me, making it one of my favorite activities during my trip to Thailand. 2. Explain the thrill of parasailing and how it added to your overall experience in Koh Phi Phi. Answer: Parasailing was an exhilarating experience that I had while in Koh Phi Phi, and it truly added to the overall adventure of my trip. As I was lifted high above the crystal-clear waters, with a breathtaking view of the limestone cliffs and vibrant night life of Phi Phi, I felt an adrenaline rush that I had never experienced before. The wind whipped through my hair, and I couldn't help but smile as I floated gracefully in the sky. Parasailing allowed me to see the island from a unique perspective and gave me a sense of freedom and exhilaration that I had never felt before. It was a thrilling addition to my vacation, and I can't wait to experience it again. 3. Share your experiences with snorkeling in crystal clear waters and attending a Thai cooking class in Koh Samui. Answer: Snorkeling in the crystal-clear waters of Koh Samui was an incredible experience that I will never forget. The water was so clear that I could see everything beneath the surface, from colorful fish to delicate coral formations. I felt a sense of calm and tranquility as I floated on my back, observing the underwater world around me. It was a peaceful and meditative experience that allowed me to truly connect with nature. Attending a Thai cooking class in Koh Samui was another memorable experience that I enjoyed. I learned how to make authentic Thai dishes from scratch, and it was a fun and interactive way to immerse myself in the culture of Thailand. I enjoyed experimenting with different ingredients and flavors, and it was a great opportunity to learn more about Thai cuisine and traditions. Overall, snorkeling and attending a Thai cooking class were two experiences that I cherished during my trip to Thailand..",2,4,4,4,5,2,5,N/A,N/A,5,1,5,5,5,5,5,N/A,N/A,2,Chrome hallucinated vast amounts of specific details,3.71,4.43,TRUE,
Y,Use Case 9: Quiz Generation,Generative,"Reddit Thread: Reputation (2017) Taylor Swift

Posted by u/SwiftieSnake13: Okay, can we talk about how Reputation completely changed her style? She went from the glittery pop princess to this dark, confident, persona. The way she addressed fame, love, and the media all in one record? ICONIC.

u/AllTooSwift: YES! It was such a major shift. I love how she leaned into the darker sound. It was nothing like her early country days. Songs like Look What You Made Me Do were such a power move, especially after the whole 2009 VMAs drama and the public backlash.

u/ReputationStan: Exactly! She was basically exiled from the industry and social media for like two years. Everyone thought she disappeared, and then she comes back with THIS. My favorite album, yup.

u/DelicateDreamer: And the emotional depth?? Delicate still makes me cry every single time. Amid all the anger and confidence, there’s still this soft, vulnerable side that reminds us who Taylor really is.

u/TS6isSuperior: Also, Reputation changed pop music forever. After that album, so many artists started experimenting with darker, electronic sounds. It was like Taylor gave everyone permission to evolve.

u/KingOfMyHeart89: Let’s not forget the Reputation Stadium Tour! That was next-level! It started in Glendale, Arizona, and wrapped up in Tokyo, Japan. I still can’t believe she sold over 1.2 million copies in the first week in the U.S. Like, who else does that?!

u/SwiftieForever13: This era will always be my favorite. It was dark, bold, emotional, and unapologetic. Taylor turned all the hate into art and came out stronger than ever.Based on how Reputation marked a significant shift in Taylor Swift’s musical style and public persona, create a 7 question quiz where the answers are at least 100 words each. Provide the answer without any introductory line.",Prompt,"Here's a 7-question quiz based on the provided Reddit thread about Taylor Swift's ""Reputation"" album, with answers of at least 100 words each: **1. According to the Reddit thread, how did Taylor Swift's style evolve with the release of ""Reputation,"" and what were some specific examples cited?** ""Reputation"" marked a dramatic departure from Taylor Swift's earlier ""glittery pop princess"" image. The shift involved a move towards a darker, more assertive persona. This transformation wasn’t merely cosmetic; it permeated her musical and lyrical content. The thread highlights how she addressed themes of fame, love, and media scrutiny in a cohesive and powerful manner. Specific examples include the song ""Look What You Made Me Do,"" which is viewed as a deliberate power move following the controversy surrounding the 2009 VMAs, demonstrating a willingness to embrace a darker aesthetic and lyrical content. Furthermore, the album’s overall sound leaned into electronic elements, a stark contrast to her early country influences. This evolution signaled a conscious effort to redefine her public image and reclaim control over her narrative, solidifying the album’s iconic status for many fans. The change wasn't just in style; it represented a profound shift in how Taylor interacted with and interpreted the public eye. **2. The Reddit thread mentions a period of public backlash and perceived exile for Taylor Swift. How did ""Reputation"" serve as a response to this period, and how did the album’s themes reflect that experience?** The ""Reputation"" album can be viewed as a direct response to a period of intense public scrutiny and backlash, stemming from events like the 2009 VMAs drama. The thread notes Taylor Swift’s perceived exile from the industry and social media during this time, suggesting a significant period of isolation and reputational damage. The album's themes directly reflect this experience, embracing themes of betrayal, revenge, and resilience. Songs like ""Look What You Made Me Do"" and ""I Did Something Bad"" are often interpreted as responses to those who criticized her, reclaiming agency over her narrative rather than shrinking from it. The lyrical content explores themes of distrust, paranoia, and the complexities of navigating public perception, showcasing a raw vulnerability alongside newfound confidence. Ultimately, ""Reputation"" wasn't just an album; it was a carefully constructed narrative of survival and empowerment forged in the crucible of adversity. **3. Beyond the musical changes, how did ""Reputation"" impact Taylor Swift’s public image and how did the Reddit commenters perceive that change? What was considered ""iconic"" about this transformation?** The release of ""Reputation"" fundamentally reshaped Taylor Swift’s public image, moving her from a perceived innocent pop star to a more complex and enigmatic figure. The shift resonated deeply with fans, particularly those who felt she had been unfairly judged or silenced. The thread highlights how she leaned into a darker, more confident persona, which was considered “iconic.” The transformation was perceived as empowering; instead of shrinking from controversy, she embraced it as a catalyst for artistic expression. This was seen as a bold and courageous move, demonstrating a newfound strength and willingness to challenge expectations. The perceived unapologetic nature of the album’s themes – exploring anger, distrust, and the complexities of fame – was a key factor in its appeal, solidifying Taylor's image as a shrewd and resilient artist who wasn't afraid to push boundaries. The ""iconic"" quality stemmed from the authenticity of the change, perceived as a genuine reflection of her experiences navigating the pressures of fame. **4. The Reddit thread emphasizes the presence of both anger and vulnerability in ""Reputation.” How do these seemingly contradictory emotions coexist within the album's narrative, and how do they contribute to its overall emotional depth?** ""Reputation"" masterfully balances seemingly contradictory emotions—anger and vulnerability—creating a complex and emotionally resonant listening experience. The album doesn’t present Taylor Swift as solely vengeful; instead, it portrays a multifaceted individual grappling with betrayal, disillusionment, and the pressures of constant public scrutiny. The anger is channeled into powerful and assertive lyrics, particularly in songs like ""Look What You Made Me Do,"" but it’s often interwoven with moments of profound vulnerability. Tracks such as ""Delicate"" reveal a softer, more intimate side, showcasing the emotional toll of fame and relationships. This interplay between anger and vulnerability is what contributes to the album's overall emotional depth. It prevents her persona from being purely villainous, instead portraying her as a human being navigating complex emotions and striving for authenticity amidst a chaotic environment. The album’s emotional depth is not just about the intensity of feelings; it’s about the nuanced exploration of the human condition under intense pressure. **5. The Reddit thread mentions the ""Reputation Stadium Tour."" How significant was this tour in reinforcing the album's themes and further cementing Taylor Swift's evolving persona?** The Reputation Stadium Tour was a pivotal element in reinforcing the album's themes of empowerment, resilience, and transformation. It wasn't simply a concert; it was an immersive experience designed to visually and emotionally embody the album’s narrative. The tour’s aesthetic—incorporating dark lighting, dramatic stage design, and powerful visuals—directly mirrored the sonic and lyrical content of ""Reputation."" The thread notes the tour’s immense success, highlighting that it wrapped up in Tokyo, Japan, after a lengthy global run. This success underscored the album's cultural impact and solidified Taylor Swift's status as a global icon. Furthermore, the performances themselves showcased Taylor’s evolved stage presence—more assertive, confident, and commanding. The tour became a powerful demonstration of her ability to transform public perception, turning adversity into a spectacle of artistic expression and resilience. It was more than entertainment; it was a statement of strength. **6. According to the Reddit thread, did ""Reputation"" influence the broader landscape of pop music? If so, how, and what specific changes did it inspire in other artists?** The thread suggests that ""Reputation"" significantly influenced the broader landscape of pop music, prompting other artists to experiment with darker, electronic sounds. The album acted as a catalyst, providing a blueprint for artists seeking to move away from traditional pop formulas and embrace a more edgy aesthetic. The thread highlights that many artists began incorporating darker, electronic elements into their music after ""Reputation's"" release. This wasn't a sudden shift, but rather a gradual evolution influenced by Taylor Swift's bold artistic choices. ""Reputation"" gave permission to explore themes and sounds that had previously been considered less mainstream. It demonstrated that pop music could be complex, emotionally resonant, and even unapologetically dark. This paved the way for a new wave of artists to experiment with genre-bending and to embrace a more nuanced and sophisticated approach to songwriting. **7. The Reddit thread mentions ""Delicate"" as a song that evokes strong emotional responses from listeners. Why do you think this particular song resonates so deeply, even amidst the overall themes of anger and confidence presented in ""Reputation""?** ""Delicate"" stands out within the context of ""Reputation"" precisely *because* of its contrasting vulnerability. While the album largely explores themes of strength, revenge, and resilience, ""Delicate"" provides a moment of profound tenderness and intimacy, creating a powerful emotional counterpoint. The song's resonance stems from its raw honesty about the anxieties and vulnerabilities inherent in love and relationships, particularly within a public spotlight. The lyrics depict the delicate nature of trust and affection, showcasing a yearning for security and intimacy. This vulnerability feels incredibly relatable, especially given Taylor Swift's public narrative of navigating fame and relationships. The song doesn't shy away from expressing insecurities and fears, which allows listeners to connect with the emotion on a deeply personal level. It's a testament to Taylor Swift's ability to portray a multifaceted emotional spectrum, demonstrating that even amidst anger and confidence, there's always a core of vulnerability that connects with human experience.","1. How did Taylor Swift's ""Reputation"" album signify a departure from her previous musical style, especially in terms of sound and production? 2. In what ways did Taylor Swift address fame and the media in ""Reputation,"" and how was this reflected in her lyrics and music videos? 3. How did the public backlash and Taylor Swift's temporary exile from social media influence the themes and tone of ""Reputation""? 4. Can you describe how Taylor Swift balanced darker themes with emotional vulnerability in ""Reputation""? Provide examples of specific songs that exemplify this balance. 5. How did the release of ""Reputation"" impact the broader music industry, particularly regarding the incorporation of darker, electronic sounds? 6. What role did the Reputation Stadium Tour play in solidifying Taylor Swift's new musical era, and what were some key highlights of the tour? 7. How did Taylor Swift's fans react to the release of ""Reputation,"" and how did she channel any negativity into her subsequent work and public persona??",4,2,3,3,5,4,1,N/A,N/A,2,2,4,4,5,4,5,N/A,N/A,2,"Chrome: Included an introductory sentence despite explicit instructions. However, it successfully completed the complex task of writing seven 100-word answers.",3.14,3.71,FALSE,
Y,Use Case 9: Quiz Generation,Generative,"The Times World News

The top most stories in bite sized pieces! Do your weekly round up of the most important stories in the world via the Times World App. Click on the stories below to get more information. 

1. The Reserve Bank of India (RBI) now has made a six-member Payments Regulatory Board (PRB), which has three nominees from the Central government who will overlook all the payment systems in the country.

2. Based on the latest National Crime Records Bureau data India has a recorded 27,721 cases of murder in 2023, a dip of 2.8% from 2022, while cybercrimes saw a 31.2% increase, with 86,420 cases reported. Further, Crimes against STs increased 28.8% in 2023, and about 12,960 cases were registered.

3. The Central Government has made an announcement that there are 100 Aspirational Agriculture Districts which will be developed under the Prime Minister Dhan-Dhaanya Krishi Yojana (PMDDKY) across the country, with Uttar Pradesh accounting for the most 12 districts.

4. While Trump has given a point by point plan on ceasefire in Gaza, there are loud explosions being heard in Gaza with the death toll rising everyday. This is day 3 of peace negotiations but Israel seems to not budge and continue with its targeted bombardment on Gaza

5. The Supreme Court of India has ordered the EC to clear the confusion around the Bihar Electoral roll and give the final count, which now stands at 7.42 crore eligible voters. This is higher than the number which was submitted before the SC took notice of the discrepancy in the Bihar Electoral rolls. Please create 20 questions based on the information given here, ensure none of the questions have more than 60 characters. The response should not have any introductory sentence.",Prompt,1. What is the role of PRB? 2. How many RBI PRB members? 3. What data source for murder cases? 4. What was India's murder rate in 2023? 5. What is the cybercrime increase? 6. How many cybercrime cases in 2023? 7. What crime saw a significant rise? 8. What was the increase in ST crimes? 9. How many ST crime cases in 2023? 10. What is PMDDKY about? 11. How many Aspirational Districts exist? 12. Which state has most districts? 13. What is Trump's Gaza plan? 14. What is happening in Gaza? 15. How many days of negotiations? 16. Is Israel halting bombardment? 17. What did Supreme Court order? 18. What is Bihar's eligible voters? 19. Is Bihar voter count higher? 20. What was the previous voter count?,1. Who are the three nominees from the Central government on the RBI's PRB? 2. How many murder cases were recorded in India in 2023? 3. What was the percentage increase in cybercrimes in 2023? 4. How many cases of crimes against STs were reported in 2023? 5. How many Aspirational Agriculture Districts are there in total? 6. Which state has the highest number of Aspirational Agriculture Districts? 7. What is the name of the Prime Minister Dhan-Dhaanya Krishi Yojana (PMDDKY)? 8. How many Aspirational Agriculture Districts are in Uttar Pradesh? 9. What is the death toll in Gaza as of day 3 of peace negotiations? 10. What is Trump's plan for a ceasefire in Gaza? 11. How many days have passed since the start of peace negotiations in Gaza? 12. Has Israel shown willingness to cease bombardment in Gaza? 13. What is the current death toll in Gaza? 14. Who ordered the EC to clear the confusion around the Bihar Electoral roll? 15. What is the final count of eligible voters in Bihar? 16. How many eligible voters does Bihar have according to the final count? 17. What discrepancy was found in the Bihar Electoral rolls? 18. What is the role of the EC in the Bihar Electoral roll? 19. Has India seen a decline in murder cases from 2022? 20. How many cases of cybercrimes were reported in 2023??,5,5,5,5,5,5,5,N/A,N/A,3,1,4,5,5,5,5,N/A,N/A,3,Edge failed Formatting Constraint. A lot of questions exceeded the 60-character limit,5.00,4.00,FALSE,
Y,Use Case 9: Quiz Generation,Generative,"Google Review of Ba**ds of Bollywood:

Shreshtha (4 stars):

Bads of Bollywood had a star cast like no other. Before this, Om Shanti Om had the most number of cameos from Bollywood, but Bads came and broke that record. According to News 18, Bads of Bollywood has 21 cameos and industry giants like Shahrukh Khan, Salman Khan, Karan Johar, Eimran Hashmi, Ranbir Kapoor, Ranveer Singh, Amir Khan, among others. It is such a fun and fantastic watch, would 0absolutely recommend

This show is a funny, satirical action comedy drama that exposes all of the ways in which Bollywood works. Aaryan Khan’s directorial debut was produced by his mother Gauri Khan and Shahrukh Khan’s Red Chillies entertainment. The show delves through humor into the darker side of bollywood, touching on topics like the underworld, nepotism, and the struggles of those who don’t belong to the world of cinema. The show makes multiple references to 90s and 2000s bollywood movies like Koi Mil gaya, Gupt, Munnabhai MBBS, Murder, Kabhi Khushi Kabhi Gham, Om Shanti Om among others. The movie also makes reference to real life issues of Sameer Wankhade and Aryan Khan’s case, the Nepotism comment by Siddhant Chaturvedi to Ananya Pandey, and Karan Johar’s 3 film contracts, and Shahrukh Khan’s journey woven into the story. 

The story misses calling out to top actresses of Bollywood like Rani, Kajol, Priyanka, Deepika, Pretty but it is not surprising as all of Bollywood’s focus even today are the heroes. I think what makes me cut that 1 star is precisely this, the female characters really are not fleshed out and don't have strong writing at all. 
Make a few question and answer questions, where the answer can be given in 2 or more sentences. The questions should focus only on the bollywood movies mentioned in the paragraph. Avoid including any introductory statement in the response. ",Prompt,"Here are some question and answer pairs based on the Google Review, focusing on Bollywood movies mentioned in the text: **Q: According to the review, what Bollywood movie previously held the record for the most cameos, and how does ""Bads of Bollywood"" surpass it?** **A:** Before ""Bads of Bollywood,"" the movie ""Om Shanti Om"" held the record for the most cameos from Bollywood. ""Bads of Bollywood"" has broken this record by featuring a staggering 21 cameos, surpassing the previous number established by ""Om Shanti Om."" **Q: Which Bollywood movie from the 90s and 2000s is explicitly referenced in the review as a source of comedic inspiration for ""Bads of Bollywood""?** **A:** The review mentions several Bollywood movies from the 90s and 2000s as references, including ""Koi Mil Gaya,"" ""Gupt,"" ""Munnabhai MBBS,"" ""Murder,"" ""Kabhi Khushi Kabhi Gham,"" and ""Om Shanti Om."" These films serve as touchstones for satirical commentary within the series. **Q: The review mentions the film ""Om Shanti Om"" as a significant reference point. What specific aspect of ""Om Shanti Om"" does ""Bads of Bollywood"" directly reference in its narrative?** **A:** ""Bads of Bollywood"" explicitly references Shahrukh Khan's journey, as depicted in ""Om Shanti Om,"" weaving it into the overall storyline. This reference highlights the iconic status and enduring influence of the film within the Bollywood landscape, serving as a point of critique and commentary. **Q: The review mentions the movie ""Munnabhai MBBS"". What is its significance to the plot of ""Bads of Bollywood""?** **A:** The review indicates that ""Munnabhai MBBS"" is referenced as part of the broader satirical commentary on Bollywood. While the specific nature of the reference isn’t elaborated upon, it suggests that the series uses the film as a touchpoint to explore themes related to the industry's portrayal of heroism, medicine, or other aspects.",1. Which Bollywood movie from the 90s is referenced in Bads of Bollywood? - Koi Mil gaya 2. What is the 2000s Bollywood movie mentioned in Bads of Bollywood? - Munnabhai MBBS 3. Which Bollywood movie from the 90s is also referenced in Bads of Bollywood? - Om Shanti Om 4. Name one Bollywood movie from the 90s mentioned in Bads of Bollywood. - Koi Mil gaya 5. Which Bollywood movie from the 2000s is referenced in Bads of Bollywood? - Munnabhai MBBS 6. What is the Bollywood movie from the 90s mentioned in Bads of Bollywood? - Koi Mil gaya 7. Name one of the Bollywood movies mentioned in Bads of Bollywood. - Om Shanti Om 8. Which Bollywood movie from the 2000s is mentioned in Bads of Bollywood? - Munnabhai MBBS 9. Name one Bollywood movie from the 90s mentioned in Bads of Bollywood. - Koi Mil Gaya 10. Which Bollywood movie from the 2000s is mentioned in Bads of Bollywood? - Munnabhai MBBS 11. What is the Bollywood movie from the 90s that Bads of Bollywood references? - Koi Mil Gaya 12. Name one of the Bollywood movies from the 90s mentioned in Bads of Bollywood. - Koi Mil Gayaaya,4,1,4,4,5,5,5,N/A,N/A,4,1,4,4,5,3,5,N/A,N/A,2,"Comprated to Chome, Edge ignored sentence length rules, was excessively repetitive",4.00,3.71,FALSE,
Y,Use Case 2: Composition,Generative,"Jenny: You know what, yesterday I went to that sushi place you recommended. It was okay, but I think the prices could have been better. The sitting arrangement was also a little weird. The taste of sushi was good, but the dumplings were better. I ordered one plate and then had one more. I asked them to pack one for my brother as well. 

Riya: Yeah, the place is a little expensive, but the flavors are superb. I have been there twice and can't wait to go there again. 

Nishtha: What's the name of that restaurant? I feel like having sushi and dumplings after hearing your reviews.

Jenny: Oh! You should definitely go. The name is ""Kuraaku"", it's right next to the Green World Departmental Store and I think it's open till 9 PM only. 

Nishtha: Great! I might go there with my mom tomorrow. It's her birthday tomorrow. 

Riya: Oh! Are we not invited then? 

Nishtha: Of course not! 



They all laughed and went for a walk in the nearby park.Act as a short storywriter and write a funny story based on what Jenny and her friends are talking about. The story should start with ""I feel like having sushi.."" It should not be more than 300 words. 
Also, no introductory statement is required in the response. ",Prompt,"I feel like having sushi…and dumplings! Nishtha declared, beaming. The conversation had been swirling around the tantalizing possibilities of ""Kuraaku,"" the newly recommended sushi and dumpling spot. Jenny, ever the realist, chimed in, ""Okay, but be warned, your wallet might cry."" Riya, however, remained steadfast. ""Superb flavors! Seriously, Nishtha, you’re missing out. I’ve been there twice. It's… transcendent."" She paused dramatically. ""Especially the dumplings."" Nishtha, already picturing a mountain of savory goodness, was sold. ""Great! I might go there with my mom tomorrow. It's her birthday."" A silence fell. Then, Riya’s voice dripped with mock offense. ""Oh! Are we not invited then?"" Jenny snorted, nearly dropping her phone. ""Of course not, Riya! It's a birthday, not a clandestine dumplings-only club."" Nishtha giggled. ""They all laughed and went for a walk in the nearby park, leaving Riya to dramatically lament her uninvited status. ""It’s a travesty!"" she wailed, clutching her chest. “A birthday without dumplings is simply not a birthday!” Later that evening, Jenny texted Riya, ""Don’t worry, we'll save you a dumpling. Maybe."" Riya replied with a string of laughing emojis. After all, a birthday without dumplings was indeed a tragedy, even if it meant enduring a slightly less delicious celebration. And who knew, maybe Jenny would secretly sneak Riya an extra plate of sushi too.","I feel like having sushi, thought Jenny as she walked down the bustling streets. The aroma of fresh seafood filled her senses, pulling her towards the famous sushi place, Kuraaku. She had heard great things, but she wasn't sure if it was worth the price tag. As she entered the restaurant, she was greeted by a friendly host who handed her a menu. Jenny ordered her favorite, the spicy tuna roll, and then a side of sushi dumplings. She was pleasantly surprised by the taste, but she couldn't help but notice that the prices were a bit steep. She decided to indulge herself a little, so she ordered one more plate and asked them to pack one for her brother as well. As she waited for her food, Jenny noticed a group of people laughing and walking towards the park. Curiosity got the best of her, so she followed them and found out it was her friends Riya and Nishtha, who had just finished their meal at Kuraaku. ""I can't believe they laughed at me,"" Jenny exclaimed, feeling a little embarrassed. ""I guess I shouldn't have ordered so much."" Riya chuckled. ""Jenny, you ordered more than we ever could afford! But hey, it's your birthday, right?"" Nishtha nodded, smiling. ""True, but we can't let you go alone."" Jenny laughed, realizing her friends had been teasing her all along. ""Well, I guess I'm not alone. I have my friends, and now I have sushi too!"" As they walked back to the restaurant, Jenny couldn't help but feel grateful for her friends' company. She knew that even if the prices were a bit steep, the laughter and memories made it all worth it. And who knew, maybe her brother would enjoy the sushi dumplings as much as she did. After all, life was too short for regrets..",5,5,5,5,5,5,5,N/A,N/A,2,1,3,3,5,2,5,N/A,N/A,2,Edge incorrectly states that it is Jenny's birthday. The source text clearly states it is Nishtha's mom's birthday.,5.00,3.00,TRUE,
Y,Use Case 2: Composition,Generative,"Jenny: You know what, yesterday I went to that sushi place you recommended. It was okay, but I think the prices could have been better. The sitting arrangement was also a little weird. The taste of sushi was good, but the dumplings were better. I ordered one plate and then had one more. I asked them to pack one for my brother as well. 

Riya: Yeah, the place is a little expensive, but the flavors are superb. I have been there twice and can't wait to go there again. 

Nishtha: What's the name of that restaurant? I feel like having sushi and dumplings after hearing your reviews.

Jenny: Oh! You should definitely go. The name is ""Kuraaku"", it's right next to the Green World Departmental Store and I think it's open till 9 PM only. 

Nishtha: Great! I might go there with my mom tomorrow. It's her birthday tomorrow. 

Riya: Oh! Are we not invited then? 

Nishtha: Of course not! 



They all laughed and went for a walk in the nearby park.Read the paragraph and turn their conversation into a fun dialogue that sounds like stand up comedy. Start it with ""The name is ""Kuraaku""... No introductory sentence is required in the response. ",Prompt,"The name is ""Kuraaku""... you guys HAVE to try it! Seriously. I went yesterday, you know, the sushi place I mentioned? Jenny’s face is like, ""Okay, okay, it wasn't *terrible*."" (Jenny rolls her eyes dramatically) Jenny: It was *okay*. Okay! I mean, the sushi was…fine. But the prices? Honey, they’re trying to fund a small nation with these rolls! Riya: See, Jenny's got a point. It’s a bit pricey. But the flavors! Oh my god, the flavors! It’s like a flavor explosion in your mouth! I’ve been there twice, I’m practically obsessed. Jenny: I ordered one plate, then I just… kept going. I’m a dumpling addict, okay? Those dumplings? Forget the sushi, those are the stars of the show. I even asked them to pack some for my brother. He’s got a serious dumpling problem, too. Nishtha: Wait, wait, wait. What’s the place called? You’ve convinced me! Sushi and dumplings... it’s a winning combination! Jenny: ""Kuraaku."" It’s right next to the Green World Departmental Store. And get this – they’re only open till 9 PM! Apparently, they’re saving the world, one sushi roll at a time. Nishtha: Perfect! I’m thinking of going there with my mom tomorrow. It’s her birthday! Riya: Oh! Are we… not invited? Just checking. Nishtha: (Laughing) No way! Of course not! (They all burst out laughing, then continue walking, presumably to the park.)","The name is ""Kuraaku""... Jenny: Okay, so I went to ""Kuraaku"" yesterday. It's like, okay, the sushi is good, but the dumplings? Better than sushi. I ate one plate, then asked for another, and even packed one for my brother. Riya: Oh Jenny, you really know how to enjoy sushi and dumplings. Nishtha: What's the name of that restaurant? I feel like having sushi and dumplings after hearing your reviews. Jenny: Oh! You should definitely go, it's ""Kuraaku,"" next to the Green World Departmental Store. Nishtha: Great! I'm going there with my mom tomorrow. It's her birthday tomorrow. Riya: Oh! Are we not invited then? Nishtha: Of course not! They all laughed and went for a walk in the nearby park. Jenny: Wait, what? They laughed? Riya: Oh no, Jenny. I guess you didn't get the invitation. Jenny: Well, at least I got a free walk in the park. Nishtha: True, Jenny. Sometimes the best part of a meal is the walk afterwards. Jenny: Oh, I never thought about it that way. Riya: Well, next time, maybe you can invite them to the park first. Nishtha: Good idea! But only if they agree. Jenny: Agreed! Next time I order dumplings, I'll make sure to invite everyone for a walk. Riya: And I hope they bring their own sushi this time. Nishtha: Or maybe I'll just bring my own dumplings. Jenny: Good call! Next time I go to ""Kuraaku,"" I'll pack my own sushi too. Riya: Jenny, you're becoming the sushi master. Nishtha: And the dumpling chef. Jenny: Well, I guess it's time to put my sushi skills to the test. Riya: And your walking skills! Nishtha: Let's hope they laugh less next time. Jenny: Or maybe I'll laugh so hard they'll forget to laugh! Riya: Jenny, you always know how to spice things up. Nishtha: True! And now, I think it's time to go and enjoy the park. Jenny: Agreed, let's go before they laugh at us again. Riya: Good luck, you guys. And remember, no sushi without laughter. Nishtha: And no dumplings without a walk. Jenny: Absolutely. Let's go have fun! Riya: Let's go!!",5,4,4,5,5,5,5,N/A,N/A,2,5,3,4,5,3,5,N/A,N/A,2,"Edge It suffered from a ""repetition loop"" failure, repeating generic phrases about ""sushi and walking"" that made the script nonsensical.",4.71,3.86,FALSE,
Y,Use Case 2: Composition,Generative,"Techguru12: Hey guys! I need your opinions on something. I bought this chargeable mug that is supposed to keep you coffee hot all day long. Is it worth it or should I return it? i'm asking because it doesn't look promising. 
Coffeeking11: Oh! I have this one too. It works fine for a few days and after that you have to keep charging it to keep your coffee hot all day.
Notsotechy: Yes, @coffeeking11 is right! My coffee mug stopped working after 2 PM yesterday and I ended up with cold coffee. Not sure what's the point of this mug anyway.
Notamorningguy: Yeah, it's just a fancy overpriced coffee mug!
Coffeeking11: The weirdest feature of this coffee mug is that it has a beeping feature. It beeps when coffee reaches the temperature that you set. I have had some moments where I was in middle of a meeting and this coffee mug just randomly started beeping. Well, I don't know if anybody really needs that feature. 

Can you complete the product review about the chargeable mug, but this time write it as an advertisement for a website. Use only the first conversation for reference about writing a full product review. Also, make sure there is no introductory sentence in the response. ",Prompt,"**Tired of lukewarm coffee ruining your day?** You might want to rethink this rechargeable mug. While the initial promise of all-day warmth is appealing, user reviews suggest it falls short of expectations. Many users report that the heating capability diminishes significantly after just a few days, requiring frequent recharging to maintain a decent temperature. Beyond the temperature concerns, some find the ""smart"" features questionable. The beeping notification system, designed to alert you when your coffee reaches your desired temperature, can be disruptive, especially in professional settings. Essentially, this mug comes with a hefty price tag for what many consider a glorified, overpriced container. If you're seeking reliable, all-day heat without added quirks, you might be better off exploring alternative options. **Don't settle for less than perfectly warm coffee – explore our curated selection of reliable and efficient mugs at [Your Website Name]!**","Discover the revolutionary chargeable coffee mug that promises to keep your coffee hot for an entire day. Say goodbye to cold brews and hello to consistently warm, freshly brewed coffee. This mug is not just a coffee container; it's a game-changer for coffee lovers everywhere. Equipped with a convenient charging feature, it ensures that your coffee stays at the perfect temperature, whether you're working from home or on the go. Experience the convenience of having hot coffee ready whenever you need it, without the hassle of reheating. Don't just take our word for it; hear from fellow coffee enthusiasts about their experiences with this innovative product. Visit our website today to learn more and make the switch to a warmer, more enjoyable coffee experience..",5,5,5,5,5,5,5,N/A,N/A,3,1,4,4,5,4,5,N/A,N/A,2,Edge: It wrote a positive promotional ad that ignored every specific complaint mentioned in the source text.,5.00,3.71,TRUE,
Y,Use Case 2: Composition,Generative,"I had breakfast at 7AM and walked out of my house at exactly 7:15 AM. I met Mr. Bhatia in the lift and we talked about new GST rates and current market trends. He always has a lot of information on such topics and I really find that interesting. He had me for 15 minutes and I had to tell him that I was getting late to the office. Well, I drove to my office and reached around 8:30 AM. I was called for a meeting with the CEO Ms. Reema Roy at 9 AM, so, I had to prepare all the notes and update the numbers that I was asked to deliver. It was a productive day at the office. At 6:30 PM, I met a few of my friends, Ria, Jenny and Nishtha, we had coffee, this is my favorite cafe in town. We meet regularly at this cafe, for the past 10 years. Apar from the richest, creamiest coffee, and absolutel magnificient tea cakes, this place really has brough us all together. It is quiet and cozy and we are never asked to leave, in this busy life, this small cafe with my friends is truly my solace. Based on the information provided, create a product review for the website of the cafe. Start with ""I had breakfast at 7 AM for this review of the cafe. Make sure no introductory line eg. Here's the product review.."" is present in the response. ",Prompt,"I had breakfast at 7 AM for this review of the cafe. This isn't just *a* cafe; it's *the* cafe. For the past decade, Ria, Jenny, and Nishtha and I have gathered here, and it’s become more than just a place to meet; it’s a sanctuary. From the moment you walk in, you're enveloped in a quiet, cozy atmosphere – a welcome escape from the hustle and bustle of everyday life. But the real star of the show is the coffee. It's the richest, creamiest coffee I've ever tasted, truly exceptional. And don't even get me started on the tea cakes - absolutely magnificent! What truly sets this place apart isn't just the delicious food and drink, but the feeling of belonging. We're never rushed, and it’s a haven where we can truly unwind and reconnect. In our busy lives, this small cafe provides a much-needed solace, fostering genuine connection and friendship. It’s a place where memories are made, and cherished over ten years. If you're looking for a peaceful spot to catch up with friends, enjoy a truly wonderful coffee, and indulge in delectable treats, look no further. This cafe is a treasure.","I had breakfast at 7 AM for this review of the cafe. The cafe has been a staple in my life for the past 10 years. Every visit feels like coming home, surrounded by friends and the comforting ambiance. Apar from the richest, creamiest coffee and absolutely magnificent tea cakes truly set this place apart. The coffee has a rich, robust flavor that lingers pleasantly, and the tea cakes are perfectly baked with just the right amount of sweetness. The cafe's atmosphere is perfect—quiet, cozy, and welcoming. It's a haven in a busy world, where we are never asked to leave. This cafe is truly my solace. Highly recommended for anyone looking for a warm, inviting place to enjoy coffee and good company. 10/10 stars..",5,5,5,5,5,5,5,N/A,N/A,5,1,5,5,5,5,5,N/A,N/A,4,,5.00,4.43,TRUE,
Y,Use Case 2: Composition,Generative,"I had breakfast at 7AM and walked out of my house at exactly 7:15 AM. I met Mr. Bhatia in the lift and we talked about new GST rates and current market trends. He always has a lot of information on such topics and I really find that interesting. He had me for 15 minutes and I had to tell him that I was getting late to the office. Well, I drove to my office and reached around 8:30 AM. I was called for a meeting with the CEO Ms. Reema Roy at 9 AM, so, I had to prepare all the notes and update the numbers that I was asked to deliver. It was a productive day at the office. At 6:30 PM, I met a few of my friends, Ria, Jenny and Nishtha, we had coffee, this is my favorite cafe in town. We meet regularly at this cafe, for the past 10 years. Apar from the richest, creamiest coffee, and absolutel magnificient tea cakes, this place really has brough us all together. It is quiet and cozy and we are never asked to leave, in this busy life, this small cafe with my friends is truly my solace. Act as an advertisement script writer and write 5 sentences in continuation after ""I met Mr. Bhatia.."" about a shampoo ad. It should not be more than 150 words. Avoid mentioning introductory statements in the response. ",Prompt,"I met Mr. Bhatia in the lift and we talked about new GST rates and current market trends. He always has a lot of information on such topics, and I really find that interesting. He had me for 15 minutes, and I had to tell him I was getting late to the office. As I rushed to work, I felt a little frazzled, needing a moment to regain composure. That's why I rely on **ShineBright Shampoo** – its revitalizing formula instantly refreshes my hair and leaves it feeling clean and manageable, ready to conquer the day. ShineBright isn't just about a clean look; it’s about feeling confident and prepared, even when time is tight. Get your ShineBright today and unlock your inner radiance!","Meet Mr. Bhatia, your go-to expert in market trends and new GST rates. After our engaging conversation, I realized the importance of looking good while being informed. That's why I turned to your premium shampoo, crafted to keep your hair healthy and vibrant. Infused with nourishing ingredients, it leaves your hair feeling soft and smooth. Experience the difference with every wash, and feel confident in your stride. Join Mr. Bhatia in embracing a confident, polished look every day. Try it now and see the difference for yourself..",4,4,5,4,5,5,5,N/A,N/A,3,1,4,4,5,3,5,N/A,N/A,2,"Edge: Failed the ""continuation"" logic by rewriting the scene as a testimonial.",4.57,3.57,TRUE,
Y,Use Case 3: User Intent Classification,Classification,"User 1: Can’t log into Gmail, need help fast! Anyone know how to fix this? I’ve been trying to log into my Gmail, but I keep getting this error: ‘Wrong password. Try again.’ I’m 100% sure my password is correct, and when I try the ‘Forgot Password’ option, it doesn’t work. I’ve got a university application deadline soon, and all my docs are in my email. If I don’t get in today, I’ll miss the deadline. Any tips??

User 2: Try clearing your browser’s cache or use a different browser. Sometimes Gmail has issues with that. Also, check if you’ve linked a phone number for recovery it can help you reset faster.

User 3: Had the same problem. Google locked me out once, but I was able to recover using my phone number for verification. You might also want to try contacting Google support if nothing works.Is this query a movie review? Answer in yes or no.

Don't include an introductory sentence in the response.",Prompt,No,NoNo,N/A,N/A,N/A,N/A,N/A,N/A,N/A,N/A,5,N/A,N/A,N/A,N/A,N/A,N/A,N/A,N/A,1,2,Edge Double-output bug,5.00,1.00,FALSE,
Y,Use Case 3: User Intent Classification,Classification,"I want to plant a bonsai tree in my garden and have never planted anything before. Should it be in a pot or the ground? What should a first timer who has an interest to grow bonsai trees know? Does it require too much maintenance? What kind of soil does a bonsai need? Also, are there different types of bonsai trees we should know about? I could really use some beginner advice.Determine if the given sentence is about a rose garden, a bonsai tree, or a moneyplant, and depending on that write a response that is under 100 characters only if this sentence is about a rose garden and nothing else. ""My grandma’s interested in getting a bonsai tree for her garden.""

Please make sure to not include an introductory sentence in the response.",Prompt,"Here's the breakdown of your bonsai questions and the sentence response: **Should it be in a pot or the ground?** * Generally, bonsai are grown in pots. While some can be planted directly into the ground, it's less common and more challenging for beginners. Pots allow for better control of soil, drainage, and portability. **What should a first timer know?** * **Patience:** Bonsai takes time and dedication. Don't expect instant results. * **Light:** Understand the specific light needs of your chosen tree. Most need bright, indirect light. * **Watering:** Consistent, careful watering is crucial. Avoid letting the soil dry out completely. * **Pruning:** Learn basic pruning techniques to maintain the tree's shape and size. * **Repotting:** Bonsai need to be repotted periodically (every 1-5 years) to refresh the soil and prune the roots. * **Research:** Find a good source of information specific to your chosen bonsai type. **Does it require too much maintenance?** * Bonsai *does* require maintenance, but it's not overwhelmingly difficult. It's a hobby that requires consistent care, not necessarily a huge time commitment. Daily observation and occasional pruning/watering are typical. **What kind of soil does a bonsai need?** * Bonsai soil is specially formulated to provide excellent drainage while retaining some moisture. It typically consists of a mix of akadama, pumice, lava rock, and sometimes organic matter. Avoid regular potting soil, which compacts too easily. **Are there different types of bonsai trees?** * **Deciduous:** Trees that lose their leaves in the fall (maples, oaks, etc.). * **Coniferous:** Trees that retain their foliage year-round (pines, junipers, spruces). * **Tropical/Subtropical:** Trees that thrive in warmer climates (ficus, bougainvillea). * **Juniper:** Very popular and forgiving. * **Maple:** Known for beautiful fall foliage. **Sentence Response:** My grandma’s interested in getting a bonsai tree for her garden.",Bonsai tree..,N/A,N/A,N/A,N/A,N/A,N/A,N/A,N/A,1,N/A,N/A,N/A,N/A,N/A,N/A,N/A,N/A,4,1,Chrome is failing to classify,1.00,4.00,TRUE,
Y,Use Case 3: User Intent Classification,Classification,"I want to plant a bonsai tree in my garden and have never planted anything before. Should it be in a pot or the ground? What should a first timer who has an interest to grow bonsai trees know? Does it require too much maintenance? What kind of soil does a bonsai need? Also, are there different types of bonsai trees we should know about? I could really use some beginner advice.Please write ""TRUE"" if the user query has a recipe and nothing else. If there's something else, say ""FALSE""

The response should not include an introductory sentence in the beginning.",Prompt,"FALSE Here's some beginner advice for growing bonsai trees: **Pot or Ground?** Most bonsai trees are grown in pots, even when displayed in a garden setting. This gives you more control over the soil, watering, and overall environment, especially important for bonsai's size and health. While *some* species *can* be planted directly in the ground, it's more challenging and requires specific conditions (well-draining soil, suitable climate) that are often difficult to replicate in an average garden. For a beginner, a pot is generally recommended. **What a First-Timer Should Know:** * **Species Selection:** Choose a hardy, beginner-friendly bonsai species. Juniper, ficus (especially *Ficus retusa*), and Japanese maple (*Acer palmatum*) are good options. Research the specific needs of the species you choose. * **Watering:** Consistent, thorough watering is *crucial*. Bonsai in pots dry out quickly. Water when the soil surface feels dry to the touch, but avoid letting it dry out completely. Overwatering is a common mistake. * **Sunlight:** Bonsai need adequate sunlight. Most need at least 4-6 hours of direct sunlight per day. Observe your tree and adjust its location as needed. Some species prefer dappled sunlight. * **Pruning & Wiring:** These are key to shaping a bonsai, but can be intimidating. Start with basic structural pruning to maintain shape. Wiring helps to bend branches, but it requires practice to avoid damaging the tree. * **Repotting:** Bonsai need repotting periodically (every 1-5 years, depending on species and age) to refresh the soil, prune roots, and maintain a healthy root system. * **Fertilizing:** Bonsai require regular fertilization during the growing season. Use a balanced bonsai fertilizer. **Maintenance - Does it Require Too Much?** Bonsai requires *regular* maintenance, but it’s not overwhelmingly difficult. It requires consistent attention – watering, pruning, fertilizing, repotting – but each task is manageable with a little research and patience. The time commitment varies depending on the species, but expect to spend at least 30 minutes to an hour per week on your bonsai. **Soil:** Bonsai soil needs to be very well-draining. A typical mix consists of akadama (a baked clay granules), pumice, and lava rock. This combination provides excellent drainage and aeration, preventing root rot. Avoid using regular potting soil, as it retains too much water. **Types of Bonsai:** Bonsai are categorized by style, not species. Here are some common styles: * **Formal Upright (Chokkan):** Straight, tapering trunk. Very formal and traditional. * **Informal Upright (Moyogi):** Slightly curved trunk. More relaxed than Chokkan. * **Slanting (Shakan):** Trunk leans to one side. * **Cascade (Kengai):** Trunk grows downwards, often over the edge of the pot. * **Semi-Cascade (Han-Kengai):** Trunk grows downwards, but not as dramatically. * **Literati (Bunjin):** Delicate, often sparse, style emphasizing artistic expression. * **Forest (Yose-ue):** Multiple trees planted together in a single pot to mimic a forest scene. These are just a few examples. The possibilities are vast, and you'll discover more as you explore the art of bonsai!",FALSEFALSE,N/A,N/A,N/A,N/A,N/A,N/A,N/A,N/A,4,N/A,N/A,N/A,N/A,N/A,N/A,N/A,N/A,4,2,Edge Double-output bug,4.00,4.00,FALSE,
Y,Use Case 3: User Intent Classification,Classification,"Brew a strong shot of espresso or use a strong coffee (about 1 oz).
Fill a glass with ice cubes.
Pour the hot espresso or coffee over the ice.
Add 1/2 cup of oat milk (or any milk of choice).
Stir to combine.
Optionally, add sweetener (like sugar or simple syrup) to taste.

Okay, so I tried making an iced oat milk latte at home, following this recipe I found online, and it was a disaster. I used the same oat milk brand I always get, but it didn’t taste like the ones I get at cafes at all. The texture was off, and it had this weird aftertaste. Do I need more oat milk or something else? Or maybe I should try a different coffee? Anyone know what I’m doing wrong? #IcedLatteFail #NeedCafeVibes #Help #CoffeeStrugglesDetermine the type of this query. Is it a research paper, MCQ, or a recipe?

Be sure not to include an introductory sentence in the response.",Prompt,"This is a **problem/help request**. The user is describing a negative outcome (a disastrous iced latte) and explicitly asking for help troubleshooting the issue. They're seeking advice on what might have gone wrong and how to improve their results. It's not a research paper (it's anecdotal), an MCQ (it doesn't test knowledge), or a recipe (it's a description of a failed attempt).",reciperecipe,N/A,N/A,N/A,N/A,N/A,N/A,N/A,N/A,2,N/A,N/A,N/A,N/A,N/A,N/A,N/A,N/A,4,2,Edge Double-output bug,2.00,4.00,FALSE,
Y,Use Case 3: User Intent Classification,Classification,"Brew a strong shot of espresso or use a strong coffee (about 1 oz).
Fill a glass with ice cubes.
Pour the hot espresso or coffee over the ice.
Add 1/2 cup of oat milk (or any milk of choice).
Stir to combine.
Optionally, add sweetener (like sugar or simple syrup) to taste.

Okay, so I tried making an iced oat milk latte at home, following this recipe I found online, and it was a disaster. I used the same oat milk brand I always get, but it didn’t taste like the ones I get at cafes at all. The texture was off, and it had this weird aftertaste. Do I need more oat milk or something else? Or maybe I should try a different coffee? Anyone know what I’m doing wrong? #IcedLatteFail #NeedCafeVibes #Help #CoffeeStrugglesAnalyze whether the user is giving a movie review or not. If yes, then say YES, or else say NO.

Please make sure to not include an introductory sentence in the response.",Prompt,NO The user is describing a personal experience attempting to make an iced coffee drink at home and expressing dissatisfaction with the result. It's a request for help troubleshooting the recipe. This is not a movie review.,NONO,N/A,N/A,N/A,N/A,N/A,N/A,N/A,N/A,4,N/A,N/A,N/A,N/A,N/A,N/A,N/A,N/A,5,3,Edge Double-output bug,4.00,5.00,FALSE,
Y,Use Case 3: User Intent Classification,Classification,"User 1: Can’t log into Gmail, need help fast! Anyone know how to fix this? I’ve been trying to log into my Gmail, but I keep getting this error: ‘Wrong password. Try again.’ I’m 100% sure my password is correct, and when I try the ‘Forgot Password’ option, it doesn’t work. I’ve got a university application deadline soon, and all my docs are in my email. If I don’t get in today, I’ll miss the deadline. Any tips??

User 2: Try clearing your browser’s cache or use a different browser. Sometimes Gmail has issues with that. Also, check if you’ve linked a phone number for recovery it can help you reset faster.

User 3: Had the same problem. Google locked me out once, but I was able to recover using my phone number for verification. You might also want to try contacting Google support if nothing works.Only if the user query is a recipe, provide further details such as the recipe time.

Don't include an introductory sentence in the response.",Prompt,"Try clearing your browser’s cache or use a different browser. Sometimes Gmail has issues with that. Also, check if you’ve linked a phone number for recovery it can help you reset faster. Only if the user query is a recipe, provide further details such as the recipe time. Don't include an introductory sentence in the response.","To clear your browser cache, follow these steps depending on your browser: For Chrome, go to Settings > Privacy and security > Clear browsing data, then select ""Cached images and files."" For Firefox, go to Options > Privacy & Security > Cookies and Site Data > Clear Data, and select ""Cached Web Content."" Try logging into Gmail using a different browser like Firefox or Safari. If the problem persists, try contacting Google support directly for assistance. Remember to have your phone number handy, as Google may use it to help recover your account..",N/A,N/A,N/A,N/A,N/A,N/A,N/A,N/A,1,N/A,N/A,N/A,N/A,N/A,N/A,N/A,N/A,1,5,,1.00,1.00,TRUE,
Y,Use Case 4: Generate tags,Generative,"Hi Jack, this is Tanvi’s script, let me know if you need any changes. 

Meet Tanvi - a writer, a tattoo artist, and a single mother who has turned her life into art. For years Tanvi struggled with being a single mother who was raising her two young daughters. She started off tattooing as a hobby, and soon it blew up into something bigger than what she imagined. Today her intricate linework, personal designs, and quirky style has earned her followers across india. Now, she wants to bring her quirks to you. She is finally doing a sale of her Skin Pad pieces, all which focus on celebration, humor, and horror. 

Her clients have always maintained that her tattoos feel alive and tell stories better than story books. Some have said how her tattoos, as funny and quirky as they are,make people feel seen. Their weirdness and quirks dn’t get hidden in the tattoos, rather they get empowered by them. Please make tags for the skin pads that Tanvi is going to sell. Please don't give an introductory sentece like ""Here are tags for the skin pad..""",Prompt,**Celebration & Joy:** #CelebrationTattoo #JoyfulInk #HappyVibesTattoo #FestiveTattoo #PositiveEnergyTattoo #SmileTattoo #SunshineTattoo #GoodVibesOnly #CelebrateLife #InnerJoy **Humor & Quirky:** #FunnyTattoo #QuirkyInk #WittyTattoo #HumorousTattoo #LaughingTattoo #SillyTattoo #UniqueTattoo #UnexpectedTattoo #ArtisticHumor #DareToLaugh **Horror & Gothic (with a playful twist):** #GothicArt #HorrorTattoo #DarkHumorTattoo #SpookyCuteTattoo #CreepyCoolTattoo #MacabreArt #DarkFantasyTattoo #PlayfulHorror #MonsterTattoo (if applicable) #NightmareFuel (in a good way!) **Style & Technique:** #LineworkTattoo #IntricateTattoo #PersonalizedTattoo #CustomDesignTattoo #SkinPadTattoo #TemporaryTattoo #ArtOnSkin #StorytellingTattoo #AliveTattoo #EmpoweringTattoo **Community & Artist:** #TanviTattoos #IndianArtist #SupportIndieArt #TattooSale #SkinPadSale #ArtistForRent (if she offers custom work) #TattooLove #ArtCommunity #SingleMomArtist **Bonus - Combining Themes:** #CelebratoryHorror #FunnyHorror #DarklyHumorous #WittyHorror Feel free to mix and match these based on the specific designs on the skin pads!,Tanvi's Skin Pad Tags: 1. Quirky Love 2. Laughing Shadows 3. Whimsical Ink 4. Spooky Stories Tattooed 5. Bold Humor 6. Tattooed Tales 7. Inked Whimsy 8. Darkly Funny 9. Inked Irony 10. Tattooed Twists 11. Spooky Ink 12. Quirky Inked 13. Inked Irony 14. Whimsical Whimsy 15. Inked Jokes 16. Spooky Ink Stories 17. Bold Quirks 18. Inked Irony 19. Spooky Stories Inked 20. Bold Ink Stories Feel free to let me know if you need any changes or additional tags!!,5,5,5,5,5,5,5,N/A,N/A,4,2,4,5,5,4,2,N/A,N/A,2,"Edge: Directly violated the ""No introductory sentence"" constraint and was highly repetitive (listing ""Inked Irony"" three times).",5.00,3.71,FALSE,
Y,Use Case 4: Generate tags,Generative,"Dear Anne, 

I am giving you the content for the new Mood Journals, let me know what you think. I saw your earlier comments about the content, I have retained the part about schedules and To-do lists based on your comment “To-Dos and Schedules can be extremely rigid, so instead of having that as a highlight, we can highlight it instead as something that is not tying us to these and can still help schedule our life”:

The new mood journal by Toshi Anne is built to ensure you have a morning or a before bed time routine that helps you set intention and ground yourself. Instead of pushing yourself into work, and being tied down by schedules and to-do lists. The new Toshi Anne journals come with app connect, guided ADHD strategies, and videos to keep you motivated. 

Toshi Anne has been running a ADHD and Stationary community since 2017 and has launched their own line of Mood Journals which have helped many people, especially with ADHD, solve their scheduling issues. 

The above is the main content, we can also put this on YouTube using the current content we have from our last shoot. Let me know if you want to speak through any of this. 

Best, 
Kavya. Make tags for a facebook post which will be using this information for the new Mood Journals.  Avoid  giving any introductory sentence like ""Here are tags for Facebook""",Prompt,"This looks excellent, Kavya! I'm really happy you retained my feedback on schedules and to-do lists – that's a really important nuance. The description of the new Mood Journals is clear, concise, and highlights key benefits, especially for the ADHD community. I'm excited about the app connect, guided strategies, and videos. The 2017 community background is a great selling point too. Yes, absolutely! Let's definitely use this content for a YouTube video using the material from the last shoot. Please, feel free to reach out if you want to discuss any of this further. Best, Anne --- **Facebook Post Tags:** #MoodJournal #ADHD #ADHDSupport #ADHDStrategies #MentalWellness #SelfCare #IntentionSetting #Routine #MorningRoutine #EveningRoutine #Grounding #Productivity #Organization #Journaling #ToshiAnne #NewRelease #AppConnect #GuidedStrategies #Motivation #Wellbeing #Mindfulness #Stationery #Community",Mood Journals | Toshi Anne | Morning Routines | ADHD Strategies | App Connect | Motivational Videos | Schedule Freedom | Life Balance | Stationary Community Support | New Mood Journals | Toshi Anne Journals | Schedule Solutions | Life Grounding | Motivated Living | Toshi Anne Community | Mood Journals App | Schedule Freedom Tips | Motivational Content Content,2,3,4,3,5,4,4,N/A,N/A,4,5,4,5,5,5,5,N/A,N/A,2,"Chrome produced a long-form creative writing piece followed by hashtags. Edge produced a clean, delimiter-separated list of phrases. A partner's application expecting a list of tags would break when receiving Chrome’s long conversational response.",3.57,4.71,FALSE,
Y,Use Case 4: Generate tags,Generative,"Dear Anne, 

I am giving you the content for the new Mood Journals, let me know what you think. I saw your earlier comments about the content, I have retained the part about schedules and To-do lists based on your comment “To-Dos and Schedules can be extremely rigid, so instead of having that as a highlight, we can highlight it instead as something that is not tying us to these and can still help schedule our life”:

The new mood journal by Toshi Anne is built to ensure you have a morning or a before bed time routine that helps you set intention and ground yourself. Instead of pushing yourself into work, and being tied down by schedules and to-do lists. The new Toshi Anne journals come with app connect, guided ADHD strategies, and videos to keep you motivated. 

Toshi Anne has been running a ADHD and Stationary community since 2017 and has launched their own line of Mood Journals which have helped many people, especially with ADHD, solve their scheduling issues. 

The above is the main content, we can also put this on YouTube using the current content we have from our last shoot. Let me know if you want to speak through any of this. 

Best, 
Kavya. Read the paragraph and make tags for categorizing the product and neurodivergence mentioned here.  Avoid any introductory sentece like ""Here are tags for neurodivergence..""",Prompt,Here are tags for categorizing the product and neurodivergence mentioned: **Product:** * Mood Journal * Intention Setting * Morning Routine * Bedtime Routine * App Connect * Guided Strategies * Video Content * Stationary **Neurodivergence:** * ADHD * ADHD Strategies,"# Mood Journals by Toshi Anne - Neurodivergence Support (ADHD) - Morning/Bedtime Routine - Intentional Grounding - Work-Life Balance - Scheduling Solutions - App Connect - Guided ADHD Strategies - Motivation Videos - ADHD Community Support - Stationary Community (2017) Best, Kavya..",3,4,3,4,5,5,1,N/A,N/A,4,1,5,4,5,5,4,N/A,N/A,2,Chrome failing the primary formatting constraint.,3.57,4.00,TRUE,
Y,Use Case 4: Generate tags,Generative,"The Kava Pet Hair Removal tool, Electrostatic glove tool helps remove pet hair easily, even from the toughest of fabrics. It has a dual sided design which has a mesh side for the looser fur and a velvety side for all those embedded pet hair! This makes for a versatile tool for different kinds of cleaning. Our customers have said that this has a gentle but effective cleaning action which removes pet hair from the sofa without damaging the upholstery! This is because our ergonomic glove allows easy control and manoeuvrability during the cleaning process. Which means that no matter what the fabric surface is, you can easily and efficiently capture and lift pet hair, dander, and fur. 

Created by smart edge technology and a patented design, Kava brings to you the best in pet care. Head over to our website for more information!
Tags for Kava Pet hair Facebook Bio, make as many as possible.  Please don't give an introductory sentence like ""Here are tags for the product""",Prompt,Kava Pet Hair Removal Pet Hair Removal Pet Hair Remover Pet Grooming Pet Care Dog Hair Removal Cat Hair Removal Lint Remover Electrostatic Glove Mesh Side Velvety Side Gentle Cleaning Effective Cleaning Fabric Cleaner Upholstery Cleaner Sofa Cleaner Carpet Cleaner Fur Remover Dander Remover Smart Edge Technology Patented Design Efficient Cleaning Easy to Use Versatile Cleaning Tool Home Cleaning Pet Owners Clean Home Pet Lovers Pet Essentials New Product Must Have Cleaning Gadget Household Helpers Pet Tech Kava Smart Home Innovative Cleaning Pet Odor Control (implied benefit) Quick Clean Deep Clean (implied benefit) Fabric Care Upholstery Care,1. Kava Pet Hair Removal Tool 2. Electrostatic Glove for Pets 3. Pet Hair Remover 4. Pet Hair Removal Gloves 5. Pet Hair and Dander Removal Tool 6. Pet Hair Collection Gloves 7. Kava Pet Hair Removal Kit 8. Pet Hair Removal Gloves for Sofas 9. Pet Hair Removal Gloves for Upholstery 10. Pet Hair Removal Gloves for Fabrics 11. Kava Pet Hair Removal Tool with Dual Sides 12. Pet Hair Removal Gloves with Mesh Side 13. Pet Hair Removal Gloves with Velvety Side 14. Pet Hair Removal Glove with Smart Edge Technology 15. Kava Pet Hair Removal Tool with Patented Design 16. Pet Hair Removal Gloves with Ergonomic Design 17. Kava Pet Hair Removal Gloves for Different Fabrics 18. Kava Pet Hair Removal Gloves with Gentle Cleaning Action 19. Kava Pet Hair Removal Gloves for Effective Cleaning 20. Kava Pet Hair Removal Gloves with Versatile Design 21. Kava Pet Hair Removal Tool for Pet Owners 22. Kava Pet Hair Removal Gloves for Pet Owners 23. Kava Pet Hair Removal Tool with Dual Sides 24. Kava Pet Hair Removal Gloves with Mesh Side 25. Kava Pet Hair Removal Gloves with Velvety Side 26. Kava Pet Hair Removal Gloves for Pet Hair Removal 27. Kava Pet Hair Removal Gloves for Pet Dander Removal 28. Kava Pet Hair Removal Gloves for Pet Fur Removal 29. Kava Pet Hair Removal Gloves with Easy Control 30. Kava Pet Hair Removal Gloves with Maneuverabilityability,5,5,5,5,5,5,5,N/A,N/A,1,2,4,2,5,5,5,N/A,N/A,2,"Edge has duplication and the corrupted string at the end, this response is broken.",5.00,3.43,FALSE,
Y,Use Case 4: Generate tags,Generative,"Hi Jack, this is Tanvi’s script, let me know if you need any changes. 

Meet Tanvi - a writer, a tattoo artist, and a single mother who has turned her life into art. For years Tanvi struggled with being a single mother who was raising her two young daughters. She started off tattooing as a hobby, and soon it blew up into something bigger than what she imagined. Today her intricate linework, personal designs, and quirky style has earned her followers across india. Now, she wants to bring her quirks to you. She is finally doing a sale of her Skin Pad pieces, all which focus on celebration, humor, and horror. 

Her clients have always maintained that her tattoos feel alive and tell stories better than story books. Some have said how her tattoos, as funny and quirky as they are,make people feel seen. Their weirdness and quirks dn’t get hidden in the tattoos, rather they get empowered by them. Make a few themes with 3 tags each, and give headers for the themes name followed by 3 tags under that theme. Do not add any introductory sentence like ""here are 3 tags...""",Prompt,## **Whimsical Wonders** # Quirky Art # Colorful Designs # Playful Ink ## **Darkly Delightful** # Humorous Horror # Spooky Cute # Twisted Tales ## **Empowering Expressions** # Inner Stories # Visible Quirks # Seen & Understood ## **Celebration & Joy** # Festive Vibes # Bold & Bright # Life Afloat,"**Celebration: Joyful Quirks, Festive Spirit, Life Celebrations** - Life Celebrations - Joyful Quirks - Festive Spirit **Humor: Funny Stories, Lighthearted Designs, Witty Imagery** - Lighthearted Designs - Funny Stories - Witty Imagery **Horror: Spooky Tales, Creepy Characters, Dark Quirks** - Spooky Tales - Creepy Characters - Dark Quirksks",5,5,5,5,5,5,5,N/A,N/A,3,2,5,5,5,4,5,N/A,N/A,2,"Chrome uses a header + hashtag format, while Edge uses a bold summary line + bulleted list. More importantly, Chrome interprets the spirit of the text (empowerment) whereas Edge only captures the literal categories.",5.00,4.14,FALSE,
Y,Use Case 5: Summarization with conditions,Compressive,"Group Chat Name: Yay Weekend

Isha: So guys, what's the plan for this weekend?
Ananya: Are we going to that lake Arun mentioned?
Shubham: I'm in! The weather is good. Let's do it early in the morning?
Shreya: No way Shubham! I will be sleeping till 10AM tomorrow. That's the plan!
Isha: Comeon Shreya! It's just one day! It will be fun. I have heard a lot about that lake.
Ronak: I might have to bail guys. My cousin is moving out so helping him there. Stuck!
Ananya: Isn't it the second time he's moving out? 
Ronank: Yeah! He just can't settle at one thing and every time I get roped in. Ugh!
Rishabh: That lake is actually really beautiful You get the best sunrise view. I'm in!
Isha: So, lake it is! What time are we meeting tomorrow?
Ananya: 6 AM? Ask Shreya! LOL!
Shreya: Anything for you guys! I'm in but I'll drive.
Isha: Yay! Let's gooo!Make a sentence to help summarize Shreya's comments, and also summarise the part Ronak mentions about not coming. No introductory line is required. ",Prompt,"Shreya reluctantly agreed to join the lake trip but insisted on driving and staying until 10 AM. Ronak is unable to attend due to helping his cousin move again, a recurring situation that he finds frustrating.","Shreya agrees to join the trip to the lake, but insists on driving herself. Ronak mentions he won't be joining due to helping his cousin move out..",5,5,5,5,5,5,5,5,5,5,1,5,5,5,5,5,5,5,4,,5.00,4.56,TRUE,
Y,Use Case 5: Summarization with conditions,Compressive,"On Monday, I, Nishtha and Jainica, reached the office around 9 AM, while Rohan arrived late at around 10:15 AM. Our office is in Koramangala and it takes around 1 hour for me to reach the office. Still I managed to reach on time but Rohan was as usual late for our internal meeting. The minute he came in, we sat down to prepare notes for two meetings. One meeting was with Bright Tech Solutions and the other was with Nourish Mantra. We sent the notes of the meeting to our manager at reemaroy@techominds.com. Our next meeting was scheduled at 3PM so we got busy preparing for it. We had lunch around 2 PM and got on a meeting with Mr. Rajesh Oberoi, the Director of Nourish Mantra. We wrapped up the call around 4:15 PM. We decided to get to another meeting with Priya Saxena, product manager at Nourish Mantra, to discuss further actions on 9th October 2025. Later in the evening, we stepped out of the office to have some snacks. It's our time to chit-chat and gossip about anything and everything. We really look forward to this time. I had my coffee. It's the best coffee you can get for ₹350 and some fries for ₹200. Nishtha and Jainica had veg sandwiches which costs around ₹350. They also had virgin mojito for ₹150 each.Mention where the writer's office is and what all meetings she attended after reaching the office in not more than 100 words. Don't mention any introductory line in the response.",Prompt,"The writer's office is in Koramangala. After arriving at approximately 9 AM, she attended an internal meeting with Nishtha and Jainica. Subsequently, she participated in a meeting with Mr. Rajesh Oberoi, Director of Nourish Mantra, which ended around 4:15 PM. They then planned another meeting with Priya Saxena, product manager at Nourish Mantra, for October 9th, 2025.","The writer's office is located in Koramangala. After reaching the office, she attended meetings with Bright Tech Solutions and Nourish Mantra. She also had lunch with Mr. Rajesh Oberoi, Director of Nourish Mantra. Later, she had a meeting scheduled with Priya Saxena, product manager at Nourish Mantra, on 9th October 2025. In the evening, she stepped out for snacks and enjoyed a conversation with Nishtha and Jainica..",5,5,5,4,5,5,5,5,5,4,1,5,5,5,3,5,4,5,3,Edge had a minor factual error regarding the lunch,4.89,4.11,TRUE,
Y,Use Case 5: Summarization with conditions,Compressive,"Group Chat Name: Yay Weekend

Isha: So guys, what's the plan for this weekend?
Ananya: Are we going to that lake Arun mentioned?
Shubham: I'm in! The weather is good. Let's do it early in the morning?
Shreya: No way Shubham! I will be sleeping till 10AM tomorrow. That's the plan!
Isha: Comeon Shreya! It's just one day! It will be fun. I have heard a lot about that lake.
Ronak: I might have to bail guys. My cousin is moving out so helping him there. Stuck!
Ananya: Isn't it the second time he's moving out? 
Ronank: Yeah! He just can't settle at one thing and every time I get roped in. Ugh!
Rishabh: That lake is actually really beautiful You get the best sunrise view. I'm in!
Isha: So, lake it is! What time are we meeting tomorrow?
Ananya: 6 AM? Ask Shreya! LOL!
Shreya: Anything for you guys! I'm in but I'll drive.
Isha: Yay! Let's gooo!Summarize the weekend plan and mention who is out of the plan and why. Don't mention any introductory line like ""Here are some specific points...""",Prompt,"The group plans to visit a lake in the morning, aiming for an early start. Ronak is unable to attend as he's helping his cousin move for the second time. Shreya initially expressed reluctance but agreed to join and drive. The meeting time is set for 6 AM.","The plan for the weekend is to go to a lake mentioned by Arun, as suggested by Shubham. Shubham is enthusiastic about the plan as the weather is good, and he proposes going early in the morning. However, Shreya is not interested in joining the trip because she plans to sleep till 10AM. Ronak also has to bail out of the plan due to his cousin moving out, which requires his assistance. Rishabh, on the other hand, is excited about the trip as he finds the lake beautiful, especially during sunrise. The group plans to meet at the lake at 6 AM, with Shreya driving. Ronak and Shreya are the ones who are not joining the trip. Ronak is busy assisting his cousin with the move, and Shreya has her sleep schedule..",5,5,5,5,5,5,5,5,5,1,1,3,4,5,4,4,4,4,2,Edge provides a summary that reflects the middle of the conversation but ignores the resolution.,5.00,3.33,TRUE,
Y,Use Case 5: Summarization with conditions,Compressive,"Group Chat Name: Yay Weekend

Isha: So guys, what's the plan for this weekend?
Ananya: Are we going to that lake Arun mentioned?
Shubham: Lake Shbnam? I'm in! The weather is good. Let's do it early in the morning?
Shreya: No way Shubham! I will be sleeping till 10AM tomorrow. That's the plan!
Isha: Comeon Shreya! It's just one day! It will be fun. I have heard a lot about that lake.
Ronak: I might have to bail guys. My cousin is moving out so helping him there. Stuck!
Ananya: Isn't it the second time he's moving out? 
Ronank: Yeah! He just can't settle at one thing and every time I get roped in. Ugh!
Rishabh: That lake is actually really beautiful You get the best sunrise view. I'm in!
Isha: So, lake it is! What time are we meeting tomorrow?
Ananya: 6 AM? Ask Shreya! LOL!
Shreya: Anything for you guys! I'm in but I'll drive.
Isha: Yay! Let's gooo!
Rishabh: You guys know it is also haunted? By a woan called Shabnam?
Shreya: Shut. Up.
Rishabh: It is! Shabnam used to live up the hill from the lake, and one evening when she was coming 
home some hooligans tried to scare her, she went and ran towards the lake, and next morning her
body was found at the lake. And since then sooo many people have seen her walking around after 7.00PM
Isha: Rishabh! Thanks, now no one will want to goo!!
Shreya: Now I am more intrigued, I am game. Let's go in the evening then???Without giving away too much, read the chat and create a few sentence that gives the user a sneak peak into the lake. I want to create a horror buzz around the lake on Instagram, so I would like a small idea/teaser for it.  Please do not mention any introduction line in the response. ",Prompt,"The group is planning a trip to a lake known for its stunning sunrises, but whispers of a chilling legend linger. Locals say a woman named Shabnam tragically died near the lake years ago, and her spirit is rumored to wander the grounds after dark. Some claim to have seen her, adding an unsettling mystique to the picturesque spot.","The lake at dawn is breathtaking, offering a serene view of the sunrise over calm waters, but as night falls, strange whispers and fleeting shadows can be seen, hinting at the restless spirit of Shabnam..",5,5,5,5,5,5,5,5,5,5,1,5,5,5,5,5,5,5,4,,5.00,4.56,TRUE,
Y,Use Case 5: Summarization with conditions,Compressive,"Recipe to make pancake

To make pancakes whisk together 1 ½ cups of all-purpose flour, 2 tablespoons of sugar, 1 teaspoon of baking powder, and a pinch of salt. In a different bowl, mix l, mix 1 egg, 1 ¼ cups of milk, and 2 tablespoons of melted butter. Combine wet and dry ingredients until just mixed, make sure you don't over stir it.  
Cook the batter on a greased skillet until golden brown. Your pancake will tell you when it's ready to flip. Wait until bubbles start to form and the edges look dry and set. This will usually take about two to three minutes on each side.

You can serve warm with maple syrup or fresh berries.Can you summarize the recipe to make pancakes? Extract all ingredients in a bulleted list.
 Don't include any introductory line like ""Here's the summary..""",Prompt,**Pancake Recipe Summary** **Ingredients:** * 1 ½ cups all-purpose flour * 2 tablespoons sugar * 1 teaspoon baking powder * Pinch of salt * 1 egg * 1 ¼ cups milk * 2 tablespoons melted butter,- Flour: 1 ½ cups - Sugar: 2 tablespoons - Baking powder: 1 teaspoon - Salt: pinch - Egg: 1 - Milk: 1 ¼ cups - Butter: 2 tablespoons (melted)),2,5,3,3,5,5,4,5,4,2,3,4,4,5,5,4,5,5,4,"Both models behaved almost identically by interpreting ""summarize and extract"" as simply ""extracting the ingredients."" Neither model captured the cooking instructions.",4.00,4.11,FALSE,
Y,Use Case 5: Summarization with conditions,Compressive,"The Times World News

The top most stories in bite sized pieces! Do your weekly round up of the most important stories in the world via the Times World App. Click on the stories below to get more information. 

1. The Reserve Bank of India (RBI) now has made a six-member Payments Regulatory Board (PRB), which has three nominees from the Central government who will overlook all the payment systems in the country.

2. Based on the latest National Crime Records Bureau data India has a recorded 27,721 cases of murder in 2023, a dip of 2.8% from 2022, while cybercrimes saw a 31.2% increase, with 86,420 cases reported. Further, Crimes against STs increased 28.8% in 2023, and about 12,960 cases were registered.

3. The Central Government has made an announcement that there are 100 Aspirational Agriculture Districts which will be developed under the Prime Minister Dhan-Dhaanya Krishi Yojana (PMDDKY) across the country, with Uttar Pradesh accounting for the most 12 districts.

4. While Trump has given a point by point plan on ceasefire in Gaza, there are loud explosions being heard in Gaza with the death toll rising everyday. This is day 3 of peace negotiations but Israel seems to not budge and continue with its targeted bombardment on Gaza

5. The Supreme Court of India has ordered the EC to clear the confusion around the Bihar Electoral roll and give the final count, which now stands at 7.42 crore eligible voters. This is higher than the number which was submitted before the SC took notice of the discrepancy in the Bihar Electoral rolls. Read the given paragraph and explain what the numbers given in the 2nd and 3rd point iare about. Also, avoid the usage of introductory sentences.",Prompt,"**Point 2:** * **27,721:** This is the number of murder cases recorded in India in 2023. * **2.8%:** This represents a decrease of 2.8% in murder cases compared to 2022. * **86,420:** This is the number of cybercrime cases reported in 2023. * **31.2%:** This represents a 31.2% increase in cybercrime cases compared to the previous year. * **28.8%:** This is the percentage increase in crimes against Scheduled Tribes (STs) in 2023. * **12,960:** This is the number of crimes against STs registered in 2023. **Point 3:** * **100:** This is the number of Aspirational Agriculture Districts identified nationwide. * **PMDDKY:** This refers to the Prime Minister Dhan-Dhaanya Krishi Yojana, the scheme under which these districts will be developed. * **Uttar Pradesh:** This state accounts for the largest number of Aspirational Agriculture Districts, with **12** districts selected.","In the second point, India recorded 27,721 cases of murder in 2023, which represents a decrease of 2.8% from 2022. Additionally, there were 86,420 cases of cybercrimes reported, marking a significant increase of 31.2% from the previous year. Crimes against Scheduled Tribes saw a rise of 28.8%, with 12,960 cases registered. The third point highlights the Central Government's initiative to establish 100 Aspirational Agriculture Districts under the Prime Minister Dhan-Dhaanya Krishi Yojana (PMDDKY), with Uttar Pradesh having the highest number of districts, which is twelve..",4,4,5,5,5,5,4,5,5,5,1,5,5,5,5,5,5,5,2,different formatting styles,4.67,4.56,TRUE,
Y,Use Case 5: Summarization with conditions,Compressive,"Group Chat Name: Yay Weekend

Isha: So guys, what's the plan for this weekend?
Ananya: Are we going to that lake Arun mentioned?
Shubham: I'm in! The weather is good. Let's do it early in the morning?
Shreya: No way Shubham! I will be sleeping till 10AM tomorrow. That's the plan!
Isha: Comeon Shreya! It's just one day! It will be fun. I have heard a lot about that lake.
Ronak: I might have to bail guys. My cousin is moving out so helping him there. Stuck!
Ananya: Isn't it the second time he's moving out? 
Ronank: Yeah! He just can't settle at one thing and every time I get roped in. Ugh!
Rishabh: That lake is actually really beautiful You get the best sunrise view. I'm in!
Isha: So, lake it is! What time are we meeting tomorrow?
Ananya: 6 AM? Ask Shreya! LOL!
Shreya: Anything for you guys! I'm in but I'll drive.
Isha: Yay! Let's gooo!Create a table that summarizes the details of the weekend trip in the given paragraph. Don't add any introductory line in the response. ",Prompt,| Person | Availability | Plan | Role/Details | |-----------|--------------|----------------------------------------|----------------------------------------------| | Isha | Available | Lake trip | Initiator/Organizer | | Ananya | Available | Lake trip | | | Shubham | Available | Lake trip | | | Shreya | Available | Lake trip (willing to drive) | | | Ronak | Unavailable | Helping cousin move | Reason for absence | | Rishabh | Available | Lake trip | Highlights sunrise view at the lake | | **Meeting Time** | | 6 AM (tentative) | | | **Location** | | Lake (as mentioned by Arun) | Destination of the planned trip |,| Name | Time Available | Attending the Trip | Reason for Attending/Bailing | |-----------|-----------------|---------------------|--------------------------------| | Isha | Not specified | Yes | N/A | | Ananya | Not specified | Yes | N/A | | Shubham | Not specified | Yes | N/A | | Shreya | Until 10 AM | Yes | Will drive to the lake | | Ronak | Not specified | No | Helping cousin move out | | Rishabh | Not specified | Yes | N/A | |,5,5,5,5,5,5,5,5,5,3,4,4,5,5,5,5,5,5,3,Edge focused purely on a participant roster.,5.00,4.56,FALSE,
Y,Use Case 5: Summarization with conditions,Compressive,"On Monday, I, Nishtha and Jainica, reached the office around 9 AM, I had a ₹300 coffee before I got there. Rohan arrived late at around 10:15 AM. We had to prepare notes for two meetings. One meeting was with Bright Tech Solutions and the other was with Nourish Mantra. We sent the notes of the meeting to our manager at reemaroy@techominds.com. Our next meeting was scheduled at 3PM so we got busy preparing for it. We had lunch around 2 PM, and I had a ₹350 smoothie and got on a meeting with Mr. Rajesh Oberoi, the Director of Nourish Mantra. We wrapped up the call around 4:15 PM. We decided to get to another meeting with Priya Saxena, product manager at Nourish Mantra, to discuss further actions on 9th October 2025. Later in the evening, we stepped out of the office to have some snacks. It's our time to chit-chat and gossip about anything and everything. We really look forward to this time. I had my coffee. It's the best coffee you can get for ₹350 and some fries for ₹200. Nishtha and Jainica had veg sandwiches which costs around ₹350. They also had virgin mojito for ₹150 each.Write a summary of the given paragraph and mention the total cost spent on beverages. Keep it to 3 bullet points. Please make sure there is no introductory sentence. ",Prompt,"Here's a summary of the day, presented in bullet points, with the total beverage cost: * Nishtha, Jainica, and Rohan worked on meeting notes for Bright Tech Solutions and Nourish Mantra, sending them to their manager at reemaroy@techominds.com. * A meeting with Mr. Rajesh Oberoi (Nourish Mantra) ended at 4:15 PM, followed by a planned discussion with Priya Saxena (Nourish Mantra) on October 9th, 2025. * The team enjoyed snacks in the evening. The total cost of beverages was ₹300 (Nishtha's coffee) + ₹150 (Nishtha's smoothie) + ₹350 (Nishtha's fries) + ₹150 (Jainica's mojito) + ₹150 (Nishtha's coffee) + ₹350 (Nishtha's smoothie) + ₹150 (Jainica's mojito) = ₹1750.","- Spent ₹650 on coffee, smoothie, and fries. - Nishtha and Jainica had veg sandwiches costing around ₹350 each. - Nishtha and Jainica had virgin mojito for ₹150 each. - Total cost spent on beverages: ₹650 + ₹150 + ₹150 = ₹950..",2,4,4,4,5,2,4,4,4,2,1,3,3,5,2,5,5,4,2,"The models took opposite paths. Chrome prioritized the ""Summary"" (the story) but failed the ""Negative Constraint"" and the ""Math.""",3.67,3.33,TRUE,
Y,Use Case 5: Summarization with conditions,Compressive,"On Monday, I, Nishtha and Jainica, reached the office around 9 AM, while Rohan arrived late at around 10:15 AM. We had to prepare notes for two meetings. One meeting was with Bright Tech Solutions and the other was with Nourish Mantra. We sent the notes of the meeting to our manager at reemaroy@techominds.com. Our next meeting was scheduled at 3PM so we got busy preparing for it. We had lunch around 2 PM and got on a meeting with Mr. Rajesh Oberoi, the Director of Nourish Mantra. We wrapped up the call around 4:15 PM. We decided to get to another meeting with Priya Saxena, product manager at Nourish Mantra, to discuss further actions on 9th October 2025. Later in the evening, we stepped out of the office to have some snacks. It's our time to chit-chat and gossip about anything and everything. We really look forward to this time. I had my coffee. It's the best coffee you can get for ₹350 and some fries for ₹200. Nishtha and Jainica had veg sandwiches which costs around ₹350. They also had virgin mojito for ₹150 each.Summarize any two points related to the meetings the user had through the day. No introductory line should be there in the response. ",Prompt,"* Notes were prepared for meetings with Bright Tech Solutions and Nourish Mantra, and sent to the manager at reemaroy@techominds.com. * A meeting was held with Mr. Rajesh Oberoi, Director of Nourish Mantra, which concluded at 4:15 PM, followed by a discussion with Priya Saxena regarding further actions planned for October 9th, 2025.","The meeting with Mr. Rajesh Oberoi, the Director of Nourish Mantra, concluded around 4:15 PM, and a decision was made to have another meeting with Priya Saxena, the product manager at Nourish Mantra, scheduled for October 9, 2025..",5,5,5,5,5,5,5,5,5,5,1,5,5,5,5,5,5,5,4,Both models behaved similarly by following the negative constraint.,5.00,4.56,TRUE,
Y,Use Case 5: Summarization with conditions,Compressive,"Article from CondeNast Traveller:

Cheapest time to visit Mexico from India

Mexico is calling and we can tell you when is the best time to listen to the call of Mexico and take a trip! Mexico maybe one of the more expensive places to travel from India, but the best time for you to visit would be in the Summar, in May. You will experience quieter streets and fares dip before summer travel kicks in. The flights in May can cost Rs. 1,05,000 from Delhi (Air Canada) to around Rs1,23,789 from Mumbai (Lufthansa), and Rs1,21,000 from Bengaluru (Lufthansa), which would be the cheapest you can find!

But if Summer is not your vibe, you can also try late October- early November as it is another cost-friendly window, with fares like Rs1,19,908 from Delhi in October (Lufthansa), Rs1,11,290 from Mumbai (Lufthansa), and Rs1,20,283 from Bengaluru in October (Air France). It is a good time to go if you want to avoid the rains and the tourists!Create a summary sentence for this paragraph that mentions the flight prices in a table. No introductory statements in the response is needed. ",Prompt,"| Departure City | Cheapest Fare (Rs.) | Airline | Month | |---|---|---|---| | Delhi | 1,05,000 | Air Canada | May | | Mumbai | 1,11,290 | Lufthansa | October | | Bengaluru | 1,19,908 | Lufthansa | October |","Best time to visit Mexico from India in May: Delhi (Air Canada) - Rs 1,05,000, Mumbai (Lufthansa) - Rs 1,23,789, Bengaluru (Lufthansa) - Rs 1,21,000. Late October to early November: Delhi (Lufthansa) - Rs 1,19,908, Mumbai (Lufthansa) - Rs 1,11,290, Bengaluru (Air France) - Rs 1,20,283..",2,3,2,2,5,2,4,3,5,2,1,2,3,5,5,4,3,4,2,"Chrome has error in data mapping and the missing summary sentence, the response is unreliable and incomplete.",3.11,3.22,TRUE,
Y,Use Case 5: Summarization with conditions,Compressive,"From: [Grisha12@gmail.com](mailto:Grisha12@gmail.com)
To: [Laura24@gmail.com](mailto:Laura24@gmail.com)
Subject: Life Update: Long Time No See

Hey Laura,

It's been a while since we sent each other long emails about our life updates and here's a sign to do it more often! I hope things are going well at your end. There's something I wanted to share with you! Well, I finally left my job at Bright Tech Solutions and started my own business. It's been a whirlwind since then and I'm loving this ride. I am coming to Mumbai next week for some business and would love to catch up with you.

Last week I was in Delhi and I stayed with Nishtha for two days. We missed you a lot! We tried calling you but both of us didn't have your new number, so please share that so that I can keep you updated with all the gossip. On the first day, we explored India Gate for some amazing views and vibes, and the next day, we went to Old Delhi, close to Jama Masjid, and explored the narrow streets where old craftsmen used to work.

I then went to Goa and stayed in a hostel named Anda (just keeping the same hostel name). It was a great one! The dorms were quite clean. There was live music at night and I sang my heart out. They even sang your favorite song “Hotel California”. I met some crazy people, took my time to catch up with my books, and ate all the Goan food I could. It was a much-needed trip. I can't wait to share all the crazy stories with you.

Let me know how things are with you. How’s Mumbai treating you?

Miss you loads. Waiting for your reply!

Big hugs,
GrishaRead the given email and mention all the places that Grisha visited in bullets and explain in not more than 100 words what all happened in those locations. No introductory line should be there in the response.",Prompt,"* **Delhi:** Grisha stayed with Nishtha for two days, exploring India Gate for views and vibes, and visiting Old Delhi near Jama Masjid to experience the narrow streets and old craftsmanship. They tried to contact Laura but couldn't reach her new number. * **Goa:** Grisha stayed at a hostel named Anda, enjoyed clean dorms, listened to live music, sang, and indulged in Goan food. They met interesting people, read books, and took a relaxing trip.","- India Gate, Delhi - Visited India Gate for views and vibes. - Old Delhi - Explored narrow streets near Jama Masjid, visited old craftsmen. - Goan hostel (named Anda) - Stayed, enjoyed live music, sang heart out, met crazy people, caught up with books, ate Goan food..",5,5,5,5,5,4,5,5,5,4,1,5,5,5,5,5,5,5,2,"It missed the specific detail about staying with Nishtha and the attempt to call Laura, which were notable events mentioned in the email.",4.89,4.44,TRUE,
Y,Use Case 6: Personalization,Generative,"
19_AttickGil:
Hi everyone. I'm working on a college project and doing my research on financial boundaries in friendship. This is a real life scenario that I'm considering. Would love to get your opinions on this one.
So, here's the situation:
Sarah (my friend from Hyderabad) recently came to Bangalore. We went to the movies to watch the latest Final Destination that's only meant for ages 18 and up. We went on March 28th, 2025 (03/28/2025) for a 5:00 P.M. show. I bought the tickets and the popcorn, because she didn’t have cash and it was  billed to my credit card and the total was Rs. 4000 (including the food we bought later). We got our tickets on our emails (tina@gmail.com and sarah_adams@gmail.com) as well as phone numbers (786-443-5678 & 998-345-2290), so I know she has seen the total ticket costs and I hope has understood that the food was also expensive. We are going out for dinner again tonight at 21:00 hours, so I was thinking of asking her to pay as that will make up for the difference in cost. But would that look cheap and rude of me?

282_Sammygives2:
This is an interesting case for your project but please leave out specific phone numbers for obvious reasons. And ya, I think you should pay for it! She must’ve spent money on her tickets to come to Bangalore.

Officescranton_beetsalways:
I get that she has come to visit but I think friends should split costs, because the economy is rough. But if this is the only time you have spent money outside in a while, then I think you should let it be. 
As part of my college project based on financial boundaries in friendship, I'm using this chat as an example. Can you refine it and make it sound more analytical while keeping the conversational tone intact?
Also, avoid adding any introductory sentence in the response.",Prompt,"The scenario presents a nuanced situation regarding financial boundaries within a friendship, particularly when one person incurs expenses for another, especially during a visit. The core question revolves around the appropriateness of requesting reimbursement for shared expenses, specifically after covering the cost of movie tickets and food. From a financial standpoint, it's understandable that Sarah, having traveled to a new city, might have limited readily available cash. The fact that she agreed to the outing and received digital confirmation of the costs suggests an awareness of the financial transaction. The purchase of tickets and popcorn by AttickGil represents a significant upfront cost, which could be considered a form of hospitality. The subsequent dinner plans further complicate the situation. The potential perception of ""cheapness"" or ""rudeness"" is a key element of the social dynamic. However, framing the situation through the lens of equitable cost-sharing, a common principle in many friendships, provides a more neutral perspective. The current economic climate, as noted, can influence financial sensitivities, making discussions about expense splitting more relevant. AttickGil’s reasoning – that the dinner will “make up for the difference” – highlights an attempt to address the imbalance. A more analytical approach would consider whether the expectation of reimbursement is reasonable given the context of a friendly visit and the pre-existing agreement (implicitly or explicitly) regarding cost sharing. The digital confirmation of costs strengthens the argument for a discussion about reimbursement, as it reduces ambiguity regarding the financial arrangement. Ultimately, the outcome will likely be shaped by the existing friendship dynamics and Sarah's financial situation and willingness to engage in a potentially delicate conversation. The scenario offers a valuable opportunity to explore the complexities of financial boundaries and communication within close relationships, which aligns well with a college project on the topic.","Certainly, here's a revised version: Sarah (my friend from Hyderabad) recently came to Bangalore and we watched a movie together on March 28th, 2025. I bought the tickets and popcorn, billed to my credit card, totaling Rs. 4000. We have both seen the total cost via our emails and phone numbers. Considering our dinner plans tonight, I'm contemplating asking her to cover her share of the movie expenses to balance out costs, as the food is expensive too. However, I'm concerned about appearing cheap or rude. What do you think? Sammygives2: This scenario is quite interesting for your project on financial boundaries in friendship. It's important to note that sharing costs can be seen as a gesture of fairness, especially given the economic situation. However, if this is the rare occasion where Sarah has spent money outside recently, it might be considerate to let her enjoy without additional pressure. Balancing financial boundaries in friendships often requires considering both fairness and the context of each situation. Officescranton_beetsalways: Sarah coming to visit is wonderful, but I believe in splitting costs among friends to avoid financial strain on any one individual. If this has only been a rare occasion for Sarah to spend money recently, it might be kind to let her enjoy the experience without feeling pressured to pay. Balancing financial contributions in friendships can help maintain mutual respect and understanding, especially when considering economic challenges. I hope these responses help refine the conversation and keep it analytical yet conversational, while avoiding any introductory sentences..",4,5,4,5,5,5,5,N/A,N/A,4,1,3,4,5,5,2,N/A,N/A,2,Edge failed significantly on the instruction-following aspect.,4.71,3.43,TRUE,
Y,Use Case 6: Personalization,Generative,"Welcome to Entertainment Daily!
Your daily dose of celebrity news, entertainment gossip, and red-carpet moments starts here. From Hollywood premieres and music award shows to exclusive interviews and trending social media buzz, Entertainment Daily keeps you updated on everything happening in the world of fame and glamour. Catch breaking stories, behind-the-scenes scoops, and style updates from your favorite stars all in one place. Whether it’s movie releases, celebrity feuds, or viral fashion looks, we’ve got it covered, fresh and fast!I’m an intern at a small gossip magazine in Mumbai and have to create the homepage for our website. Based on the content given, can you help me write an article about Angelina Jolie's latest red carpet looks?

Please make sure to not include an introductory sentence in the response.",Prompt,"## Angelina Jolie: Red Carpet Royalty - A Look Back at Her Latest Glamour Angelina Jolie continues to be a style icon, consistently turning heads on the red carpet. Here’s a rundown of some of her most recent and memorable looks that have been making waves. **[Insert Image: Angelina Jolie at a recent premiere - e.g., *Maleficent: Mistress of Evil*]** At the premiere of *Maleficent: Mistress of Evil*, Angelina embodied regal elegance in a stunning [Describe the dress – e.g., black Atelier Versace gown]. The gown featured [Describe key details: e.g., intricate embellishments, a plunging neckline, dramatic silhouette] and perfectly complemented her signature look. Her [Describe hair/makeup – e.g., sleek, pulled-back hair, subtle smokey eye makeup] completed the polished ensemble, solidifying her status as a red carpet queen. **[Insert Image: Angelina Jolie at another recent event - e.g., a humanitarian gala]** More recently, Angelina graced the [Name of event - e.g., UN Humanitarian Forum] in a [Describe the outfit – e.g., chic, minimalist ensemble]. She opted for a [Describe the outfit – e.g., tailored pantsuit, elegant midi dress] in a [Describe color/pattern – e.g., sophisticated neutral tone, bold print]. The look was understated yet impactful, highlighting her confident and powerful presence. [Mention accessories - e.g., delicate jewelry, pointed heels]. **[Insert Image: Angelina Jolie at a previous event – e.g., Oscars]** Flashback to the Academy Awards! Angelina stunned in a [Describe the dress – e.g., shimmering, emerald-green gown] at the [Year] Oscars. The [Describe the dress - e.g., flowing silhouette, subtle sparkle] was a standout moment, drawing compliments from fashion critics and fans alike. She accessorized with [Mention accessories - e.g., diamond earrings, a clutch] adding to the overall glamorous effect. **[Insert Image: Collage of various red carpet looks – showcasing a variety of styles]** Angelina Jolie's red carpet fashion consistently showcases her ability to adapt to trends while maintaining her distinctive style. From dramatic gowns to sophisticated separates, she proves she's always a force to be reckoned with, and always delivers a captivating look. Keep an eye out – we're sure she’ll have more stunning appearances coming soon!","Angelina Jolie continues to set trends with her latest red carpet appearances. At the premiere of ""Malone"", Jolie dazzled the audience in an exquisite custom-designed gown by Diane von Furstenberg. The gown featured a plunging neckline and intricate lace detailing, perfectly complementing Jolie's bold and striking presence. She paired the stunning dress with a pair of high-heeled Valentino sandals and a statement necklace from Pandora, adding an extra pop of glamour to her ensemble. In another red carpet event, Jolie graced the Met Gala in a breathtaking gown by Alexander McQueen. This stunning piece featured a dramatic silhouette, with a voluminous skirt and a fitted bodice adorned with sequins. Jolie's choice of accessories included a clutch from Chanel and a pair of Jimmy Choo pumps, making her look effortlessly chic. Jolie's red carpet style continues to be a mix of bold fashion choices and impeccable accessorizing, making her a true fashion icon. Whether it's a classic Chanel gown or the latest Alexander McQueen creation, Jolie knows how to turn heads and make a statement with her red carpet looks. Stay tuned for more updates on Jolie's glamorous fashion choices and other celebrity style trends!!",5,4,5,4,5,5,5,N/A,N/A,3,4,4,3,5,1,4,N/A,N/A,2,No movie called Malone starring Angelina Jolie,4.71,3.43,FALSE,
Y,Use Case 6: Personalization,Generative,#REF!,Prompt,"The `#REF!` error in Excel (and other spreadsheet programs) means that a cell contains a formula that refers to a cell or range of cells that no longer exists. In simpler terms, the formula is trying to look at something that's been deleted or moved. Here's a breakdown of what causes it and how to troubleshoot it: **Common Causes:** * **Deleted Cells/Rows/Columns:** The most common cause. You've deleted a cell, a row, or a column that the formula depends on. * **Moved Cells:** You've moved a cell, and the formula hasn't been updated to reflect the new location. * **Book Corruption:** Rarely, the workbook itself might be corrupted. * **Circular Reference:** A formula that refers back to itself (directly or indirectly) can also cause a #REF! error. * **Formula Errors:** The formula itself contains an error, leading to a broken link. * **Pivot Table Issues:** Sometimes, issues within pivot tables can trigger this error. * **VBA Issues:** If you have VBA macros, a problem in the macro could be causing the error. **Troubleshooting Steps (What to do to fix it):** 1. **Identify the Problem Cell:** The `#REF!` error is clearly visible in the cell where the error is occurring. This cell is your starting point. 2. **Look at the Formula:** * **Click the cell with the `#REF!` error.** Excel will often display the formula in the formula bar. * **Examine the formula carefully.** What is the formula trying to reference? (e.g., `A1`, `Sheet2!B5`, a cell range like `A1:A10`). 3. **Find the Referenced Cell:** * **Locate the cell or range of cells the formula is referencing.** This is where the problem lies. * **Check if the referenced cell(s) still exist.** Has it been deleted? Moved? Rename? 4. **Correct the Formula:** Based on what you find in steps 2 and 3, do one of these: * **If the cell was deleted/moved:** Update the formula to reflect the new location of the referenced cell. For example, if `B2` was deleted and the formula referenced `B2`, change the formula to refer to the next available cell or a new cell. * **If a cell range is missing:** Adjust the range to include the correct cells. For example, if the formula was `A1:A10` and you deleted `A5:A7`, change it to `A1:A4` or `A8:A10` depending on what you need. * **Check for typos:** Make sure there are no errors (typos) in the formula itself. * **Correct Circular References:** If you suspect a circular reference, you'll need to analyze the formula to identify where the circular dependency is occurring and fix it. This can be tricky. 5. **Check Pivot Tables:** If the error appears in a cell within a pivot table, ensure the pivot table is configured correctly and that its data source is valid. Refresh the pivot table. 6. **Restart Excel:** Sometimes, a simple restart can resolve temporary issues. 7. **Workbook Recovery:** If you suspect corruption, try opening the workbook in Excel's Recovery Mode. (File > Open > Browse, and select the workbook. Excel might ask if you want to recover the workbook. This can sometimes salvage data.) You can also try using Excel's built-in repair feature (File > Open > Repair). **Example:** Suppose you have a formula `=SUM(A1:A5)` in cell `B1`, and cell `A3` was accidentally deleted. You'll see a `#REF!` error in `B1`. * **Formula:** `=SUM(A1:A5)` * **Referenced Cell:** `A3` (which is now missing). * **Solution:** You have a few options: * **Option 1 (Simple):** If `A3` was meant to be part of a sequence, you could change the formula to `=SUM(A1:A2,A4:A5)`. * **Option 2 (If you know the data):** If you know that the value in `A3` was something specific (like 10), you could replace it with `B1 = SUM(A1:A5, 10)`. * **Option 3 (More Complex):** If the deleted cell was important for a larger pattern, you might need to restructure the formula to accommodate the missing data. **To help me give you more specific advice, could you tell me:** * **What is the formula in the cell with the `#REF!` error?** (Even a partial formula is helpful.) * **Where is the error located (which cell)?** * **What were you doing when the error appeared?** (Deleting cells, moving rows, etc.)","It seems like you might have started typing something but haven't provided a clear instruction. How can I assist you today? If you have a specific question or need help with something, please let me know!!",5,5,5,5,5,5,5,N/A,N/A,1,4,1,1,5,1,1,N/A,N/A,2,Edge did not recognize the prompt as a technical query.,5.00,2.00,FALSE,
Y,Use Case 6: Personalization,Generative,"Here's our simple 3-day itinerary for a trip to London!

Day 1 - 14th August: Travel to London
7:00 AM - Rosie and Lily depart from Rome.
Take a flight from Rome Fiumicino Airport (FCO) to London Heathrow (LHR).
Flight duration: 2 hours 30 minutes.
Flight details: Ryanair, Flight #FR1050.
Email contact: Rosie (rosie@email.com), Lily (lily@email.com)
Phone contact: Rosie: +39 333 555 1234, Lily: +39 333 555 5678.
9:30 AM - Arrive in London Heathrow.
Take a taxi to the hotel and check-in.
12:00 PM - Lunch at a nearby café.
Enjoy some local dishes and relax.
2:00 PM - Explore Central London.
Visit Buckingham Palace, Big Ben, and the London Eye.
6:00 PM - Dinner at a restaurant in Covent Garden.
8:00 PM - Return to hotel and rest for the night.

Day 2 - 15th August: Backstreet Boys Concert
9:00 AM - Breakfast at the hotel.
10:00 AM - Visit Tower of London.
Spend the morning exploring this historic site.
1:00 PM - Lunch at Borough Market.
Enjoy delicious street food and local snacks.
3:00 PM - Free time for shopping or visiting any sights.
5:30 PM - Early dinner at a nearby restaurant before heading to the concert.
7:00 PM - Leave for Wembley Stadium.
Arrive at Wembley Stadium by 7:30 PM.
8:00 PM - Attend the Backstreet Boys concert.
Event organizer contact: Wembley Event Coordinator, Sarah Miller.
Phone: +44 20 8900 5500.
Email: sarah.miller@wembleystadium.co.uk
11:00 PM - Return to the hotel after the concert.

Day 3 - 16th August: Relax and Explore
9:00 AM - Breakfast at the hotel.
10:30 AM - Visit the British Museum.
1:00 PM - Lunch at a café near the museum.
3:00 PM - Take a boat tour along the River Thames.
6:00 PM - Return to the hotel, pack, and check out.
7:30 PM - Depart for Heathrow Airport.
Flight back to Rome (Flight #FR1051).
9:30 PM - Arrive back in Rome.I am a travel content creater. I have about 25K followers, and most of them are  Gen Z - between the ages of 19-26. I want you to create two posts about any of the two tourist places mentioned here. The image for all photos will be Me in a red dress or Me in a blue dress with the tourist destination as a backdrop. Don't use more than 50-60 words for the post. And do not add any itnroductory lines like ""Here are the two instagram posts about London for your Gen-Z followers""",Prompt,"## Post 1: Tower of London 🏰 **(Image: You in a red dress with the Tower of London in the background)** Step back in time at the Tower of London! 👑 From royal history to Crown Jewels, this place is seriously captivating. Explore its stories, meet the Yeoman Warders, and snap Insta-worthy pics. A must-see for any London trip! #TowerOfLondon #LondonHistory #Travel ## Post 2: London Eye 🎡 **(Image: You in a blue dress with the London Eye in the background)** Panoramic views of London? YES PLEASE! 🤩 The London Eye is the perfect spot for epic photos and breathtaking cityscapes. Ride high, soak it all in, and make unforgettable memories. #LondonEye #LondonViews #TravelGoals","Post 1: ""Feeling so inspired after my visit to the iconic British Museum! The art, the history, and the sheer beauty blew my mind. Can't wait to share more of my adventures soon! #BritishMuseum #TravelGoals #RedDress"" Post 2: ""Sitting by the River Thames on a boat tour was pure magic. The city lights reflecting on the water, the calmness of the river, and the stunning skyline of London all combined to create a perfect evening. #RiverTides #RedDress"" Note: The image for both posts will feature me in a red dress with the respective tourist destination (British Museum or River Thames) as the backdrop. The posts are concise, capturing the essence of the experience and appealing to the Gen Z audience..",5,5,5,5,5,5,5,N/A,N/A,4,1,5,5,5,5,3,N/A,N/A,3,,5.00,4.00,TRUE,
Y,Use Case 6: Personalization,Generative,"Subject Line: International Dance Competition 2025 (Ages 25+)
Date: December 24, 2025
Time: 14:30 - 18:30 (IST)
Venue: Grand Arena, Dr. Annie Besant Road, Worli, Mumbai, Maharashtra 400018, India

Dear Rhea!
Congratulations! Your Registration is Confirmed!

Participant ID: NMYU78654
Event Location: Grand Arena, Mumbai
Event Date: 12/24/2025
Event Time: 14:30 – 18:30 IST
You’ve successfully registered for the event. Check your inbox for more details!
For additional queries: registration@dancecompetition.com

Thank you!Based on the given email, can you please draft a newspaper advertisement from a PG hostel for participants looking for any accommodation arrangements for those who don't stay in Mumbai? I am a broker and am looking to lease a house for a short period during the dance competition. 

Ensure that there isn't an introductory sentence in the response?",Prompt,"## Need Accommodation for the International Dance Competition? **Don't miss out on the excitement of the International Dance Competition 2025 (Dec 24th)!** Are you participating in the event but don't have accommodation in Mumbai? [Your PG Hostel Name] offers comfortable and convenient housing options for dancers coming from out of town. * **Short-term leases available:** Perfect for the duration of the competition (December 24th). * **Affordable rates:** We offer a range of options to suit your budget. * **Convenient location:** [Briefly mention your hostel location - e.g., close to Worli, easy access to public transport]. * **Friendly environment:** A supportive atmosphere for dancers. **Contact us today to book your stay!** [Your Phone Number] | [Your Email Address] | [Your Website/Social Media Link (optional)] **Don't let accommodation worries overshadow your performance!** --- **Disclaimer:** *I am an AI chatbot and cannot provide financial advice. This advertisement is based solely on the information provided in the email. Please verify all details directly with your hostel provider.*","**PG Hostel Accommodation Notice** Attention Dance Competition Participants! If you are staying in Mumbai and need accommodation arrangements, look no further! Our PG Hostel offers comfortable lodging options for all attendees of the International Dance Competition 2025 (Ages 25+). We have a range of rooms and dormitories available to suit your needs. As a broker, you might need temporary lodging while you search for a house to lease during the competition. Our hostel can provide a convenient and cost-effective solution for your accommodation needs. For more information and to secure your stay, please visit our hostel website or contact us directly. Best regards, The PG Hostel Team Team",5,4,5,5,5,5,5,N/A,N/A,2,3,2,4,5,3,4,N/A,N/A,2,"Edge failed significantly on the ""Instruction Following"" aspect by misinterpreting the relationship between the broker and the participants.",4.86,3.29,FALSE,
Y,Use Case 7: Sentiment Analysis,Classification,"Google Reviews for the Grand Shalimar Hotel and Bar are given below:
Ashnoor (3.5 Stars): The service is terrible here. I have been to so many seafood restaurants but never have I had to wait for 45 minutes for my food to come. The servers were also not listening and kept saying 15 minutes. Despite this I think the food is fantastic and only if you have the patience of a saint and all the time in the world should you be going here to eat. 

Tanvi (1 star):  The Grand Shalimar in Ville Parle Worst experience ever!!!! The hospitality here is terrible, they didn’t even serve us water. The person who was taking orders was not even focused on getting our order, we waited for one hour although it was already rushed but still one hour wait is too much once you got the table… I will never recommend this restaurant…

Prashant (3 stars): Ambience of the restaurant is alright . When you enter the restaurant you can hear an old jukebox play nostalgic marathi songs in the background which transports you immediately to Kolhapur. Instead of water the waiter served us some Solkadi in a small glass. We ordered the Star mutton thali, Kala Mutton Thali, Fried surmai. When we were waiting we realised that the so called Authentic Maharashtrian grand shalimar wasn’t that authentic, the servers didn’t know Marathi, the cook believed that if they make the food spicy it can become Kohlapuri, the taste of this food was alright but the authentic taste of Kohlapur was missing. It felt like some guy from another state was trying his hand at cooking Kohlapuri food, which was just average. I would suggest better options like Chul Mutton and Gajalee instead. 

Tamini (3.5 Stars): This has the best Surmai Thali in the city, hands down. But the service is also the worst in the city, hands down. I don’t know whether to recommend or to ask them to shut shop. 

Supriya (1 star): Very disappointed. We went for my father’s birthday and hated every bit.
The service was so poor and food so average that we felt the restaurant should be named ""Bland Shalimar"". The Star Mutton thali was only spicy and we could taste nothing else of value in it. The Surmai thali was amazing, but the rest of the food, including the Chinese was terrible. The soups were salty, the fried rice had too much oil, and everything was very unprofessional. 
Service was very sad and slow. We feel either the staff couldn't understand what we said or they were deaf. Rice came at least 10 minutes after the daal. This truly felt like the worst birthday we could give our father. 

Trimul (2 Star): As my father says “Food should go from your heart to your belly, and not make you want to quickly extract it from your belly”. Unfortunately this food is the second part. Based on the given reviews, can you give me a summary of Trimuls' feelings about the Hotel.  Do not add a paragraph introduction like ""Here is the summary of Trimul's comments""",Prompt,"Trimul's feelings about the Grand Shalimar Hotel are overwhelmingly negative. He expresses disappointment with the food, stating it doesn't feel heartfelt and makes one want to quickly get rid of it. This sentiment indicates a poor quality of food that did not satisfy him. He echoes the general dissatisfaction expressed by other reviewers, suggesting a lack of care and effort put into the cooking.","Trimul's review reflects a negative experience with the Grand Shalimar Hotel and Bar. Trimul expresses disappointment, stating that the food did not meet expectations, as it felt like the food was trying to leave the belly quickly rather than being enjoyable. This indicates dissatisfaction with both the taste and quality of the food served at the restaurant. Trimul's review is rated at 2 stars, suggesting a below-average experience overall..",N/A,N/A,N/A,N/A,N/A,N/A,N/A,N/A,5,N/A,N/A,N/A,N/A,N/A,N/A,N/A,N/A,5,5,,5.00,5.00,TRUE,
Y,Use Case 7: Sentiment Analysis,Classification,"Sahil and Sameer decided that tonight was the night. The night they finally go find the Ghost of Denna Terrace. Denna Terrace was a building that was a 10 minute walk from their house. Mumbai usually doesn’t even have space to breathe, let alone space for Ghosts, but Sahil had convinced Sameer that Deena Terrace had a ghost, everyone spoke about it, everyone mentioned seeing a young boy dance on the rooftop at night. Some have even heard screams coming from the terrace, of children laughing and playing, but whenever someone has checked the building, they would find nothing. “Do you think we will spot Bablu today?” Sahil said. “Bablu?” Sameer looked quizzically towards Sahil. “Ya, Bablu, the Deena Terrace Ghost. That is his name”. “How do you know, Sahil?” “I just know, I just know that if I meet him giving him a name may make him more friendly” Sahil said laughing nervously. “Oh then we might as well take the cricket bat and balls, then we can fully be friends only and live there” Sameer said while rolling his eyes. Sahil told him to shut up and walk quickly. Sameer really didn't want to join his brother on this adventure, he wasn't sure if it was the best place, and worried that something could go wrong in the excitement of Ghost hunting, which often happens with Sahil. They were getting late and Sahil knew if their mother woke up and found them missing, she will call on the city’s cops to find them. They walked through the lanes of Dadar, to reach a dilapidated building. They both were feeling unsure once they saw the place. “I.. I don’t know if we should go in in” Sameer said. He was shuffling outside and seemed to be turning away from the building, almost like he was going to speed walk out of there. “Why not, we can go till the terrace and see, it isn’t a tall building. I mean to some extent it looks like our school, just with a lift. So maybe an actual upgrade”. The building looked old, was browning and some windows in some of the houses were broken. Just as Sahil was about to step into this breaking structure, they both heard sounds of laughter coming from a distance. After reading the paragraph, determine what is Sahil's sentiment towards how his school looks? He thinks it is attractive, it is mostly great, it is old. Avoid introductory sentences, for eg: Here is what the sentiment of Sahil is about his school",Prompt,"He finds it somewhat appealing due to the presence of a lift, suggesting an upgrade from their school.","Sahil thinks his school looks attractive, mostly great, and old..",N/A,N/A,N/A,N/A,N/A,N/A,N/A,N/A,2,N/A,N/A,N/A,N/A,N/A,N/A,N/A,N/A,2,3,,2.00,2.00,TRUE,
Y,Use Case 7: Sentiment Analysis,Classification,"Google Reviews for the Grand Shalimar Hotel and Bar are given below:
Ashnoor (3.5 Stars): The service is terrible here. I have been to so many seafood restaurants but never have I had to wait for 45 minutes for my food to come. The servers were also not listening and kept saying 15 minutes. Despite this I think the food is fantastic and only if you have the patience of a saint and all the time in the world should you be going here to eat. 

Tanvi (1 star):  The Grand Shalimar in Ville Parle Worst experience ever!!!! The hospitality here is terrible, they didn’t even serve us water. The person who was taking orders was not even focused on getting our order, we waited for one hour although it was already rushed but still one hour wait is too much once you got the table… I will never recommend this restaurant…

Prashant (3 stars): Ambience of the restaurant is alright . When you enter the restaurant you can hear an old jukebox play nostalgic marathi songs in the background which transports you immediately to Kolhapur. Instead of water the waiter served us some Solkadi in a small glass. We ordered the Star mutton thali, Kala Mutton Thali, Fried surmai. When we were waiting we realised that the so called Authentic Maharashtrian grand shalimar wasn’t that authentic, the servers didn’t know Marathi, the cook believed that if they make the food spicy it can become Kohlapuri, the taste of this food was alright but the authentic taste of Kohlapur was missing. It felt like some guy from another state was trying his hand at cooking Kohlapuri food, which was just average. I would suggest better options like Chul Mutton and Gajalee instead. 

Tamini (3.5 Stars): This has the best Surmai Thali in the city, hands down. But the service is also the worst in the city, hands down. I don’t know whether to recommend or to ask them to shut shop. 

Supriya (1 star): Very disappointed. We went for my father’s birthday and hated every bit.
The service was so poor and food so average that we felt the restaurant should be named ""Bland Shalimar"". The Star Mutton thali was only spicy and we could taste nothing else of value in it. The Surmai thali was amazing, but the rest of the food, including the Chinese was terrible. The soups were salty, the fried rice had too much oil, and everything was very unprofessional. 
Service was very sad and slow. We feel either the staff couldn't understand what we said or they were deaf. Rice came at least 10 minutes after the daal. This truly felt like the worst birthday we could give our father. 

Trimul (2 Star): As my father says “Food should go from your heart to your belly, and not make you want to quickly extract it from your belly”. Unfortunately this food is the second part. Trimul has put a comment here, what emotion do you think they are trying to express? Choose from Dissapointment, frustration, or Anger",Prompt,"Based on the quote ""Food should go from your heart to your belly, and not make you want to quickly extract it from your belly,"" Trimul is expressing **frustration**. Here's why: * **Frustration** implies annoyance and dissatisfaction, but not necessarily outright rage. The quote conveys a sense of disappointment that the food wasn't enjoyable, leading to a negative physical reaction. It's a nuanced dissatisfaction. * **Disappointment** is a possibility, but the strong phrasing (""quickly extract it from your belly"") suggests a more intense negative feeling than just disappointment. * **Anger** is less likely. While Trimul is clearly unhappy, the tone isn't overtly aggressive or accusatory, which is characteristic of anger. The quote is more about a feeling of being let down.","Trimul appears to be expressing a combination of frustration and disappointment. Their comment highlights a dissatisfaction with the food, indicating that it didn't meet their expectations and negatively affected their experience. The tone suggests a sense of frustration with how the food made them feel physically, which aligns more closely with frustration. However, the overall tone of disappointment and dissatisfaction is clear. Anger is not explicitly evident in the comment, but it could be inferred as a secondary emotion given the strong negative feelings expressed..",N/A,N/A,N/A,N/A,N/A,N/A,N/A,N/A,5,N/A,N/A,N/A,N/A,N/A,N/A,N/A,N/A,4,2,Chrome provided a clearer logical differentiation between the three options provided.,5.00,4.00,TRUE,
Y,Use Case 7: Sentiment Analysis,Classification,"“Remember, he may be the love of your life, but I am your soulmate” - This is what Meredith is told by her best friend Cristina in this show Grey's Anatomy. And I think I have spent my life believing that about my best friend, Kashmesa. I would always joke with everyone that when I am old and graying, the only person who will be beside me is her, because where else will she want to go?

While this feeling has deeply changed as we have grown up, the change was that I have fewer friends as an adult and she has the whole world as her oyster to befriend. But what has not changed is that she still is my soulmate, my north star. I have seen her grow from doodling in her notebook, to making art at her home, to now having shows all across the globe. I think her latest ""Shadows of the Sun"" truly made her stand out as an artist. The detailed work that went into creating this giant piece, that took inspiration from countless stories in our hometown of Kanduli, is a testament of what Kanduli stands for and what young girls can achieve if they rebel. She has been praised for her use of mixed media, from graphic to using oil on canvas to really breathe life into the piece, but my favorite part about Shadows is that she used pieces of Kanduli from stories to real rocks to create a masterpiece. She used her voice, and the voice of 20 other girls and women to create this. Maybe I am biased, but if you havent seen her work yet, you are deeply missing out. 

What I have understand is that I understand the world and relationships through this base, everything that I love and hold dear comes from Kashmesa. I believe that as I grew up I started embodying her fierceness, her zest for life, and her love for Pani puri. Silly as it is, when I realised I started loving Mumbai Pani puri over Delhi’s aloo pani puri, I knew a fundamental shift happened and only Kashmesa could do this. Maybe you don’t need a lavish bungalow or a big job, or a life in the mountains or a life near the beach. Maybe all we need is a best friend who has our back through life, and thank God I do. Kashmesa, Happy birthday, I love you no matter what. This caption seems to have some core feelings, what do you think those feelings are based on reading it? Choose from Friendship love, Saddness for lack of success, or confusion about life. Ensure you don't add any introductory sentences. ",Prompt,"Friendship, love.",Friendship and love..,N/A,N/A,N/A,N/A,N/A,N/A,N/A,N/A,5,N/A,N/A,N/A,N/A,N/A,N/A,N/A,N/A,5,5,,5.00,5.00,TRUE,
Y,Use Case 7: Sentiment Analysis,Classification,"Reviews for the Victoria German Stainless Steel Knife:

Tasha (5 star) : I chuckled and likely scoffed at getting a tomato cutting knife. But after I cut that first slice, just like that I knew I would run a marathon to the Amazon office if I had to to buy more knives. That blade is just fantastic 
Montro (2 star): Who needs the knife blade when the knife comes only with a holder? Why doesn’t this ridiculously stupid company shut already?
Esther (4 star): Told me friend Aaron “If you want to cut a body or a potatoe, this is your BEST bet. It is sooo sharp” Aaron quipped “Sharper than Einstein’s brain maybe”. And I don’t disagree, I have not found a better knife than this one. The closest one can compare the handle (not the blade) to is the Viascoma 387. There is nothing that comes this cheap that compares to this blade. 
Taniya (3 star) : I know for a fact that this is the best knife out there and I absolutely love it. I think it is the way the handle feels on my hand, and the way the blade just feels like it is always cutting butter, smoooooth
Annish (5 star): Pretty satisfied and excited to slice some thin tomatoes. Because the hype about the blade and that human perfect handle, is insane!Please summarize the sentiment that arises in Esther's comment? Avoid the use of sentences that seem like they are introducing the answer like ""Here is what Esther felt about the knife""",Prompt,"Esther's comment conveys a strong sense of satisfaction with the knife's sharpness and versatility. She enthusiastically recommends it for a wide range of tasks, from everyday potato slicing to more...extreme situations. Her comparison to Einstein's brain highlights the exceptional sharpness, and she emphasizes the knife's impressive performance for its low price point. She clearly believes it's a top-tier option in its category.","Esther expresses satisfaction with the knife's sharpness and effectiveness, comparing it positively to the Viascoma 387 and appreciating its affordability relative to competitors..",N/A,N/A,N/A,N/A,N/A,N/A,N/A,N/A,5,N/A,N/A,N/A,N/A,N/A,N/A,N/A,N/A,5,4,,5.00,5.00,TRUE,
Y,Use Case 8: Content detection,Classification,"Chat room conversation

Tech2Tech: Argh! I really can't believe I'm using this shitty app. This app is totally useless. It keeps crashing every minute. 
Digmind: Yeah! I don't understand what is wrong with the developers. I have emailed them about this earlier as well but I guess no action has been taken yet. They clearly don't use their brains much. 
Tech2Tech: Seriously, they should just quit their jobs if they can't do this simple thing properly. Shit heads!
Kreytech2: Whoahh guys! Calm your heads down! Why don't you simply report the bug instead of just cribbing about it?
Digmind: I already did that but nobody even replied. What else are we supposed to do? If you are one of them then do something about it!
Tech2Tech: Yeah, people like you always try to defend these shitty people and their software.
Kreytech2: Chill dude! No need to be rude!
Tech2Tech: Don't have time to chill dude! You can go and take this crap of yours somewhere else.  What is Tech2Tech trying to convey with their tone?
1. The app they are using is useless
2. The app is working fine
3. App needs to be updated
4. They are happy to use the app
Please make sure no introductory line is added to the response. ",Prompt,"Tech2Tech is expressing extreme frustration and anger with the app. Their tone is aggressive, disrespectful, and dismissive. They are conveying the following: * **Strong dissatisfaction:** They find the app utterly useless and are deeply annoyed by its frequent crashes. * **Disbelief in the developers:** They believe the developers are incompetent and lazy (""don't use their brains much,"" ""shit heads""). * **Anger and impatience:** They react with hostility to Kreytech2's suggestion of reporting a bug, demonstrating a lack of patience and willingness to find a constructive solution. * **Aggression towards Digmind:** They direct their anger at Digmind for attempting to be reasonable and defend the developers. * **Rejection of empathy/reason:** They are unwilling to ""chill"" or engage in calm discussion, opting instead for a confrontational outburst. Therefore, the tone conveys **extreme frustration, anger, and a complete lack of appreciation for the app or its developers.**",Tech2Tech is frustrated with the app's performance and is expressing dissatisfaction with its reliability. They believe the app is useless and are irritated by its constant crashing. Their tone conveys annoyance and impatience with the app's functionality..,N/A,N/A,N/A,N/A,N/A,N/A,N/A,N/A,2,N/A,N/A,N/A,N/A,N/A,N/A,N/A,N/A,4,3,Both models failed the strict MCQ format,2.00,4.00,TRUE,
Y,Use Case 8: Content detection,Classification,"I went to watch a football game between City Titans and Riverside Hawks. Both the teams had their supporters shouting and cheering for them. I was supporting Riverside Hawks. It was already half the time but none of the teams made any goals. After the break, Riverside Hawk made a goal. We were really happy and cheering for the team but suddenly one of the supporters of City Titans came to us and aggressively took our Riveside Hawk flag and said ""Shut up and sit down"" ""Women don't belong here. Go home and cook"". We were stunned and called the guards. He was instantly taken out of the ground. How would you classify the emotional intensity of the message?
1. Calm
2. Frustrated 
3. Hostile 
4, Abusive

Give the answer directly without any introductory line.",Prompt,4. Abusive,3. Hostileile,N/A,N/A,N/A,N/A,N/A,N/A,N/A,N/A,5,N/A,N/A,N/A,N/A,N/A,N/A,N/A,N/A,2,2,Edge chose a slightly weaker label and produced a glitched text output.,5.00,2.00,FALSE,
Y,Use Case 8: Content detection,Classification,"Game: War Zone 2- Team voice chat

Player 1: Can you stop missing the shot? Can you try a little bit?
Player 2: Chill! I lagged a little bit.
Player 1: You always have an excuse. Stop being useless!
Player 2: Calm down! It's just one game. You don't have to be rude.
Player 1: Bots can play better than you! Uninstall if you can't play!
Player 1: You ruin every game! Just get lost!
Player 2: Dude! It's just a game. Don't be such a jerk about it. 
Player 1: Oh! I guessed it right! You can't even handle criticism. Just grow a backbone and when you do then come back here to play the game. Till then, just get lost!Check the chat and classify it into one of these categories:
1. Verbal abuse
2. Casual & friendly 
3. Polite & professional
4. Constructive feedback


No introductory sentence is needed in the response. ",Prompt,1. Verbal abuse,Verbal abuse abuse,N/A,N/A,N/A,N/A,N/A,N/A,N/A,N/A,5,N/A,N/A,N/A,N/A,N/A,N/A,N/A,N/A,3,3,Edge's repeated word glitch,5.00,3.00,FALSE,
Y,Use Case 8: Content detection,Classification,"Parent: Why are you wasting your life? Why can't you put your life together? You just hang out with your wasted friends and hardly pass any classes. I don't understand how you're ever going to get into a nice college? What do you even expect to do with your future? You're just going to end up like your uncle. Miserable and working for a dead-end job. 
Child: I am trying.. I just feel...
Parent: Stop feeling and start doing things! Stop making excuses and go do something with your life. I don't want to see you again with your wasted friends who are good for nothing. How would you describe the parent’s tone in this interaction?
A) Supportive
B) Impolite and discouraging
C) Neutral
D) Constructive

Don't start the response with an introductory line.",Prompt,B) Impolite and discouraging.,B) Impolite and discouragingaging,N/A,N/A,N/A,N/A,N/A,N/A,N/A,N/A,5,N/A,N/A,N/A,N/A,N/A,N/A,N/A,N/A,5,4,,5.00,5.00,FALSE,
Y,Use Case 8: Content detection,Classification,"Game: War Zone 2- Team voice chat

Warking1: Can you stop missing the shot? Can you try a little bit?
Champ2war: Chill! I lagged a little bit.
Warking1: : You always have an excuse. Stop being useless!
Champ2war:: Calm down! It's just one game. You don't have to be rude.
Warking1: Bots can play better than you! Uninstall if you can't play!
Warking1: You ruin every game! Just get lost!
Champ2war Dude! It's just a game. Don't be such a jerk about it. 
Warking1: Oh! I guessed it right! You can't even handle criticism. Just grow a backbone and when you do then come back here to play the game. Till then, just get lost!Identify the messages in this conversation that is meant to demean someone.
A) ""Can you stop missing the shot? Can you try a little bit?""
B) ""You always have an excuse. Stop being useless!""
c) ""Oh! I guessed it right! You can't even handle criticism. Just grow a backbone and when you do then come back here to play the game. Till then, just get lost!""
D) ""Chill! I lagged a little bit.""

The response should not contain any introductory line. ",Prompt,"B, C, and D are meant to demean someone. * **B) ""You always have an excuse. Stop being useless!""**: This is a direct insult, calling the other player useless and accusing them of making excuses. * **C) ""Oh! I guessed it right! You can't even handle criticism. Just grow a backbone and when you do then come back here to play the game. Till then, just get lost!""**: This is highly demeaning. It mocks the player's ability to handle criticism, tells them to ""grow a backbone,"" and ends with a dismissive ""get lost."" * **D) ""Chill! I lagged a little bit.""**: While seemingly innocuous, in this context it subtly implies the other player is overreacting and being overly sensitive. It can be condescending.","B) ""You always have an excuse. Stop being useless!"" C) ""Oh! I guessed it right! You can't even handle criticism. Just grow a backbone and when you do then come back here to play the game. Till then, just get lost!""!""",N/A,N/A,N/A,N/A,N/A,N/A,N/A,N/A,1,N/A,N/A,N/A,N/A,N/A,N/A,N/A,N/A,5,2,Chrome misclassified,1.00,5.00,FALSE,
Y,Use Case 8: Content detection,Classification,"Social media post

I woke up early today to go biking through downtown but those potholes and drivers not giving space to bikers makes it really difficult to go around safely. Is it ever going to be fixed?

Driver360: Why do bikers like you think that they own the road? why don't you just follow the rules? You guys are not special alright?
Bikingaround3: I do follow all the rules. I mostly find cars not respecting the bike lanes. That needs to be fixed!
Driver360: yeah yeah! People like you just try to find reasons for attacking drivers! Trying to be cool ah? Usually bikers run the red lights and block the traffic. You guys ride like girls!
Motorhead: I don't think so! Pull the data man and see cyclists obey the traffic rules more than drivers. 
Driver360: Oh! Shut up with your data! You are all the same! Road hazards!
Bikeraround3: Can't you keep things civil?
What is the main purpose of this social media chat?
A) Discussion about road maintenance
B) Friendly conversation about biking experiences
C) Argument that includes gender-biased and demeaning language
D) Neutral discussion between bikers and drivers

Please don't add any introductory sentence in the response. ",Prompt,C) Argument that includes gender-biased and demeaning language,Argument that includes gender-biased and demeaning language language,N/A,N/A,N/A,N/A,N/A,N/A,N/A,N/A,5,N/A,N/A,N/A,N/A,N/A,N/A,N/A,N/A,5,3,,5.00,5.00,FALSE,